Exp ID,Index,Original,Reference,LM Output
M-7,0,"The exhibitions served a number of purposes - their main focus was to promote business and industry, open up new markets, and generally to outperform competitors, in an increasingly global economic market.","The exhibitions served a number of purposes. The exhibitions main focus was to promote business and industry, open up new markets, and generally to outperform competitors, in an increasingly global economic market","The exhibitions had several goals. Their main purpose was to promote business and industry, open new markets, and beat competitors in the global economy."
M-7,1,"To aid biodiversity conservation we have drawn up Habitat Action Plans (HAPs) for grassland, woodland, heathland and wetland habitats across 130 target sites in Sheffield.","To aid biodiversity conservation we have drawn up Habitat Action Plans (HAPs) for grassland, woodland, heathland and wetland habitats across 130 target sites in Sheffield.","To aid biodiversity conservation, we have created Habitat Action Plans (HAPs) for grassland, woodland, heathland, and wetland habitats. These plans cover 130 target sites in Sheffield."
M-7,2,"If notice of the sale hasn ’ t been given, the tenant can take legal action against either the old landlord, or the new landlord or both.","If notice of the sale hasn’t been given, the renter can take legal action against either the old landlord, or the new landlord or both.","If notice of the sale hasn't been given, the tenant can take legal action against the old landlord, the new landlord, or both."
M-7,3,"Norfolk Park Tenants & Residents' Association: have a go at their wide range of activities including crafts, sports and visits to exciting locations!.","At Norfolk Park Tenants & Residents' Association you can try many activities. These include crafts, sports and visits to exciting places!","Norfolk Park Tenants & Residents' Association offers many activities such as crafts, sports, and visits to interesting places."
M-7,4,"This document will now need to be formally submitted to the Local Planning Authority for approval and, after this, the fieldwork can then commence.","The document must now be formally sent to the local planing authority for approval, and then the site can be started","This document needs to be formally submitted to the Local Planning Authority for approval first. Once it is approved, the fieldwork can begin."
M-7,5,"Properties that have been constructed or adapted for use for manufacturing, repairing or adapting goods or materials, storage, working or processing of materials and generation of electricity will generally be exempt from empty Rates for any period prior to 1st April 2008.","Properties that have been built or adapted to manufacturing, repairing or adapting goods or materials, storage, working or processing of materials and generation of electricity will generally be exempt from empty Rates for any period before 1st April 2008.","Properties built or adapted for manufacturing, repairing goods, storing materials, processing materials, or generating electricity are usually exempt from empty Rates before April 1, 2008."
M-7,6,"If a ‘ relevant notice ’ from us is cancelled or reversed, then you will not have any extra protection against retaliatory eviction.","If a ‘relevant notice’ from us is cancelled or reversed, then you will not have any extra protection against unfair eviction.","If we cancel or reverse a 'relevant notice', you will not get extra protection against being evicted retaliatorily."
M-7,7,"If you have a vacancy, or are thinking about recruiting, we can find you employees for either work experience or employment.","If you have a vacancy, or are thinking about recruiting, we can find you employees for either work experience or employment.","If you have a vacancy or are considering recruiting, we can help you find employees for either work experience or employment."
M-7,8,"The Services to Schools Team are responsible for the development, co-ordination and delivery of an integrated service offer to schools.","The Services to Schools Team develops, coordinates and delivers an integrated service offer to schools.","The Services to Schools Team develops, coordinates, and delivers an integrated service offer to schools."
M-7,9,"In December 2013, affected businesses voted in a ballot with a majority in favour of the BID proposal, with a turnout of 35% and a majority of 82% on the count of votes received, and a majority of 95% on the count of rateable value of those parties that voted.","In December 2013, affected businesses voted, with a majority in favour of the BID plan, with a turnout of 35% and a majority of 82% on the count of votes given, and a majority of 95% on the count of rateable value of the groups that voted.","In December 2013, affected businesses voted on the BID proposal. A majority voted in favor. The turnout was 35%, and the majority was 82% based on the number of votes received. Additionally, the majority was 95% based on the rateable value of the businesses that participated in the vote."
M-7,10,Members were of the opinion that the DPPO is having a positive impact on reducing alcohol related anti-social behaviour / disorder in the area.,"We, the members, believe that the DPPO is having a positive influence on reducing alcohol related anti-social behaviour/disorder in the area. *",Members thought that the DPPO is helping to reduce alcohol-related anti-social behavior in the area.
M-7,11,Specific areas have been allocated for the city centre and applicants are advised to contact us for an up to date list.,Specific areas have been allocated for the city centre and applicants are instructed to contact us for an up to date list.,Specific areas have been set aside for the city centre. Applicants are advised to contact us for the latest list.
M-7,12,The Environmental Impact Assessment (EIA) procedure must be followed for certain types of development before they are granted consent.,The Environmental Jmpact Assessment (EIA) procedure must be followed for certain types of development before they are given consent.,"For certain types of development, the Environmental Impact Assessment (EIA) procedure must be followed before consent is granted."
M-7,13,"Section 47 of the Copyright, Designs and Patents Act 1988 protects plans, drawings and material submitted to Sheffield City Council which is required by law to be open to public inspection or on a public register, such as materials used for the purpose of obtaining planning consent.","Some plans, drawings and other material submitted to Sheffield City Council are required by law to be available for public inspection or to be in public records. These materials are protected by section 47 of the Copyright, designs and Patents Act 1988. They include materials used to support planning applications.","Section 47 of the Copyright, Designs and Patents Act 1988 protects plans, drawings, and submitted materials. Sheffield City Council must keep these materials open for public inspection or on a public register. This includes materials used for getting planning consent."
M-7,14,"Despite serious wartime bomb damage the area retains significant historic importance including Lady ’ s Bridge, the Old Town Hall and Courts and the remains of the castle buried in the foundations of the former Castle Market site.","The area saw serious wartime damage due to bomb falls. However, important historical landmarks including The Lady’s Bridge, the Old Town Hall and the Courts still exist today. There is also the remains of a castle buried in the foundations of the previous Castle Market site.","Despite wartime bomb damage, the area still has important historical significance. Notable historic sites include Lady's Bridge, the Old Town Hall and Courts, and the remains of the castle buried in the foundations of the former Castle Market site."
M-7,15,In addition paragraph 82 (4) gives us the right to reject expressions of interest received outside of any specified time period.,Paragraph 82 (4) gives us the right to reject any interest recieved outside of a stated time period.,Paragraph 82 (4) allows us to reject interest expressions that are received outside of the specified time period.
M-7,16,"Design should consider how the internal arrangement can help to avoid unnecessary energy demands, such as an over dependence on mechanical ventilation or artificial lighting.","Design should think about how the inside floor plan can help people not to waste energy. For example, we shouldn't use air conditioning or too many electric lights.",Design should aim to reduce unnecessary energy use by minimizing reliance on mechanical ventilation and artificial lighting.
M-7,17,"Fitted with ‘ smoke seals ’ that are usually a thin metal and rubber strip fitted around the frame, they seal against the edge of the door.",Smoke seals are usually a thin metal and rubber strip that is fit around the frame against the edge of the door.,"They are fitted with 'smoke seals,' which are typically thin strips of metal and rubber. These seals fit around the frame and close against the door's edge."
M-7,18,Houses in Multiple Occupation (HMO) licences currently apply to most HMOs that are occupied by 5 or more people on 3 or more storeys.,Houses in Multiple Occupation (HMO) licences currently apply to HMOs occupied by 5 or more people within 3 or more rooms.,HMO licenses are required for most houses where 5 or more people live on 3 or more floors.
M-7,19,"The Council has appointed 3 Independent Persons (Mr Stuart Carvell, Mr Marvyn Moore and Mr David Waxman) to help the Monitoring Officer and Audit & Standards Committee in considering complaints about Councillors and Co-opted Members.","The Council has appointed 3 people to help the Monitoring Office and Audit & Standards Committee. They are Mr Stuart Carvell, Mr Marvyn Moore and Mr David Waxman. They will be looking at complaints about Councillors and Co-opted Members.","The Council has appointed three Independent Persons—Mr Stuart Carvell, Mr Marvyn Moore, and Mr David Waxman—to assist the Monitoring Officer and Audit & Standards Committee in reviewing complaints about Councillors and Co-opted Members."
M-7,20,"We are ninth place overall and Stonewall singled out praise on mental health and social support being provided to vulnerable groups, including lesbian, gay, bisexual and trans students.","We are in ninth place overall and Stonewall particularly praised the mental health and social help being given to vulnerable groups, such as LGBT students.","We are in ninth place overall. Stonewall praised us for providing mental health and social support to vulnerable groups, such as lesbian, gay, bisexual, and trans students."
M-7,21,"A new Early Help Assessment Part 1 form, available to download here, has been produced to give brief whole family details and updates on work already undertaken with a family.",A new Early Help Assessment Part 1 form is available to download here. It has been produced to give short whole family details and updates on work already undertaken with a family.,A new Early Help Assessment Part 1 form is available here for downloading. It provides brief details about the whole family and updates on work done with the family.
M-7,22,"Sheffield Bird Study Group, South Yorkshire Badger Group, South Yorkshire Bat Group) should be approached initially for species and habitat information to inform desk studies.","Suppose you want to inform desk studies about species and habitat information. Then you should initially contact the Sheffield Bird Study Group, South Yorkshire Badger Group, South Yorkshire Bat Group) .","Sheffield Bird Study Group, South Yorkshire Badger Group, and South Yorkshire Bat Group should be contacted first for species and habitat information to help with desk studies."
M-7,23,"We have been working in partnership with Scottish Widows Investment Property Partnership Trust (SWIPPT), part of Aberdeen Asset Management, to embark on an ambitious programme of regeneration which will transform this area into one of the most desirable shopping destinations in the city centre.","We have been working in partnership with Scottish Widows Investment Property Partnership Trust, part of Aberdeen Asset Management, to start an ambitious programme of restoration. This programme will transform this area into one of the most desirable shopping venues in the city centre.","We have been working with Scottish Widows Investment Property Partnership Trust to improve this area, turning it into a top shopping destination in the city centre."
M-7,24,"To do this you can write in and send it to the individual section or member of staff at Pinstone Street, Sheffield S1 2HH.","To do this, write to the relevant section or member of staff at Pinstone Street, Sheffield S1 2HH.","You can write and send it to the individual section or member of staff at Pinstone Street, Sheffield S1 2HH."
M-7,25,"You have a stay put policy in place, so you do not need to leave your flat, however it is your choice if you wish to leave.","You have a stay put policy in place, so you don't need to leave your flat, however it's your choice if you wish to leave.","You have a stay put policy, so you do not need to leave your flat. However, it is up to you to decide whether you want to stay or leave."
M-7,26,In the Local Studies Library most of the ephemera is categorised as ‘ Miscellaneous Papers ’ and each item is allocated a number.,In the Local Studies Library most temporary documents are categorised as ‘Miscellaneous Papers’ with an allocated number.,"In the Local Studies Library, most ephemera is categorized as 'Miscellaneous Papers'. Each item is given a number."
M-7,27,"As part of making the Sheffield Plan, we will be carrying out a Green Belt review to identify potential areas of land which may be suitable for new homes.","As part of drawing up the Sheffield Plan, we intend to carry out a Green Belt review to find areas of land which may be suitable for the building of new homes. *",We will review the Green Belt to find land that might be suitable for new homes as part of making the Sheffield Plan.
M-7,28,"The NDF recommends a number of priority projects to deliver new housing and public realm improvements so that the area changes to become characterised as a safe, high quality and affordable area to live with housing choice, good facilities and a good location in the city.","The NDF recommends improvements to housing and public space in the area. These improvements should help the area to be seen as safe, with good and affordable housing.","The NDF suggests many important projects to build new housing and improve public spaces. These projects aim to make the area safer, higher quality, and more affordable. They also hope to provide housing choices, good facilities, and a desirable city location."
M-7,29,"Where a tenancy has ceased to be the tenant ’ s ‘ only or principal home ’, you may be able to end the tenancy without getting a Court Possession Order, so long as you follow the correct procedure.","Where a tenancy is no longer the tenant’s ‘only or primary home’, follow the right procedure to end tenancy without a Court Possession Order.","If a tenancy is no longer the tenant's 'only or principal home,' you might be able to end the tenancy without a Court Possession Order, as long as you follow the correct procedure."
M-7,30,"It will help all our children and young people to have a good quality of life and achieve good outcomes including appropriate paid employment, independent living and community participation.",It will help all our children and young people to be happy and successful.  This includes suitable paid work.  It also includes living independently and becoming an active member of the community.,"It will help all our children and young people have a good quality of life and achieve good outcomes such as appropriate paid work, living independently, and participating in the community."
M-7,31,Anyone thinking of making an application which may be affected by the new provisions is invited to discuss the application with the Registration Authority.,Please talk to the Registration Authority if you want to make an application that might be changed by the new rules.,"If you are considering making an application that might be affected by the new provisions, you are encouraged to talk about it with the Registration Authority."
M-7,32,"The project is largely funded by E.ON who pledged £500,000 to us following the demolition of the Tinsley Cooling Towers in 2008.","The project is largely funded by E.ON with a pledged £500,000 following the removal of the Tinsley Cooling Towers in 2008.","The project is largely funded by E.ON, which committed to providing £500,000 after the demolition of the Tinsley Cooling Towers in 2008."
M-7,33,"If your bin has not been emptied this may have been because there was commercial or incorrectly recycled waste in your bin, if this is the case then we will not collect your bin and will leave a tag or sticker explaining why.","If there was commercial or the wrong waste in your bin, it may not have been emptied. In that case then we will not collect your bin and will leave a tag or sticker explaining why","If your bin has not been emptied, it may be due to commercial or incorrectly recycled waste. In such cases, we will not collect your bin and will leave a tag or sticker explaining why."
M-7,34,Please include details of the technology you are using (the type of device) and we will make every reasonable effort to either remove the barrier or provide the information in a format that you find acceptable.,Please include details of the technology you are using and we will make every reasonable effort to either remove the barrier or provide the information in a way that you find acceptable.,Please provide details about the device you are using. We will do our best to remove any barriers or provide the information in a format that suits you.
M-7,35,Around a quarter of Sheffield's housing stock is social rented either from the council or registered housing providers.,Around one in every four houses in Sheffield are social rented. They are rented from either the council or from registered housing providers.,About one-quarter of the housing in Sheffield is rented either from the council or registered housing providers.
M-7,36,This has enabled local traders to help establish themselves as a constituted group and to seek opportunities for funding elsewhere.,Local sellers have been helped to establish themselves as a constituted group and to look for funding opportunities elsewhere.,This has helped local traders form a group and look for funding from other places.
M-7,37,"In most cases you can apply for two permits per household, however you can apply for a third permit and we may ask for additional information.","You can usually apply for two permits per household.  You may be allowed to apply for three.  If you do, we might ask for extra information.","In most cases, you can apply for two permits per household. If you want to apply for a third permit, we may ask for additional information."
M-7,38,If you do not wish to change your settings you can continue to report your problem and skip the map but please provide as much detail as possible about the location on the following page to help us locate your issue.,If you don't want to change your settings you can continue to report your issue and skip the map but please give all possible details about the location on the next page to help us find your issue.,"If you do not want to change your settings, you can continue reporting your problem and skip the map. However, please provide as much detail as possible about the location on the next page to help us find your issue."
M-7,39,We also offer a 12 week programme of educational support for pregnant school girls and school age mothers around the time of their baby ’ s birth.,We also offer a 12 week programme of teaching support for pregnant school girls and school age mothers around the time of their baby’s birth.,We also provide a 12-week educational support program for pregnant schoolgirls and school-age mothers around the time their baby is born.
M-7,40,"If any person is assisting you in the collection, they can only do so with the written authorisation of the promoter; however no person under the age of 16 years is permitted to act as a collector.",If anyone assists you in your collection they must have the written consent of the promoter. No-one under the age of 16 may act as a collector.,"To assist in the collection, a person needs written authorization from the promoter. Additionally, no one under 16 years old is allowed to be a collector."
M-7,41,Neighbourhood Development Plan - A plan will establish the vision and planning policies for the use and development of land in your neighbourhood.,The Neighbourhood Development Plan will outline the idea and planning policies for the use and development of land in your area.,A Neighbourhood Development Plan will establish the vision and planning policies for using and developing land in your neighbourhood.
M-7,42,It is intended to upgrade this area to the same standard as the rest of The Moor subject to available funding by the end of Summer 2015.,"If funds are available, the area will be improved to match the rest of the moor by summer 2015.","Upgrading this area to the same standard as the rest of The Moor is planned, subject to available funding, and will be completed by the end of Summer 2015."
M-7,43,The United Nations ’ Convention on the Rights of the Child also states that “All children and young people have a right to a say in any matter affecting them and for their views to be taken seriously ”.,The United Nations’ Convention on the Rights of the Child also states that “All children and young people have a right to a say in any matter affecting them and for their views to be taken seriously,"The United Nations' Convention on the Rights of the Child says that all children and young people have a right to express their opinions in matters affecting them, and their views should be considered seriously."
M-7,44,"This system is utilised to carry out data quality tasks such as: previous term adjustments, double funding queries, 2 year old compliance checks, which cannot be completed through the Provider Portal.","This system is used to carry out data quality tasks which cannot be completed through the Provider Portal. These tasks include previous term adjustments, double funding queries and 2 year old compliance checks","This system is used to perform data quality tasks such as previous term adjustments, double funding queries, and 2-year-old compliance checks. These tasks cannot be completed through the Provider Portal."
M-7,45,It is an important tool for senior leadership teams in schools to use in reviewing and evaluating current practice in terms of their 3 wave approach.,Senior leadership teams in schools find this tool useful in reviewing and evaluating current practice in terms of their 3 wave approach.,It is important for school senior leadership teams to use this tool to review and evaluate current practices in terms of their 3 wave approach.
M-7,46,"For consumers we would always advise that in the event of a complaint, contact is made with the trader by you – preferably in the form of a letter (with proof of delivery).","We advise consumers to contact the trader directly if they have a complaint. We would prefer for you to make your complaint in the form of a letter, with proof of delivery.","For complaints, we advise contacting the trader in writing, preferably with proof of delivery."
M-7,47,"Whatever your intrigue, you ’ re guaranteed to gain a further appreciation of the work of teachers and school leaders as well as the type of challenges schools face.","Whatever your interest, you’re guaranteed to gain a further understanding of the work of teachers and school leaders as well as the type of challenges schools face.","No matter what your interest is, you will gain a better understanding of teachers and school leaders, as well as the challenges faced by schools."
M-7,48,"The responsibility for notification also includes children who are not looked after and placed in a health or education placement for 3 months or more, or placed with the intention of staying for longer than 3 months.",The responsibility for notification also covers children are placed in a health or education placement for 3 months or more,"The responsibility for notification includes children who are placed in a health or education placement for 3 months or more, or who are intended to stay for longer than 3 months. It also includes children who are not looked after."
M-7,49,The Joint Strategic Needs Assessment (JSNA) provides an over-arching assessment of the current and future health and wellbeing needs of Sheffield people.,The Joint Strategic Needs Assessment (JSNA) gives an overarching assessment of  Sheffield people about their current and future health and wellbeing needs.,The JSNA gives a comprehensive overview of the current and future health and wellbeing needs of people in Sheffield.
M-7,50,"New development, including extensions to buildings, are liable and CIL is charged per square metre of additional floor space.","New development, including extensions to buildings, is liable, and CIL is charged per square metre of additional floor space.","New developments, including building extensions, are charged CIL based on the additional floor space in square metres."
M-7,51,"Where carried out, an applicant should submit a consultation supporting statement with the eventual planning application, summarising what methods have been used, representations received, and any changes made to the proposals as a result of consultations.","Applicants should submit a consultation supporting statement along with the planning application. This should summarising the methods used, the representations received, and any changes made to the proposals as a result of consultations.","An applicant should submit a summary statement with the planning application if consultations were done. This statement should include the methods used, any representations received, and changes made to the proposals."
M-7,52,We have developed a toolkit with 5 tools to support people and organisations in implementing the learning from the training.,We have developed a toolkit with 5 tools. Its purpose is to support people and organisations in applying the learning from the training.,We have created a toolkit with 5 tools to help people and organizations apply what they learned from the training.
M-7,53,This scheme is only available to Sheffield residents who either receive a qualifying benefit or are assessed to have insufficient income to meet their needs.,"This scheme is only available to Sheffield residents who either receive a qualifying benefit, or are confirmed to have low income and not capable to meet their needs",This scheme is only for Sheffield residents who receive a qualifying benefit or are found to have insufficient income.
M-7,54,The Forum is a statutory body that provides a formal channel of communication between Sheffield City Council (SCC) and Sheffield schools; and serves as a mechanism for consultation regarding the funding of schools.,"The Forum is a governing body that enhances communication, consulting and funding between Sheffield City Council (SCC) and Sheffield schools.","The Forum is a formal body required by law. It acts as a communication channel between Sheffield City Council and Sheffield schools. Additionally, it is a way for the council to consult with schools about funding."
M-7,55,"However, we are aware that there are still a number of houses that require a licence but where we have not received applications.","However, we know that there are still many houses that require a licence but where we have not received applications.","We know that some houses need licences, but we haven't received applications for them yet."
M-7,56,"We believe that young people involved in our activities are more likely to engage positively with other aspects of their education and learning, and hence the PESOL team contribute to improved attainment and achievement of young people.","We think young people involved in our activities are more likely to engage positively with other parts of their education, and thus the PESOL team promote better fulfilment and achievement of young people.","We think that young people involved in our activities are more likely to have positive experiences with other parts of their education. Therefore, the PESOL team helps improve the performance and achievements of young people."
M-7,57,"Increased density is an important sustainability aim, helping to support more sustainable patterns of growth and minimise the need to travel.",Increased density is an important sustainability aim. This aim will support more sustainable patterns of growth and minimise the need to travel.,Increased density supports more sustainable growth patterns and reduces the need to travel.
M-7,58,"Volunteers should provide an hour ’ s support per week, with a minimum commitment of 12 weeks, with the option to continue.","Volunteers should provide an hour's support per week, with a minimum commitment of 12 weeks, with the option to continue.",Volunteers should offer one hour of support each week. They need to commit to at least 12 weeks. They can continue after that.
M-7,59,"Following consultation between January and March 2017, Sheffield City Council Cabinet approved policy changes affecting all Post 16 travel and transport arrangements.","After consulting people from January to March of 2017,  Sheffield City Council Cabinet changed the way Post-16 travel and transport works","In January and March 2017, Sheffield City Council Cabinet discussed changes to the policy. These changes affect all Post 16 travel and transport arrangements."
M-7,60,"To apply for the reduction, complete the 'Partly Empty Properties Relief application form' available to download from 'Supporting documents & links', and provide a plan of your property, clearly indicating which proportion of your premises is occupied and which is unoccupied.","To apply for the reduction, complete the 'Partly Empty Properties Relief application form' available from 'Supporting documents & links'. You must  provide a plan of your property, showing which area is occupied and which is not.","To apply for the reduction, fill out the 'Partly Empty Properties Relief application form' found on 'Supporting documents & links'. Also, submit a property plan showing which part of your space is occupied and which is unoccupied."
M-7,61,You should be enrolled for the purpose of attending a full time course of Education at a college of nursing and midwifery or a college of health established by a regional Health Authority or University.,You need to enrol to attend a full-time course of Education at a College of Nursing and Midwifery or a College of Health established by a regional Health Authority or University.,"You should attend a full-time course at a college of nursing and midwifery, or a college of health recognized by a regional Health Authority or University, and be enrolled in that course."
M-7,62,We participate in the Cabinet Office ’ s National Fraud Initiative: a data matching exercise to assist in the prevention and detection of fraud.,We participate in the Cabinet Office’s National Fraud Initiative to help stop and find fraud. This is a data matching exercise.,"We take part in the Cabinet Office's National Fraud Initiative, which is a data matching exercise to help prevent and detect fraud."
M-7,63,"You can also contact Councillor Jack Scott, Cabinet Member for Community Services and Libraries by emailing jack.scott @ sheffield.gov.uk or calling 07875 014281.","You can also contact Councillor Jack Scott, Cabinet Member for Community Services and Libraries by emailing jack.scott@sheffield.gov.uk or calling 07875 014281.","You can contact Councillor Jack Scott, who is the Cabinet Member for Community Services and Libraries, by email at jack.scott @ sheffield.gov.uk or by calling 07875 014281."
M-7,64,"At least every 4 years or whenever the Council wishes to amend its Scheme, an Independent Remuneration Panel has to consider the Scheme and make recommendations to the Council.",Whenever the council wishes to change its Scheme an Independent Renumeration Panel has to think and give advice to the council.,An Independent Remuneration Panel must review the Scheme at least every four years or when the Council wants to make changes. They then make recommendations to the Council.
M-7,65,"You can print out copies of the postcards or look out for them in community venues, libraries and GP surgeries across the city.","You can print out copies of the postcards or search for them in community venues, libraries and GP surgeries","You can print out copies of the postcards or find them in community venues, libraries, and GP surgeries around the city."
M-7,66,We have traffic cameras covering the area and temporary signal arrangements integrated into the surrounding network to reduce the likelihood of delay.,We have traffic cameras covering the areas and temporary signal arrangements. This will reduce the possibility of delay.,We have traffic cameras in the area. Temporary signal arrangements are also in place to help reduce delays.
M-7,67,"Business permits are not issued for the city centre, Falding Street, Holme Lane, Loxley New Road and Vaughton Hill parking zones.","Business passes are not given for the city centre, Falding Street, Holme Lane, Loxley New Road and Vaughton Hill parking areas.","Business permits are not issued for parking in the city centre, Falding Street, Holme Lane, Loxley New Road, and Vaughton Hill."
M-7,68,The identification facility enables the radio to be ‘ identified ’ on the control room base station by showing the call sign and premises details on an LCD display.,The identification facility shows the call sign and area details on an LCD display in the control room base station.,"The identification facility allows the radio to show the call sign and premises details on an LCD display, so it can be recognized by the control room base station."
M-7,69,The boundaries have been drawn to take in as much as possible of the course of the brook and linking five distinct zones.,The boundaries have been drawn to take in as much as possible of the course of the stream and linking five distinct zones.,The boundaries include the course of the brook and connect five different zones.
M-7,70,"Our work is being delivered through the Inclusion Programme and overseen by an Inclusion Board, chaired by our Executive Director of Children, Young People and Families.","The Inclusion Programme delivers our work. This work is also overseen by an Inclusion Board. Our Executive Director of Children, Young People and Families leads the Board.","Our work is part of the Inclusion Programme and is supervised by an Inclusion Board. The board is led by our Executive Director of Children, Young People, and Families."
M-7,71,"When a Notice runs out, it ends the tenancy so you would have to leave, even if you have changed your mind, so it is important to make sure you have somewhere else to go before handing in your Notice.","The tenancy ends when a Notice runs out. This means you would have to leave, even if you have changed your mind. It is important that you make sure you have somewhere else to live before handing in your Notice.","When a Notice expires, your tenancy ends and you must leave, even if you change your mind. Therefore, it is important to have somewhere else to go before giving in your Notice."
M-7,72,"We'll use the information you give us to work out whether we can help you and, if so, how quickly we can come and visit you to assess your needs.","We will use the information you give us to see whether we can help you. If we can help you, we will check how quickly we can come and visit you to check your needs.","We will use the information you provide to determine if we can assist you. If we can, we will visit you as soon as possible to assess your needs."
M-7,73,Any shortfall in payments could then result in garage arrears and may lead to a Notice to Quit being issued for the garage.,"If you do not pay the correct amount at any time, you might owe money. If this happens, we will send you a Notice to Quit for the garage.",Any unpaid payments might cause garage arrears and could result in a Notice to Quit being issued for the garage.
M-7,74,"There is a variety of gates, stiles and footbridges available that are suitable to use on public paths that can be purchased from suppliers or built on site.","There is a variety of gates, stiles and footbridges available from suppliers or built on site that are suitable to use on public paths.","There are different types of gates, stiles, and footbridges available. They can be bought from suppliers or built on site."
M-7,75,As the Lead Local Flood Authority we have worked closely with the Environment Agency to develop the ‘ Sheffield Flood Risk Management Strategy ’.,The 'Sheffield Flood Risk Management Strategy' was built in coordination with the with the Environment Agency to build t,"As the Lead Local Flood Authority, we have collaborated with the Environment Agency to create the 'Sheffield Flood Risk Management Strategy'."
M-7,76,You must have at least three years post qualifying experience in child care social work and direct experience of adoption work.,You must have at least three years post qualifying experience in child care social work. You must also have direct experience of adoption work.,You need at least three years of working experience in child care social work and some experience in adoption work.
M-7,77,"Sheffield Star Mandarin School: provides Mandarin language, arts and fold dance tuitions to children and young people, aged 4 to 18 years.","Sheffield Star Mandarin School: provides Mandarin language, arts and fold dance teaching to children and young people, aged 4 to 18 years.","Sheffield Star Mandarin School teaches Mandarin language, arts, and fold dance to children and young people from age 4 to 18."
M-7,78,"Planning can assist in achieving this through encouraging positive action to mitigate against climate change, preserving and enhancing biodiversity and enhancing open spaces and river corridors.","Planning can assist in achieving this through encouraging positive action to fight against climate change, preserving and enriching biodiversity and creating more open spaces and river corridors.",Planning can help achieve this by encouraging actions that reduce climate change. It can also preserve and enhance biodiversity and improve open spaces and river corridors.
M-7,79,"It is really important for us to understand what ’ s happening in the housing market, and to be aware of how this may be changing.","It is really important for us to understand what’s happening in the housing market, and how this may be changing.",It is crucial for us to understand what is happening in the housing market and to be aware of any changes.
M-7,80,It's divided into different sections which can support the initial planning stages through to the later stages of delivery.,It's divided into different sections which can support the initial planning stages uninterrupted to the later stages of delivery.,It is divided into different sections that can support planning from the beginning to the later stages of delivery.
M-7,81,"Using ‘ Ground 14 ’ is an additional option to the more usual and straight forward way of ending an Assured Shorthold Tenancy using the ‘ automatic shorthold ground ’, ‘ Section 21 ’.","An additional option is using ‘Ground 14’  as an easier way of ending an Assured Shorthold Tenancy using the ‘automatic shorthold ground’, ‘Section 21’.","Using ""Ground 14"" is an extra option for ending an Assured Shorthold Tenancy, besides the usual and simpler ""Section 21."""
M-7,82,Membership grew after the riot and meetings and marches were held on a daily basis with regular disturbances in the town centre.,Membership grew after the riot and meetings,"Membership increased after the riot. Meetings and marches occurred daily, causing regular disturbances in the town center."
M-7,83,"Members of the group will take up issues on behalf of other carers at meetings with managers and then feedback to carers by direct contact, through support groups and the fostering newsletter.",Members of the group will discuss issues on behalf of other carers at meetings with managers and then report back to carers either directly or through support groups and the fostering newsletter,"Group members will discuss issues with managers on behalf of other carers. They will then tell carers about what happened through direct contact, support groups, and the fostering newsletter."
M-7,84,"The Woodland Discovery Centre has a multi-function space called the Sycamore Suite, which can be booked for meetings, events and activities.","The Woodland Discovery Centre has an area called the Sycamore Suite, which can be used for meetings, events and activities.","The Woodland Discovery Centre has a multi-purpose space called the Sycamore Suite. You can book it for meetings, events, or activities."
M-7,85,"We are committed to a ‘ test and learn ’ approach and are looking for innovative applications which, through monitoring and measurement of success and impact, can evidence what people want and what works.",We are dedicated to a ‘test and learn’ approach and are looking for new applications which can indicate what people want and what works.,"We are committed to a ""test and learn"" approach. We are looking for innovative applications that can show us what people want and what works through monitoring and measuring their success and impact."
M-7,86,"But even when we alert organisations to a tender opportunity, this will still be openly advertised in the 3 places stated above.","But even when we inform organisations to a tender opportunity, this will still be openly advertised in the 3 places stated above.","Even when we inform organizations about a tender opportunity, it will still be advertised in the three places mentioned above."
M-7,87,Where agreement cannot be reached at the compliance stage and liability orders are moved to the enforcement stage a further £235 will be added to the debt owed.,"Agreement may not be reached at the verification stage and then responsibility orders are moved to the enforcement stage. As a consequence, a further £235 will be added to the bill owed.","If agreement cannot be reached at the compliance stage and the issue moves to the enforcement stage, an additional £235 will be added to the debt owed."
M-7,88,"Regardless of the process followed, all bids are evaluated according to clear, pre-published criteria by a panel of experienced officers, and contracts will be awarded on the basis of value for money, which means a balance of quality and cost.","Despite the process, bids are assessed based on pre-published criteria by experienced officers. Contracts will be awarded on the basis of value for money- this means a balance of quality and cost.","All bids are evaluated by experienced officers using clear, published criteria. Contracts will be awarded based on the best value for money, considering both quality and cost."
M-7,89,"This is because even if you think the tenant has left, it does not mean that the tenancy is over, they may just have been away for a period of time.","This is because even if you think the tenant has left, it doesn't mean that the tenancy is over, they may have just been away for some time.","Even if you believe the tenant has left, the tenancy might still be active. They could just have been away for a while."
M-7,90,"The owners of the apparatus must have, and maintain, Public Liability Insurance cover (minimum £2 million for small apparatus and £5 million for larger type buildings / apparatus).","If you own apparatus, you must have (and maintain) Public Liability Insurance cover (from £2 million for small apparatus to £5 million for larger type buildings / apparatus).",The owners of the apparatus must have and keep Public Liability Insurance with a minimum coverage of £2 million for small apparatus and £5 million for larger buildings or apparatus.
M-7,91,"This best practice information is provided to help adult social care providers deliver high quality care, by providing ideas and links to resources.",This best practice information is provided to give adult social care providers ideas and links to resources about how to deliver high quality care.,This best practice information is provided to help adult social care providers give high-quality care. It includes ideas and links to resources.
M-7,92,"Forest School sessions run consecutively over a number of weeks in all weathers (except very high winds), at a site close to the school.",Forest School sessions run for ## weeks in all weathers (except very heavy winds) at a site close to the school,"Forest School sessions run one after another over several weeks, regardless of the weather (except very high winds), at a location near the school."
M-7,93,"Most wards kept their name and much of their current electorate, but a small number of wards had significant differences.",Most wards kept the same name and most of their voters.  A small number of wards changed a lot though.,"Most wards kept their names and many of their current voters. However, a few wards had significant differences."
M-7,94,"Two ring gullies (probably indicating the positions of roundhouses) were also identified, along with a quantity of Roman pottery, including greyware and a large mixing / or grinding bowl known as a 'mortaria'.",Draining rings probably indicate the positions of round houses. We have found two of these rings. We also found some Roman pottery. The pottery included greyware and a large mixing/ or grinding bowl. The bowl is known as a 'mortaria'.,"Two ring gullies (likely showing where roundhouses were) were found. Also, some Roman pottery was discovered, including greyware and a large mixing/grinding bowl called a 'mortaria'."
M-7,95,PV systems can vary significantly in price but prices have come down substantially since the launch of the Feed In Tariff.,PV systems can vary largely in price. Prices have come down a lot since the start of the Feed In Tariff.,"PV system prices can vary, but they have decreased a lot since the Feed In Tariff was introduced."
M-7,96,"Sarah, who also has a learning disability, made such a positive impact, that she's now implemented a number of changes to improve SoloProtect's recruitment process.","Sarah, who also has a learning disability, made such a positive impact that she's put in place a number of changes to improve SoloProtect's recruitment process.","Sarah, who has a learning disability, had a positive impact and now implements changes to improve SoloProtect's recruitment process."
M-7,97,The surveys form part of the evidence base for our proposals and have been taken into account alongside other material considerations.,Our proposals are partly based on the surveys. These surveys have been taken into account together with other material considerations,The surveys are part of the evidence for our proposals and have been considered along with other factors.
M-7,98,"Design schemes are individually tailored and include shrubs that flower at different times of the year, trees, evergreens and plants with varied foliage to provide seasonal interest, grassed areas and hard landscaping.","Design schemes are individually customised and include shrubs that flower at different times of the year, trees, evergreens and plants with varied foliage to provide seasonal interest, fields and hard landscaping.","Design schemes are personalized. They include shrubs that bloom at different times, trees, evergreens, and plants with various foliage. This provides interest throughout the seasons. They also feature grassed areas and hard landscaping."
M-7,99,"The cared for person can be helped to take part in activities outside the home, for instance at a social centre or day care centre.",The cared for person can be helped to take part in activities outside the home. For example the cared for person can go to a social centre or day care centre.,"The cared-for person can participate in activities outside the home, such as at a social center or day care center."
M-7,100,"We can also pay an equipment allowance when you first start fostering, clothing allowances when a foster child first arrives with you and mileage for exceptional journeys outside regular day-to-day travel, but decisions about these allowances are made on a case-by-case basis.","We can also pay an equipment allowance when you first start fostering , clothing allowances when a foster child first arrives with you and mileage for unexpected journeys outside regular day-to-day travel. However, decisions about these allowances are made on a case-by-case basis.",We can pay an equipment allowance when you first start fostering. Clothing allowances are given when a foster child first arrives with you. Mileage is provided for exceptional journeys outside regular day-to-day travel. These allowances are decided on a case-by-case basis.
M-7,101,"In line with the 2014 amendments to the Care Planning, Placement and Case Review (England) Regulations 2010, if you are planning on placing a child or young person in Sheffield you should consult with us.","Because of the 2014 change to the Care Planning, Placement and Case Review (England) Regulations 2010, if you are planning on placing a child or young person in Sheffield you should talk to us.","According to the 2014 amendments to the Care Planning, Placement and Case Review (England) Regulations 2010, if you plan to place a child or young person in Sheffield, you should consult with us."
M-7,102,The plan also seeks to improve the links between housing and transport infrastructure and to complement other planned and existing regeneration work in the area.,The plan also aims to improve the connections between housing and transport infrastructure. Complementing other planned and existing redevelopment work in the area is also important to us.,The plan aims to enhance connections between housing and transport infrastructure. It also intends to support other planned and existing regeneration work in the area.
M-7,103,Organisations that are planning to carry out a collection of money (or articles for sale or use) by means of visits from house to house (including business premises) where the proceeds are for charitable purposes need a licence from us.,Organisations need a licence from us if they are collecting money (or items for sale or use) by visiting houses and businesses where the money is for charity.,"Organizations planning to collect money or items for sale or use by visiting houses or business premises, for charitable purposes, need to get a license from us."
M-7,104,"As part of this commitment we have developed a strategy on Open Data which aims to publish a number of datasets in a format that can be easily manipulated and used by you, and appropriate software packages.","As part of this commitment, we have developed a strategy on Open Data. This aims to publish a number of appropriate software packages and datasets in a format that you can easily edit and use.","As part of our commitment, we have developed an Open Data strategy. This strategy aims to publish datasets in a format that can be easily used and manipulated by you and suitable software packages."
M-7,105,We have written to all tenants in tower blocks to tell them the results of the tests and we have published the letter from Sheffield University about the test results on this page.,We have written to all tenants in tower blocks to tell them the results of the tests. We have also published the letter from Sheffield University about the test results on this page.,We have written to all tower block tenants with the test results. We have also published Sheffield University's letter about the test results on this page.
M-7,106,Enterprise Car Club run the same type of service - cars located at reserved parking spaces that you can book by the hour.,Enterprise Car Club manages the same type of service in which you can book the cars located at reserved parking spaces by the hour.,Enterprise Car Club provides a similar service - cars parked at reserved spaces that you can book by the hour.
M-7,107,"Building on improvements to the Lower Don and Sheffield and Tinsley Canal, emerging SDF policies will require developments alongside rivers and the Canal to make more of their potential for wildlife and open space, public access and celebration of any heritage aspects.","Emerging SDF policies aim to build on improvements to the Lower Don and Sheffield and Tinsley Canal.  This will require developments close to rivers and the canal that should make them better for wildlife, create open spaces, improve public access and celebrate any heritage aspects of the area under development.","Building on improvements to the Lower Don and Sheffield and Tinsley Canal, new policies will encourage developments alongside rivers and the Canal. These developments should take advantage of their potential for wildlife and open space, public access, and celebrating any heritage aspects."
M-7,108,"An interim notice may only be given either by a person with a prescribed interest in the premises, or by a person connected to the former holder of the licence (normally a personal representative of the former holder or a person with power of attorney or where someone has become insolvent that persons insolvency practitioner).","An interim notice may only be given either by a person with an established interest in the premises, or by a person connected to the previous holder of the licence (normally a personal representative of the previous holder or a person with power of attorney or where someone has become bankrupt that persons bankruptcy practitioner).","An interim notice can only be given by someone with a specific interest in the premises, or by a person related to the previous license holder, such as a personal representative, a person with power of attorney, or an insolvency practitioner if the previous holder became insolvent."
M-7,109,"This made provision for revaluations every 5 years and replaced the parish as the rating authority with county boroughs, boroughs, urban and rural districts.",This made provision for revaluations every 5 years and replaced the parish. The rating authority with town and countryside areas.,"This required revaluations every 5 years. It also changed the parish to county boroughs, boroughs, urban and rural districts as the rating authorities."
M-7,110,"Each flat is a safe zone since we completed fire stopping work, which closed gaps in walls, floors and ceilings and between flats and communal areas, through which smoke could have spread into people ’ s homes.","Each flat is a safe zone since we finished fire stopping work, which closed gaps in areas which smoke could have spread into people’s homes.","Each flat is now a safe zone because we completed fire stopping work. This work closed gaps in walls, floors, and ceilings, as well as between flats and communal areas, preventing smoke from spreading into people's homes."
M-7,111,"If you ’ re educating your child at home, you can still access services including the School Nurse Service and Schools ’ Library Service.","If you’re educating your child at home, you can still access services like the School Nurse Service and Schools’ Library Service.","If you are homeschooling your child, you can still use services like the School Nurse Service and Schools' Library Service."
M-7,112,The collections of poll books are split between Sheffield Local Studies Library in the Central Library and Sheffield Archives at Shoreham Street.,The collections of poll books are split between Sheffield Local Studies Library in the Central Library and Sheffield Archives at Shoreham Street.,The poll books are split between the Sheffield Local Studies Library in the Central Library and Sheffield Archives at Shoreham Street.
M-7,113,"We provide a comprehensive approach to regeneration, generating ideas about sites or sub-areas, developing Action Plans and Regeneration Strategies, agreeing with planners and other technical experts.","We provide an all-inclusive approach to regeneration, coming up with ideas about sites or sub-areas, developing Action Plans and Regeneration Strategies, agreeing with planners and other technical experts.","We offer a complete approach to regeneration. This includes generating ideas for sites or sub-areas, creating Action Plans and Regeneration Strategies, and working with planners and other experts."
M-7,114,Samuel Holberry was sentenced to 4 years imprisonment with hard labour and died in prison at York Castle on 21 June 1842 aged 27.,"Samuel Holberry passed away at York Castle on June 21, 1842, at the age of 27, during his four years of imprisonment.","Samuel Holberry was sentenced to 4 years of imprisonment with hard labor. He died in prison at York Castle on June 21, 1842, at the age of 27."
M-7,115,This guide briefly describes the development of cinema in Sheffield and directs researchers to the most appropriate publications at Sheffield City Archives & Local Studies Library.,This guide briefly describes the development of cinema in Sheffield. It directs researchers to the most relevant articles at Sheffield City Archives & Local Studies Library.,This guide briefly describes the development of cinema in Sheffield. It also directs researchers to the most appropriate publications at Sheffield City Archives & Local Studies Library.
M-7,116,"However even a resident landlord must still serve the right notice, or wait for any contract to end, before you would have to leave.","Before you have to leave a landlord, even one who lives there must do certain things. They must either tell you that you have to leave a set time before this, or they must wait for any contract to end,",Even a resident landlord must give proper notice or wait until their contract ends before you need to leave.
M-7,117,Following a period of public consultation between 25th June 2007 and 20th July 2007 the conservation area was extended and boundary changes were adopted on 23rd October 2007.,Following a time of public consultation between 25th June 2007 and 20th July 2007 the conservation area was made larger. Boundary changes were made on 23rd October 2007.,"During the public consultation from June 25, 2007, to July 20, 2007, the conservation area was extended. The boundary changes were adopted on October 23, 2007."
M-7,118,"Through our successful Step Up to Social Work training programme you ’ ll get intensive, hands-on experience of working in a real-life social work role.","Through our successful Step Up to Social Work training programme you’ll get intensive, practical experience of working in a real-life social work role.","Through our successful Step Up to Social Work training program, you will gain intensive, hands-on experience in a real-life social work role."
M-7,119,The design of the buildings and materials used have been done to British Standards and approved by the regulatory authorities Building Control and the fire service.,The ma building design and materials used have been made to British Standards and approved by the relevant regulatory authorities including Building a control and the fire service,The buildings were designed according to British Standards. They have also been approved by Building Control and the fire service.
M-7,120,"Customary tenants, the most significant of which were copyholders, held land by an agreement made at the manor court which was entered on its roll, a 'copy' of which was regarded as proof of title.","People who rented houses, especially people called 'copyholders', made an agreement with the owner of the house at the manor court. They wrote the agreement in the court's record book. The person who rented the house got a copy of the agreement which they could show to prove that they were allowed to live in the house.","Customary tenants, like copyholders, had agreements made at the manor court. These agreements were recorded on the court's roll. A copy of this record was considered proof of their title to the land."
M-7,121,"We realise that the needs of both maintained schools and academies will change over time, and are committed to adapting our services in order to meet your school ’ s individual needs.",We realise that the needs of maintained schools and academies will change over time. We are committed to adapting our services in order to meet your school’s individual needs.,"We understand that the needs of both maintained schools and academies change over time. Therefore, we are committed to adapting our services to meet your school's specific needs."
M-7,122,"There are no indexes for material before 1930, however staff may be able to suggest ways of tracing the information you require.",Staff could suggest ways of finding the information you need even there are no records of material before 1930.,"There are no indexes for materials before 1930. However, staff may suggest ways to find the information you need."
M-7,123,"We will help you to pay the fees for residential care if we think this is the kind of help you need, and if we think you can ’ t afford to pay for it yourself.",We will help you to pay the fees for residential care if you can't afford to pay yourself and we think this is the kind of help you need.,We will help you pay the fees for residential care if we believe it is necessary and if we think you cannot afford to pay them yourself.
M-7,124,"In the modern planning system the pre-application phase is where key issues are expected to be resolved, as far as possible.",We now try to agree on the most important questions about plans to build before a planning application is sent in.,"In the modern planning system, key issues are expected to be resolved during the pre-application phase."
M-7,125,"We can normally supply copies for commercial, personal and private study purposes, subject to the usual copyright regulations.","We can usually give copies for business, personal or private study, provided the request does not break copyright regulations.","We usually provide copies for commercial, personal, and private study purposes, as long as the usual copyright regulations are followed."
M-7,126,"Most products and services may be promoted on our website, however, some specific categories of products and services are prohibited as defined below.","Most products and services may be advertised on our website, however, some specific categories of products and services are prohibited as defined below.","Most products and services can be promoted on our website. However, certain specific categories are not allowed, as listed below."
M-7,127,"It features two large square glass-cased fountains, Yorkshire stone paving and seating areas around the edge, all of which is lit up at night to create a spectacular effect.","It features two large square glass-cased fountains, Yorkshire stone paving and seating areas around the edge, all of which is lit up at night to create a lovely effect.","It has two large square glass-fenced fountains, Yorkshire stone paving, and edge seating areas. At night, everything is lit up, creating a spectacular effect."
M-7,128,"The role should be a challenge (because it ’ s important) and it can put you out of your comfort zone when you have to get to grips with new policies, procedures and problems.","The role is important and can take you out of your comfort zone, as you have to get used to new policies, procedures and problems.","The role should be challenging because it's important. It can also make you step out of your comfort zone as you learn new policies, procedures, and solve problems."
M-7,129,"We can normally supply copies for private study purposes, subject to the usual copyright and Data Protection restrictions.",We can normally give copies for private study purposes but it depends on the usual copyrights and Data Protection restrictions.,"We can usually supply copies for private study, but they must follow the usual copyright and Data Protection rules."
M-7,130,"From the late 1920s, the addition of sound to film spurred another new wave of theatres in the 1930s, with the Paragon becoming Sheffield ’ s first cinema designed in the sound era.",The Paragon became Sheffield’s first cinema that delivered sound with its picture,"Starting in the late 1920s, adding sound to films led to the creation of new theaters in the 1930s. The Paragon became Sheffield's first cinema designed for the sound era."
M-7,131,"If you are using the DPS custodial scheme, the Deposit Protection Service has more information on serving the prescribed information for deposits in the custodial scheme.","If you are using the DPS custodial scheme, the Deposit Protection Service has more information on serving the necessary information for deposits in the custodial scheme.","If you are using the DPS custodial scheme, check the Deposit Protection Service for information on serving the required information for deposits."
M-7,132,"SYFAB provide free advice to voluntary, community and faith groups about where to apply for appropriate funding for local projects.","SYFAB gives free advice to voluntary, community, and faith groups about where to apply for appropriate funding for local projects.","SYFAB offers free advice to voluntary, community, and faith groups on where to apply for funding for local projects."
M-7,133,This means we can share relevant information and work together to make sure concerns are dealt with quickly and by the right person.,This means we can share relevant information and work together to make sure problems are handled quickly and by the right person.,We can share relevant information and work together to ensure concerns are handled quickly and properly by the right person.
M-7,134,"If you are a parent or carer of a disabled child or young person, you are now able to apply for a Short Break Grant for the year 2017-18.","If you are a parent or if you are a carer of a disabled child or if you are a parent or if you are a carer of a disabled young person, you can now express interest for a holiday grant for the year 2017-18.","If you are a parent or caregiver of a disabled child or young person, you can now apply for a Short Break Grant for the 2017-18 year."
M-7,135,"To apply for a Licence (under Section 177 of the Highways Act) please contact us in writing at the Bridges Section in the Highways department, giving details and structural calculations.","To apply for a Licence  please write to us in the Bridges Team of the Highways department, giving details and bridge measurements.","To apply for a License (under Section 177 of the Highways Act), please write to the Bridges Section in the Highways department. Include details and structural calculations."
M-7,136,"We offer impartial, independent and confidential support to parents and carers who are dissatisfied with the service they have received from a school.","If you are unhappy with the service provided by a school we can offer you unbiased, independent and private help.","We provide unbiased, independent, and private assistance to parents and carers who are unhappy with the services given by a school."
M-7,137,"This was supported by a Statement of Special Interest, which you can download below along with the current boundary plan.",There is a Statement of Special Interest to support this. You can download this Statement. You can download a boundary plan. The boundary plan shows the boundaries now.,"This was supported by a Statement of Special Interest, which you can download below. Additionally, the current boundary plan is also available for download."
M-7,138,"Children in entertainment (stage, film, television, radio, modelling and sport) need to have a licence to take part in the performance or activity.","Children need to have a licence to take part in entertainment (stage, film, television, radio, modelling and sport).","Children in entertainment, such as stage, film, television, radio, modeling, and sports, need a license to participate in performances or activities."
M-7,139,"The evaluation had revealed a north to south aligned ditch, which may have been a boundary ditch to the settlement in the medieval period, as well as some evidence for post-medieval industrial activity.",The evaluation revealed a north to south aligned ditch. The ditch may have been a boundary ditch to the settlement in the medieval period. The evaluation also showed some evidence for post-medieval industrial activity.,"The evaluation showed a north to south aligned ditch, which might have been a boundary ditch for the settlement during the medieval period. Additionally, some evidence was found suggesting post-medieval industrial activity."
M-7,140,"Where this sharing has been in place throughout the arrangement, generally you do not need a Possession Order to evict the occupier.","If sharing has been in place throughout the arrangement, usually you do not need a Possession Order to evict the person living there.","If sharing equipment has been ongoing throughout the arrangement, you usually don't need a Possession Order to evict the occupier."
M-7,141,The period that a person can be temporarily absent from their home and still qualify for Housing Benefit will reduce to 4 weeks where that absence is from Great Britain.,The length of time that a person can be away from Great Britain and still qualify for Housing Benefit will reduce to 4 weeks.,"If someone is temporarily away from their home, they can still get Housing Benefit for up to 4 weeks if they are gone from Great Britain."
M-7,142,We have produced a guidance pack for Heritage Open Day participants who wish to research the historic background of their building or organisation.,We have made a help pack for people who take part in Heritage Open Day who want to research the historic background of their building or organisation.,We have created a guidance pack for Heritage Open Day participants to help them research the historic background of their building or organization.
M-7,143,"Sheffield City Council helps to support raise expectations and attainment, and help to meet our ambition of every school in Sheffield being good or outstanding.",Sheffield City Council helps to support raise expectations and achievements along with meeting our ambition of every Sheffield school being good or outstanding.,"Sheffield City Council helps raise expectations and attainment in schools, and supports our goal of every school in Sheffield being good or outstanding."
M-7,144,"Under the NHS, the voluntary hospitals in Sheffield were brought together into one administrative unit known as The United Sheffield Hospitals.",The NHS joined the voluntary hospitals in Sheffield into one group. They named the group The United Sheffield Hospitals,"Under the NHS, voluntary hospitals in Sheffield were combined into one administrative unit called The United Sheffield Hospitals."
M-7,145,We ’ ve been saving millions by reducing what we spend on technology and office space and reducing staff numbers in corporate services.,"We've been saving millions by reducing the spending on technology, office space, and also the number of employees in corporate services.","We've been saving millions by reducing our spending on technology and office space, and by decreasing the number of staff in corporate services."
M-7,146,"Our policies, projects and decisions will affect the community we serve and there is the potential for our services to have unseen barriers or to effect some customers or residents, even if this is not our intention.",We serve the community. Our work will affect this community. Sometimes something blocks our services. We do not intend to produce bad effects on customers or residents.,Our services might affect the community in ways we did not intend. This could create unseen barriers for some customers or residents.
M-7,147,Our team of mechanics are trained to carry out vehicle testing as well as a wide range of vehicle maintenance work and receive regular training and development on new technology.,Our team of mechanics are trained to complete vehicle testing as well as a wide range of vehicle maintenance work. Our team of mechanics also receive regular training and development on new technology.,Our mechanics are trained to test and maintain vehicles. They also regularly learn about new technologies.
M-7,148,The fund is for existing or new activity that helps enhance and promote community relations and brings people together in a community.,"The fund is for any activity that brings people together, improves and promote community relations. It can be for an existing activity or a new activity.",The fund supports activities that help improve and strengthen community relations and bring people together in the community.
M-7,149,"We also have records of landlords in this area who move away, change contact details or refuse to co-operate with us and answer letters or phone calls.",We also know of landlords in this area who move away and change contact details. Landlords may also refuse to collaborate with us and answer letters or phone calls.,"We have records of landlords who move away, change contact details, or refuse to cooperate with us."
M-7,150,The Emergency Planning Shared Service is here to provide general assistance to business and voluntary organisations in relation to business continuity management in the event of disruption and / or incidents.,The Emergency Planning Shared Service is here to provide general assistance to business and voluntary organisations.  The Service can help with managing continuity of businesses in case of disruption and/or in case of incidents,The Emergency Planning Shared Service offers help to businesses and voluntary organizations for managing continuity during disruptions and incidents.
M-7,151,There is a lot happening in Sheffield at the moment including master plans for the city centre and the Sheffield Plan which is due to come into force in 2019.,"There is a lot going on in Sheffield, including plans to revamp the city centre in 2019","There are many things happening in Sheffield now. These include master plans for the city center and the Sheffield Plan, which will start in 2019."
M-7,152,We are currently unable to accept electronic application forms from gov.uk you can download a paper application form below.,We cannot accept online application forms from gov.uk. Please download a paper application form below.,We are currently unable to accept electronic application forms from gov.uk. You can download a paper application form below instead.
M-7,153,Some of these conditions are necessary because we do not usually inspect the property before issuing the licence and it would not be appropriate to include the depth of information on the licence application form.,"We do not usually inspect the property before giving licence and do not feel it would be appropriate to include complex information on the licence application form, so some of these conditions are necessary.",Some conditions are necessary because we typically do not inspect the property before issuing the license. It would not be appropriate to include too much detailed information on the application form.
M-7,154,"A minor works grant is funding of up to £2,000 to help with minor home repairs for people aged 75 +, who are claiming benefits and own their own home.","People aged 75+ who are claiming benefits and own their own home can get a minor works grant of up to £2,000 to help with home repairs.","A minor works grant provides up to £2,000 to help people aged 75 and older, who receive benefits and own their homes, with small home repairs."
M-7,155,"The members represent the interests of landowners, land managers, conservation groups and users of public paths and open spaces.","The members represent the wants of landowners, land managers, conservation groups and users of public spaces.","The members represent the interests of landowners, managers, conservation groups, and those who use public paths and open spaces."
M-7,156,"If we feel we may have to refuse your application, we will send you a notice of this intention and your application will be determined by our Licensing Committee.","If we reject your application, we will send notice of this intention and your application will be decided by our Licensing Committee.","If we think we might refuse your application, we will inform you. Then, our Licensing Committee will decide on it."
M-7,157,Many of the projects are aimed at people who may have particular support needs or difficulty in accessing an allotment plot of their own.,"many of the projects target people with specific support needs, or difficult reaching their allotment plot.",Many projects are for people who might need extra support or find it hard to get their own allotment plot.
M-7,158,The environment is now on par with the highly successful 'Gold Route' which travels east to west across the city centre.,The environment is now as good as on the 'Gold Route'.,"The environment is now similar to the very successful 'Gold Route', which goes from east to west through the city centre."
M-7,159,"Sheffield City Council ’ s Health Protection Service is currently offering certified food hygiene training courses for everyone involved in the food business, from junior staff to senior management.",Sheffield City Council’s Health Protection Service is currently offering food hygiene training courses for everyone involved in the food business,"Sheffield City Council's Health Protection Service offers certified food hygiene training courses. These courses are available for people working in any part of the food business, including junior staff and senior management."
M-7,160,If we don't agree we will send out a non-validation notice still requesting the information and keep the application as invalid.,"If we don't agree, we will keep your application on file as invalid and will send you out a non-validation notice which will include a further request for the information.","If we don't agree, we will send a non-validation notice and still request the information. We will consider the application as invalid."
M-7,161,"These rules say that there should be a significant reduction in the number of constituencies in England (from 533 to 501), and require that every constituency – apart from two specified exceptions – must have an electorate that is no smaller than 71,031 and no larger than 78,507.","These rules say that there should be a big reduction in the number of constituencies in England (from 533 to 501). They also require that every constituency – apart from two specified exceptions – must have an electorate that is no smaller than 71,031 and no larger than 78,507.","These rules state that the number of constituencies in England should be reduced significantly from 533 to 501. Additionally, each constituency, except for two specified cases, must have an electorate of at least 71,031 and at most 78,507."
M-7,162,"The air quality of Sheffield is measured 24 hours a day 365 days a year by both sophisticated automatic equipment, and simple manual methods.","The air quality of Sheffield is measured 24 hours a day, 365 days a year by both technical automatic equipment and simple manual methods.","The air quality in Sheffield is measured every day of the year, 24 hours a day, using both advanced automatic equipment and basic manual methods."
M-7,163,"For larger items of work commanding higher costs, leaseholders can ask their lender for a further advance or take out a bank or building society loan.","For bigger and more expensive work, you can ask the lender or bank man for more money.","Leaseholders can ask their lender for more money if the work is expensive. Alternatively, they can get a loan from a bank or building society."
M-7,164,"Totley Library is run by Totley CRIC, a non-profit volunteer run organisation formed to take over the library following council plans to close it.",Totley Library is run by Totley CRIC. Totley CRIC is a non-profit volunteer run organisation. Totley CRIC is formed to take over the library as a result of council plans to close the library.,Totley Library is managed by Totley CRIC. Totley CRIC is a non-profit organization run by volunteers. They took over the library after the council's plan to close it.
M-7,165,If we do not hear from you after this further 28 days we will assume you do not want to go ahead and we will close down your right to buy application.,If we do not hear from you after this further 28 days we will assume you do not want to continue and we will close down your right to buy application.,"If we do not receive any response from you within the next 28 days, we will assume you do not wish to proceed. Therefore, we will close your right to buy application."
M-7,166,"Where the anti-social behaviour of a tenant is creating problems in the wider community, and you have been unable to resolve these problems yourself, there may be broader powers which can be used.",Someone more important can help you with the bad behaviour the person is causing.,"If a tenant's anti-social behavior affects the wider community and you cannot resolve the issues, there may be additional powers available."
M-7,167,"Our proposed measures include the upgrading of bus stops along the length of these routes to make them more accessible and bring them up to current standards by provision of raised kerbs, tactile paving, the introduction of bus-stop clearways and, where necessary, the installation of replacement bus shelters.","Our proposed measures include improving bus stops along these routes to make them mnore accessible and bring them up to current standards.  This will take the form of providing raised kerbs, constructing tactile paving, introducing bus-stop clearways and, where needed, fitting new bus shelters.","Our proposed measures include improving bus stops along these routes. We will make them more accessible and up to current standards. This will be done by adding raised kerbs and tactile paving. We also plan to introduce bus-stop clearways. Additionally, we will install new bus shelters where needed."
M-7,168,"Your income and savings won ’ t affect your entitlement to Second Adult Rebate, because it is based on the other person's circumstances.","Your income and savings won’t affect your right to Second Adult Rebate, because it is based on the other person's situation.",Your income and savings will not affect your entitlement to the Second Adult Rebate. It is based on the other person's circumstances.
M-7,169,"Examples of licences can include where you are staying with family and friends, where you are living somewhere as a part of your job, or when a landlord regularly provides services in the room (for example cleaning or support).","Examples of licences can include where you are staying with family and friends, where you are living as a part of your job, or when a landlord regularly provides services in the room (for example cleaning or support).","Licenses can apply to situations like staying with family or friends, living somewhere as part of your job, or when a landlord offers regular services such as cleaning or support."
M-7,170,"Contract services involving regular inspections and treatments throughout the year, can be tailor-made to your requirements at the most competitive rates.","Contracts for regular inspections and treatments throughout the year, tailored to your needs, are available at low prices.",Contract services for regular inspections and treatments throughout the year can be customized to fit your needs at the best prices.
M-7,171,Greenhill is situated approximately 7km south of the city centre and close to the Outer Ring Road and edge of the city.,Greenhill is situated approximately 7km south of the city centre and close to the Outer Ring Road and outside limit of the city.,Greenhill is about 7km south of the city centre. It is also near the Outer Ring Road and close to the edge of the city.
M-7,172,The main source of information on Sheffield ’ s involvement in these can be found in local newspaper reports and in advertisements by businesses.,The main source of information on Sheffield's involvement in these can be found in local newspaper reports and business advertisements.,You can find the main source of information about Sheffield's involvement in these things in local newspaper reports and advertisements by businesses.
M-7,173,Our guidance on organised firework displays and bonfires sets out a few simple measures that can help you celebrate safely.,"To help you celebrate safely, our guidance on organised firework displays and bonfires sets out a few simple measures.",Our guidance provides simple measures to help you celebrate safely with organised firework displays and bonfires.
M-7,174,"Sometimes families can experience problems that are complex, serious or require detailed assessment in order plan the services that are needed.","In order to plan the appropriate services, it is required to look into the difficult and serious problems experienced by families.",Sometimes families can experience complex problems that are serious and may need a detailed assessment. This helps us plan the services that are needed.
M-7,175,"SYAS has, therefore, recommended that a scheme of investigation be secured by a condition on any planning consent for the proposed development.","As a result of a condition on any planning consent for the proposed development, SYAS has recommended that an investigation plan is put in place",SYAS has recommended securing a scheme of investigation as a condition for any planning consent for the proposed development.
M-7,176,This means that each supplier has a defined category which they are assigned but this does not necessarily mean this is what we are buying.,"Each supplier is defined by a category,  but this does not necessarily indicate what we are purchasing from them.","Each supplier has a specific category. However, this does not always mean we will buy from them."
M-7,177,"Reducing the reliance on vehicles and associated transport-related pollution and carbon emissions, through encouraging efficient, effective movement by a wide range of transport modes, is a crucial aim in creating a sustainable Sheffield.","Sheffield is trying to become sustainable. Part of this means discouraging the use of cars and vans. IT is hoped this will reduce transport-related pollution and carbon emissions. We hope to do this by encouraging efficient, effective movement using many different transport modes.",Reducing the use of vehicles and the related pollution and carbon emissions is a key goal in making Sheffield sustainable. Encouraging the use of various transport modes for efficient and effective movement is an important part of this aim.
M-7,178,A discount will not be granted if there are still 2 or more people in the household over 18 who are counted for Council Tax purposes; or if the prisoner is in prison for non-payment of either Council Tax or a fine.,You will not be granted money off if there are still 2 or more people in the house over 18 who are used for Council Tax purposes. You will also not be granted money off if the bandit is in prison for not paying the Council Tax or a fine.,"A discount will not be given if there are 2 or more people over 18 in the household who are counted for Council Tax purposes. Additionally, a discount will not be given if the prisoner is in jail for not paying either Council Tax or a fine."
M-7,179,Many Government documents describe the importance of giving children and young people a say in matters that affect their lives.,Many Government documents describe the importance of giving children and young people a say about things affecting their lives.,Many government documents emphasize the importance of letting children and young people have a say in issues that impact their lives.
M-7,180,"These improvements involve working with partners, statutory and non-statutory agencies, community groups and individuals.","These improvements involve working with partners, public services and other agencies, community groups and people.","These improvements involve working with partners, agencies, community groups, and individuals."
M-7,181,With 24 / 7 access to your account you can register to pay by Direct Debit or pay online and register for e-billing at a time that is convenient to you.,"With 24/7 access to your account you can sign up to pay by Direct Debit.  You can also pay online, and sign up for e-billing at any time you wish.","With 24/7 access to your account, you can register to pay by Direct Debit or pay online and register for e-billing whenever it's convenient for you."
M-7,182,If you require any advice or support in completing the new DOLS application form or setting up AnyComms then please contact the MCA DOLS team on 0114 205 7183.,If you require any advice or support in completing the new DOLS application form or setting up AnyComms then please contact the MCA DOLS team on 0114 205 7183.,"If you need any help or support with the new DOLS application form or setting up AnyComms, please contact the MCA DOLS team at 0114 205 7183."
M-7,183,"To ensure that we can all travel to new sites, all forms of transport need to be catered for and the Transport Assessment should demonstrate this.","To ensure that we can all travel to new sites, all forms of transport need to be considered. The Transport Assessment should demonstrate this.","To ensure everyone can travel to new sites, we need to consider all forms of transport. The Transport Assessment should show how this will be done."
M-7,184,"Make sure your child ’ s name is placed on the register at the Learning Destination, and they ’ ll send us their register to let us know to award credits.",We can only award credits if your child's name is registered at the Learning Destination.,Make sure your child's name is on the register at the Learning Destination. They will then send us their register to award the credits.
M-7,185,A further 2 acres near to the site has been developed for an Extra Care Housing Scheme provided by Sanctuary Housing Association.,Sanctuary Housing Association gave two more acres are now for the Extra Care Housing Scheme.,An additional 2 acres near the site has been developed for an Extra Care Housing Scheme by the Sanctuary Housing Association.
M-7,186,There are options for parents to consider as long as they comply with the law which requires pupils to be in full time education from the beginning of the term following their 5th birthday.,"There are options for parents to consider. However, they have to obey the law which requires students to be in full time education from the beginning of the term following their 5th birthday.",Parents have options as long as their children start full-time education after their 5th birthday.
M-7,187,"The southern most section of the boundary runs along part of Broad Lane taking in the historic cobbles, while the most north-eastern boundary runs along the inner ring road.","The extreme southern area of the boundary is to the side of Broad Lane and includes historic cobbles, while the extreme north-eastern boundary sides the inner ring road","The southern part of the boundary follows Broad Lane, including its historic cobblestones. The northernmost boundary is along the inner ring road."
M-7,188,"Castlegate is beginning to take on a new role as a place where new forms of employment, leisure and living can be tried out and developed.","Castlegate is beginning to take on a new role as a place where new forms of employment, leisure and living can be tried out and improved.","Castlegate is starting to become a place for trying out and developing new jobs, leisure activities, and ways of living."
M-7,189,"If you do not move out before the landlord applies to the Court, and you do not successfully defend the landlord ’ s application to get the house or flat back, you will probably have to pay your landlord ’ s court costs and legal costs.","If you do not move out before the landlord applies to Court, and you do not successfully defend the landlord’s application to gain the house or flat back, then you may have to pay your landlord’s court costs and legal costs.","If you do not leave before the landlord goes to court, and the landlord wins the case, you might have to pay the landlord's court and legal costs."
M-7,190,"The Record of Involvement is a tool for people to use to record what they have achieved when they ’ ve worked with organisations such as charities, local authorities, universities and private companies.","People can record work they've done with charities, local authorities, universities and private companies in their Record of Involvement.","The Record of Involvement helps people keep track of their achievements when working with organizations like charities, local authorities, universities, and private companies."
M-7,191,"Where a club holds a Club Premises Certificate or has made an application for a Club Premises Certificate which has not yet been determined, the Secretary of the club must give notice to us of any change in the name, address, or alterations made to the rules of the club.","Where a club holds or has made an application for a Club Premises Certificate which has not yet been determined, the club Secretary must give us notice of any changes in the name, address, or other things made to the rules of the club.","If a club has a Club Premises Certificate or is waiting for one to be decided, the club's Secretary must inform us about any changes in the club's name, address, or rules."
M-7,192,This is a free service that you will need to arrange with your district nurse or with the hospital as your return home.,This is a free service that you will need to arrange with your district nurse or with the hospital when you are ready to leave hospital,This is a free service that you need to arrange with your district nurse or the hospital before returning home.
M-7,193,Homes are asked to provide evidence and often re-visited to ensure actions have been completed within agreed timescales.,Homes are asked to give evidence and often re-visited to make sure actions have been completed within agreed deadlines.,Homes are asked to provide evidence and are often visited to ensure that actions have been completed on time.
M-7,194,There are a series of Information Sheets to help developers through the highway and transportation side of the Planning application process.,There are a number of Information Sheets to support developers understand the highway and transportation section of the Planning application process,There are Information Sheets to help developers with the highway and transportation parts of the Planning application process.
M-7,195,We work with the emergency services and other responders to make sure Sheffield is fully prepared for every eventuality as part of the South Yorkshire Local Resilience Forum.,We work with the emergency services and other parties to make sure Sheffield is fully prepared for every possibility. This is part of the South Yorkshire Local Response Forum.,We work with emergency services and other responders as part of the South Yorkshire Local Resilience Forum to ensure Sheffield is prepared for any situation.
M-7,196,If you feel that the repair is needed due to vandalism or neighbour nuisance then please tell them when you are reporting the repair and the call centre can record it as such.,If you feel that the repair is needed due to vandalism or neighbour nuisance then please tell them when you are reporting the repair and the call centre can record it asthis.,"If you think the repair is needed because of vandalism or a neighbour issue, please let them know when you report it. The call center can then record it accordingly."
M-7,197,"The Sheffield-Rotherham Don Valley area extends from the edge of Sheffield city centre to Rotherham town centre, and south adjacent to the M1 from junction 34 beyond the Parkway.",The Sheffield-Rotherham Don Valley area goes from the end of Sheffield city centre to Rotherham town centre. After the Parkway it then goes south next to the M1 from junction 34.,The Sheffield-Rotherham Don Valley area starts from the edge of Sheffield city centre and goes to Rotherham town centre. It also extends south near the M1 past the Parkway.
M-7,198,It was agreed that parents or carers should be asked to make a contribution towards the overall costs of providing Special Educational Needs Transport.,It was agreed that parents or carers should be asked to contribute toward the total costs of Special Educational Needs Transport.,It was decided that parents or carers should contribute to the cost of Special Educational Needs Transport.
M-7,199,"Sheffield Wednesday Football Club, also known as' The Owls' (so-called because the team played at Owlerton from 1899) formed in 1867 in Sheffield.","Sheffield Wednesday Football Club formed in 1867 in Sheffield. It is also known as 'The Owls,' because the team played at somewhere called ""Owlerton"" from 1899.","Sheffield Wednesday Football Club, also called ""The Owls,"" formed in 1867 in Sheffield. They were named ""The Owls"" because they played at Owlerton from 1899."
M-7,200,In a qualifying club there is technically no sale by retail of alcohol (except to guests) as the member owns part of the alcohol stock and the money passing across the bar is merely a mechanism to preserve equity between members where one may consume more than another.,"In a qualifying club, shops don't technically sell alcohol because the member owns part of the alcohol stock and the money they pay is just to preserve equity between members because one may drink more than another. The only exception is when alcohol is sold to guests.","In a qualifying club, alcohol is technically not sold for retail to non-guests. Members own part of the alcohol stock. When members buy drinks at the bar, the money is a way to maintain equal ownership among all members, especially if one member consumes more than another."
M-7,201,Hate crimes and hate incidents are acts of hostility or violence directed at people because of who they are or who someone thinks they are.,"Hate crimes and hate incidents are acts of aggression or violence towards people because of who they are. They can also be because of who someone ""thinks"" they are.",Hate crimes and hate incidents are acts of hostility or violence against people based on their perceived identity.
M-7,202,The prices are divided into a full charge price (including VAT) and discounted charges (including VAT) for occupiers who receive qualifying benefits.,"Only residents who receive qualifying benefits will be charged a reduce price (including VAT), otherwise full charge price (including VAT) applies.","The prices are divided into two types: one includes VAT and is the full charge price, while the other also includes VAT but is discounted for those who receive qualifying benefits."
M-7,203,"Within MAST, A & I Officers provide training and support to colleagues working with families when there are attendance concerns, and use consultation sessions to discuss individual pupils ’ issues and help plan their approach.","Within MAST, A&I Officers provide training and support to colleagues working with families when there are attendance problems. They use consultation sessions to talk about individual pupils' issues and help plan their approach.",MAST officers provide training and support to colleagues dealing with attendance concerns. They also discuss individual pupil issues in consultation sessions to help plan approaches.
M-7,204,"The purpose of the street trading consent scheme is to allow the selling or exposing or offering for sale of any article (including a living thing) in a street, in accordance with the Local Government (Miscellaneous Provisions) Act 1982.","The purpose of the scheme of the street trading consent is to allow the selling or or showing or offering for sale of any item (including a living thing) in a street, in line with the Local Government (Miscellaneous Provisions) Act 1982 .",The street trading consent scheme lets people sell or show articles for sale on the street. This follows the rules set out in the Local Government (Miscellaneous Provisions) Act 1982.
M-7,205,"A long certificate provides this information, but in addition gives name and surname, address and occupation of adoptive parent (s), date of adoption order, date on which adoption granted and the name of the court.","A long certificate provides the name and surname, address and occupation of adoptive parent(s), date of adoption order, date on which adoption granted and the name of the court.","A long certificate includes more details. It provides the adoption information along with the adoptive parent's name, address, and occupation, the date of the adoption order, the date it was granted, and the name of the court."
M-7,206,Arranged by township giving name of licence holder; situation and sign of premises; name of owner; convictions on premises; date of transfer of licence; plans (incomplete).,Planned by township giving name of licence holder; situation and sign of area; name of owner; convictions on area; date of transfer of licence plans (incomplete).,"Townships arrange this information: the license holder's name, the location and sign of the premises, the owner's name, convictions on the premises, the date of the license transfer, and incomplete plans."
M-7,207,"Planning documents that relate to a specific area of Sheffield, eg master plans, have been approved (some with qualifications) but have not been adopted formally.","Planning documents that relate to a specific area of Sheffield, for example master plans, have been authorised (some with amendments) but are not yet used formally","Planning documents for a specific area of Sheffield have been approved, though some had conditions. These documents have not yet been adopted formally."
M-7,208,"Where the proposal may affect your neighbour, you have a responsibility under the Party Wall Act 1996 to contact your neighbour before an application is submitted.",If the proposal may affect your neighbour you must let your neighbour now before the application is submitted. This is required under the Part Wall act 1996.,"If your proposal might affect your neighbor, you need to contact them before submitting your application according to the Party Wall Act 1996."
M-7,209,Training can be provided out of hours to suit your business needs and a pre-visit by ourselves will be made to ensure that all your training needs are encompassed in the package.,Training can be provided out of hours to suit your work time and we will make a pre-visit to ensure that all your training necessities are included in the package.,Training can be provided during non-working hours to fit your business needs. We will also visit your place before the training to make sure all your needs are included in the package.
M-7,210,"Each primary and secondary school has a named A & I officer who will maintain regular contact, contactable whenever you need advice or support.",Each primary and secondary school has a named A&I officer who will keep regular contact. They will be contactable whenever you need advice or support.,"Each primary and secondary school has a named A & I officer. The officer will regularly contact you, and you can reach them for advice or support whenever needed."
M-7,211,"Since the 19th century there have been several Synagogues in Sheffield at Figtree Lane, North Church Street, Campo Lane, Wilson Road and now Psalter Lane.","Since the 19th century there have been several Jewish buildings in Sheffield. At Figtree Lane, North Church Street, Campo Lane, Wilson Road and now Psalter Lane.","Since the 19th century, there have been several Synagogues in Sheffield. They were located at Figtree Lane, North Church Street, Campo Lane, and Wilson Road. Now, there is a Synagogue at Psalter Lane."
M-7,212,Their rents are set in line with government guidance and they usually offer an ‘ assured tenancy ’ which provides considerable protection for the tenant.,Their rents are set respecting government guidance. They usually offer an ‘assured tenancy’. This provides considerable protection for the tenant.,"Their rents follow government guidance. They typically provide an 'assured tenancy', which offers significant protection to tenants."
M-7,213,A Section 58 restriction is a legal notice served by ourselves on utility companies who carry out work in the Sheffield area.,A Section 58 restriction is a legal notice. This is delivered by us to utility companies operating in the Sheffield area.,A Section 58 restriction is a legal notice that we serve to utility companies working in the Sheffield area.
M-7,214,"Although valid in the adjoining Sharrow Vale centre zone, Botanical business permits are not valid for use in any of the permit bays on Hickmott Road, Rosedale Gardens, Sharrow Vale Road (between Junction Road and Lynton Road).","Agricultural business permits are valid in Sharrow Vale centre zone but not in any of the permit bays on Hickmott Road, Rosedale Gardens, Sharrow Vale Road (between Junction Road and Lynton Road).","Botanical business permits are valid in the Sharrow Vale centre zone but not in the permit bays on Hickmott Road, Rosedale Gardens, or Sharrow Vale Road between Junction Road and Lynton Road."
M-7,215,Our study guide lists sources available within Sheffield Local Studies Library and Sheffield Archives relating to the First World War.,Our study guide lists sources about the First World War that are available at the Sheffield Local Studies Library and Sheffield Archives.,Our study guide lists sources from Sheffield Local Studies Library and Sheffield Archives about the First World War.
M-7,216,"Record date of admission (and in some cases re-admission), a child ’ s full name, date of birth, address, the name of a parent or guardian, the last school attended, whether they were exempted from religious instruction, the date of their last attendance and the cause of leaving.","Date of admission/re-admission, the child's full name, date of birth, parent/guardian's name, the last school attended, religion, the date of their last attendance and their reason for leaving.","Record the date of admission, a child's full name, date of birth, address, the name of a parent or guardian, the last school attended, if they were exempted from religious instruction, the date of their last attendance, and the reason for leaving."
M-7,217,There is also an increasing use of the ‘ narrative verdict ’ which is a short factual statement of the coroner ’ s finding as to how the death occurred.,There is also much higher use of the ‘narrative verdict’ which is a small factual statement of the coroner’s answers as to how the death happened.,"The coroner now often uses a short factual statement to explain how the death occurred. This statement is called a ""narrative verdict."""
M-7,218,"If you have witnessed or experienced a hate crime or hate incident, you don ’ t need to know if it is a criminal offence or not to report it.","If you have seen or been part of a hate crime or incident, you don't need to know whether it is a criminal offence to report it.","If you have witnessed or experienced a hate crime or hate incident, you can report it even if you're not sure if it's a criminal offense."
M-7,219,"If you can meet the full costs of your care and support without any financial help from us, then you are known as a self-funder.",You are a self-funder if you can pay for your own care and support without receiving financial help.,"If you can cover all the costs of your care and support without our financial help, you are called a self-funder."
M-7,220,"If you would like to request copies of CCTV footage, please make sure you do so as soon as possible by carefully following the instructions below to prevent any delay with your application.","If you would like to request copies of CCTV recordings, please make sure you do so as soon as possible by carefully following the instructions below to prevent any delay with your request.","If you want to request copies of CCTV footage, please do so as soon as possible by carefully following the instructions below. This will help prevent any delay with your application."
M-7,221,The Act therefore provides for the licence to be capable of being reinstated in a discrete period of time in certain circumstances.,The Act therefore allows the licence to be reinforced in a specific period of time in some circumstances.,The Act allows the license to be reinstated during a specific time period under certain conditions.
M-7,222,If you are over 18 years old and have eligible care and support needs you may have to contribute towards the cost of your care and support.,"If you are over 18 years old and have eligible care and support needs, then you may have to contribute towards the cost of your care and support.","If you are over 18 and have eligible care and support needs, you may need to pay part of the cost."
M-7,223,South Yorkshire Fire & Rescue Service support this approach for our tower blocks and are reaffirming this to residents at public meetings.,South Yorkshire Fire & Rescue Service support this approach for our tower blocks. They are confirming this to residents at public meetings.,South Yorkshire Fire & Rescue Service supports this approach for our tower blocks. They are also reminding residents about this at public meetings.
M-7,224,The aim of the LEZ would be to help our partners and us to comply with European Union Air Quality standards for NO2 and PM10.,The aim of the LEZ would be to help our partners and us to follow European Union Air Quality standards for NO2 and PM10.,The goal of the LEZ is to help our partners and us meet the European Union's Air Quality standards for NO2 and PM10.
M-7,225,These maps are designed to provide you with as much information as possible on areas of Access Land in the Sheffield area.,The maps are intended to provide as much information as possible in the Access Land area of the Sheffield area,These maps provide you with information about areas of Access Land in the Sheffield area. They aim to give you as much detail as possible.
M-7,226,"If you rent a room in a shared house where the tenants have separate tenancy agreements, your landlord retains control of the shared parts but you have the right to use them.","If you rent a room in a shared house where the tenants have separate agreements, your landlord controls the shared parts but you can use them.","If you rent a room in a shared house with other tenants who have their own tenancy agreements, your landlord controls the shared parts. However, you have the right to use them."
M-7,227,"When you make an application, the details of the application will be published on the website and the information on any licence granted will be included in a public register.","When you make an app, we will put information about the app on the website. If we give you a licence, we will put information about the licence in a public register.","When you make an application, the details will be published on the website. Additionally, any information about a licence granted will be included in a public register."
M-7,228,"The Peace Gardens form the central part of a spectacular walk, taking visitors from Sheffield Railway Station through a series of exciting new developments each with their own distinctive lighting, public art and water features.","The Peace Gardens form the central part of a wonderful walk, taking visitors from Sheffield Railway Station through a series of exciting new developments. Each development has its own distinctive lighting, public art and water features.","The Peace Gardens are the main part of a spectacular walk. This walk starts at Sheffield Railway Station and includes a series of exciting new developments. Each development has its own distinctive lighting, public art, and water features."
M-7,229,"If the item is in stock in Sheffield, your request will be placed immediately and you will be notified by post or by email as soon as a copy becomes available.","If the item is in stock in Sheffield, your request will be placed immediately and you will be contacted by post/email as soon as it becomes available.","If the item is in stock in Sheffield, your request will be processed immediately. You will be notified by post or email when a copy becomes available."
M-7,230,There is no need to make a new agreement when a new landlord takes over because the terms and conditions of the tenancy remain the same.,"A new tenancy agreement is not needed when a new landlord takes over, since the terms and conditions of the tenancy are the same.",There is no need to make a new agreement when a new landlord takes over. The terms and conditions of the tenancy will stay the same.
M-7,231,"As soon as you get a written notice of the sale, you should inform the benefits service and ask them to stop paying the old landlord.","As soon as you get a written letter of the sale, you should inform the benefits service and ask them to stop paying the old landlord.","As soon as you receive a written notice of the sale, you should inform the benefits service and ask them to stop paying the old landlord."
M-7,232,All NLGs have had training in coaching and mentoring and have at least 3 years ’ experience as Chair within the last 5 years.,All NLGs have had coaching and mentoring training. They all have at least 3 years’ experience as Chair within the last 5 years.,All NLGs have received training in coaching and mentoring. They also have at least 3 years of experience as a Chair within the last 5 years.
M-7,233,We take the lead as client on most physical projects in the City Centre and Don Valley and work closely with Transport Planning and South Yorkshire Passenger Transport Executive on all major transport initiatives in the City Centre.,We are the main client for most construction projects in the City Centre and Don Valley.  We work with Transport Planning and South Yorkshire Passenger Transport Executive on all large transport projects in the City Centre.,We lead most physical projects in the City Centre and Don Valley. We also work closely with Transport Planning and South Yorkshire Passenger Transport Executive on all major transport initiatives in the City Centre.
M-7,234,"Mobile traders must ensure that any stopping position does not infringe any parking or traffic requirements or cause obstruction of the highway, and does not present any dangers to other road users or pedestrians.","Mobile traders cannot park in bad places, or create danger.",Mobile traders need to make sure their stopping position does not violate any parking or traffic rules and does not block the highway. They should also ensure that it does not pose any dangers to other road users or pedestrians.
M-7,235,"Is a distinct destination within Sheffield set apart by its unique industrial heritage, environment, easy accessibility and reputation as a well-supported location for business.","Is a distinct destination within Sheffield set apart by its unique industrial heritage, environment, easy accessibility and reputation as a well-supported hub for business.","Sheffield has a distinct destination that stands out due to its unique industrial heritage, pleasant environment, easy accessibility, and strong support for business."
M-7,236,"They are most commonly used by developers to make financial contributions towards the provision of affordable housing off-site or site specific mitigation, required for the development to proceed.",They are mostly used by developers to make financial contributions towards affordable housing.,"Developers commonly use them to contribute financially towards affordable housing off-site or site-specific mitigation, which is needed for the development to proceed."
M-7,237,"The courts have ruled that action cannot be taken where poor sound insulation is found to be insufficient, under the Environmental Protection Act 1990.","Under the Environmental Protection Act 1990, action cannot be taken where sound insulation is poor.",The courts have ruled that no action can be taken under the Environmental Protection Act 1990 if poor sound insulation is found to be insufficient.
M-7,238,"Books, music, film, free wifi, Chattercraft, homework zone, Book Group for adults, computers, exhibition space, baby time, basic IT sessions.","IT, media, academic and leisure sessions are available.","Books, music, films, free WiFi, Chattercraft, homework zone, adult Book Group, computers, exhibition space, baby time, and basic IT sessions are available."
M-7,239,"Depending on location, applications that include proposals for lighting sports pitches, car parks and large scale buildings can raise issues relating to glare and light pollution.","Applications including proposals for lighting sports pitches, car parks and large scale buildings, can raise issues relating to glare and light pollution - dependant on location.","Depending on the location, applications for lighting sports fields, car parks, and large buildings may cause problems related to brightness and light disturbance."
M-7,240,"This means that for every tree that meets the 6D ’ s criteria and needs to be removed, it is replaced with a species of tree that is better suited to a street environment.","If a tree meets the set of conditions known as 6D, it is [allegedly] necessary to cut it down.  If this happens, a new tree will be planted.  The new tree will [allegedly] be chosen to suit the location better than the original tree.","If a tree meets the 6D criteria and needs to be removed, it will be replaced with a species of tree that is better suited for a street environment."
M-7,241,If you are in any doubt as to whether you are eligible to receive goods or services zero-rated for VAT you should contact HMRC VAT advice before ordering a key with declaration from RADAR.,Contact HMRC VAT for advice if you don't know whether you can receive goods or services zero-rated for VAT.  You must do this before you order a key with declaration from RADAR.,"If you are unsure about whether you are eligible for zero-rated VAT on goods or services, you should contact HMRC for VAT advice before placing an order with a declaration from RADAR."
M-7,242,"We will interpret any non-submission of Headcount Census returns as a nil return, which could mean the termination of FEL funding.","If Headcount Census data are not provided, FEL funding may be stopped.","If you do not submit Headcount Census returns, we will consider it as a nil return, which could lead to the termination of FEL funding."
M-7,243,"The expected developer contribution towards affordable housing varies between 0% and 30%, depending on which Affordable Housing Market Area the site is in.","The expected developer contribution towards affordable housing varies between 0% and 30%, depending on which Area the site falls within.",The developer's contribution to affordable housing ranges from 0% to 30%. This depends on the Affordable Housing Market Area of the site.
M-7,244,"Trees on the roadside or public highways are the responsibility of our Highways department (working with our partners, Amey).","In partnership with Amey, trees on the roadside or public highways are the responsibility of our Highways department","Roadside trees are managed by our Highways department, which works with Amey."
M-7,245,"There were 176 properties in these 3 sub-phases, 81 of which were T-Type flats and 96 were flat-roofed 5M (Finnegan) houses.","There were 176 properties in these 3 sub-phases, 81 of which were T-Type flats and 96 were flat-roofed 5M (Finnegan) houses.","There were 176 properties in these 3 sub-phases. Out of these, 81 were T-Type flats, and 96 were flat-roofed 5M (Finnegan) houses."
M-7,246,"If the report is a new or isolated incident, the information will be used to help build up a picture of where the problem ""hotspots"" are.","the new or single incident report wil be used to help build up a picture of where the problem ""hotspots"" are.","If the report is a new or isolated incident, the information will be used to identify where the problem hotspots are."
M-7,247,In the vast majority of cases the post-mortem will reveal a natural cause of death but around 12% (375 + per year locally) show an unnatural cause and require an inquest.,"In 88% of cases, the post-mortem will reveal a natural cause of death, if, however, it shows an unnatural cause an inquest will be required.","In most cases, the post-mortem shows a natural cause of death. However, about 12% show an unnatural cause and need an inquest."
M-7,248,We met with Sheffield Clinical Commissioning Group (CCG) and Sheffield Health Watch in August 2015 to share evidence about preventing and responding to homelessness.,We met with Sheffield Clinical Commissioning Group (CCG) and Sheffield Health Watch in August 2015 to share ideas about the prevention and the response to homelessness.,"In August 2015, we met with Sheffield CCG and Sheffield Health Watch to share evidence about preventing and responding to homelessness."
M-7,249,"Since 2013, the 'Rediscovery of Castlegate' project has caught the wider public ’ s imagination and has become one of the central ‘ place-making ’ initiatives in the City Centre Master Plan, and a major opportunity for innovation and collaboration with community organisations, the city ’ s 2 universities and businesses.","Since 2013, the 'Rediscovery of Castlegate' project has grab the wider public’s imagination. It has become one of the central ‘place-making’ initiatives in the City Centre Master Plan as well as a major opportunity for innovation and collaboration with community organisations, the city’s 2 universities and businesses.","Since 2013, the 'Rediscovery of Castlegate' project has excited the public. It has now become a key part of the City Centre Master Plan. This project offers a big chance for innovation and working together with community groups, the city's two universities, and businesses."
M-7,250,"If you are a landlord renting out a property, the responsibility for paying Council Tax depends on what sort of letting arrangement you have.","If you are a landlord renting out a property, the responsibility for paying Council Tax depends on the type of letting arrangement you have in place","If you rent out a property as a landlord, the responsibility for paying Council Tax depends on your rental arrangement."
M-7,251,"Developing and stimulating local economic growth is a key component of sustainability, providing local employment opportunities and services and reducing the need to travel.",Developing local economic growth is important for sustainability because it provides local employment opportunities and reduces the need to travel.,Developing local economic growth is important for sustainability. It provides jobs and services locally. This reduces the need for people to travel.
M-7,252,"The Action Plan seeks to address the problems in the centre at the same time as protecting the strengths of Attercliffe and exploiting opportunities including its gateway position to the city, the large number of attractive listed buildings and strong business community.","Attercliffe is the gateway to Sheffield, with a strong business community and many attractive listed buildings. This Action Plan aims to capitalise on this, whilst solving the problems in the centre.","The Action Plan aims to solve the center's problems while also preserving Attercliffe's advantages. These include its role as a gateway to the city, numerous appealing historic buildings, and a robust business community."
M-7,253,"If you have document reference numbers you can order the items in advance so they are ready upon your arrival (for Saturday visitors, all original items must be ordered by the previous Thursday).","Items can be ordered in advance if you have the document reference number, so that they are available when you arive. For Saturday visitors all items must be ordered by the previous Thursday.","If you have document reference numbers, you can order the items in advance. This way, they will be ready when you arrive. For Saturday visitors, all original items must be ordered by the previous Thursday."
M-7,254,"These issues need to be handled sensitively, especially as those affected may be worried if they are identified as the source of the complaint.",These issues must be handled carefully. This is especially because those affected may be worried if they are found to have lodged the complaint.,These issues should be handled sensitively. The people affected might be worried if they are seen as the source of the complaint.
M-7,255,"Whether you ’ re a new cyclist, or someone just wanting to improve their riding skills, cycle coaching courses with Pedal Ready can boost your confidence.",Cycle teaching courses with Pedal Ready can boost your confidence. You can be a new cyclist or someone that wants to improve their riding skills.,"Whether you are a new cyclist or want to improve your riding skills, cycle coaching courses with Pedal Ready can boost your confidence."
M-7,256,An archaeological desk-based assessment pulls together available information about the potential of the site to contain significant archaeological evidence.,An archaeological desk-based test finds information about the potential of the site to include significant archaeological evidence.,An archaeological desk-based assessment collects information about the site to determine if it might have important archaeological evidence.
M-7,257,"If you would like to request an improvement to traffic flow and road safety, as well as anything to improve your travel, please fill out our report and request form.","If you would like to request any improvements to your travel, including to traffic flow and road safety, please fill out our report and request form.","If you want to request improvements for traffic flow and road safety, please fill out our report form. Additionally, if you have other travel enhancements to suggest, please include them in the request form."
M-7,258,There are Tenants & Resident Association (TARA) & Leaseholder groups across the city and also a city-wide forum made up from leasehold representatives.,There are Tenants & Resident Association (TARA) & Leaseholder groups across the city and a city-wide group made up from leasehold representatives.,There are Tenant and Resident Associations (TARA) and Leaseholder groups in the city. There is also a city-wide forum consisting of leasehold representatives.
M-7,259,At the end of the day we will have a chat about how it has gone and let you know what went well and what you will need more practice on.,At the end of the day we will have a chat about how it has gone and let you know what went well and what you will need more practice on.,"At the end of the day, we will discuss how it went. We will tell you what was good and what you need more practice on."
M-7,260,"Providing a basic range of services, leisure and community facilities locally is critical in terms of helping to make the Centres the hub of everyday community life, reducing the need to travel, enabling all sectors of the community to access shops and services.","Giving a basic range of local services and community facilities is important in helping to make the Centres a hub of everyday community life. This reduces the need to travel, enabling the whole community to access shops and services.",Providing basic services and facilities locally is important for making the Centres the hub of community life. It helps reduce the need to travel. All sectors of the community can easily access shops and services.
M-7,261,"Working in partnership with Gleadless Valley Forum, a community hub was developed with the vision of creating a central point to promote community cohesion.","In support with Gleadless Valley Forum, the community hub support the community as a central point.","Working with Gleadless Valley Forum, a community hub was created. Its goal is to promote community cohesion."
M-7,262,It is a personalised service that aims to provide additional support to help people look after themselves and their home through our neighbourhood officers.,"Our neighbourhood officers provide a personalised service, to help people take care of themselves and their home.",It is a personalized service aimed at providing extra support to help people take care of themselves and their homes. This is done through neighborhood officers.
M-7,263,"You can view all of our planning applications online, if the application is live then you may also be able to comment on this.",You can view all of our planning applications online and if the application is live then you may also be able to comment on this.,"You can view all of our planning applications online. If an application is live, you may also be able to comment on it."
M-7,264,"By law, the inquest is restricted to establishing the deceased's identity, when and where he / she died and, most importantly, how the death occurred.","By law, the inquest is restricted to working out the dead's identity, when and where he/she died and, most importantly, how the death happened.","By law, the inquest is limited to establishing the deceased's identity, the time and place of death, and, most importantly, the cause of death."
M-7,265,"Candidates wishing to postpone or cancel a test must give at least 3 full working days' notice, this excludes weekends and bank holidays (NB cash refunds are not available).","Candidates that want to postpone or cancel a test must give at least 3 full working days' notice, this does not include weekends and bank holidays (Be aware that cash refunds are not available).",Candidates who want to postpone or cancel a test must give at least 3 full working days' notice. This notice does not include weekends and bank holidays. Cash refunds are not available.
M-7,266,"Your child's teachers or Special Educational Needs Coordinator (SENCO) will discuss your child's needs with you, assess their needs and decide what help to give.",Your child's teachers or Special Educational Needs Coordinator (SENCO) will talk to you about your child's needs. They will look at your child's needs and decide what help to give you.,Your child's teachers or SENCO will discuss their needs with you. They will also assess your child and determine what help they should receive.
M-7,267,"The Recorder 6 data set includes 133,000 records from Barnsley Records Centre, after SBRC's expertise and team flexibility meant it was selected to hold records from Barnsley Metropolitan Borough Council in a 3 and a half year project running from late 2012.","The Recorder 6 data set includes 133,000 records from Barnsley Records Centre. The records will be held as part of a 3 and a half year project running from late 2012","The Recorder 6 data set contains 133,000 records from the Barnsley Records Centre. SBRC was chosen to manage these records for a project lasting three and a half years, which began in late 2012."
M-7,268,"As an organisation you can apply for a permit to use in permit holder bays in all parking zones, but not in the city centre.","As a company, you can apply for a permit to use in permit holder bays in all parking zones. But you cannot apply for the city centre.",You can apply for a permit to use permit holder bays in all parking zones except the city centre.
M-7,269,Civil partnership enables same sex couples to obtain legal recognition of their relationship under the Civil Partnership Act 2004.,Civil partnership allows same sex couples to get legal recognition of their relationship under the Civil Partnership Act 2004.,Civil partnerships allow same-sex couples to get legal recognition under the Civil Partnership Act 2004.
M-7,270,Applications must be made on the form provided by us or online and must include specified information which will vary depending on the operation.,Applications must be made either on the paper form provided by us or online and must include specific information which will vary depending on the operation.,"Applications must be made using the form we provide or online. They must include specific information, which may vary depending on the operation."
M-7,271,"Sheffield was a major producer of steel armaments in the 1800s and into the 20th century, but it was cutlery production that was the first real and practical beneficiary of the first ‘ rustless ’ steel.","Though Sheffield was a major producer of steel weapons in the 1800s and into the 20th century, the first industry to benefit from ‘rustless’ steel was cutlery production.","Sheffield produced a lot of steel armaments in the 1800s and the early 20th century. However, it was cutlery production that first really benefited from the new 'rustless' steel."
M-7,272,These organisations work closely to make sure that all cases of suspected abuse are investigate fully and create a safeguarding plan.,These organisations work together to make sure that all cases of suspected abuse are investigated. They also create a safeguarding plan if necessary.,These organizations work closely together to ensure that all cases of suspected abuse are investigated fully. They also create a safeguarding plan.
M-7,273,"Once we have received your application, we will ensure you comply with the requirements and your application will be sent to the Police for checks.","When we have your application, we will tell you what to do next. Your application will be checked by the Police.","Once we receive your application, we will ensure you meet the requirements. Then, your application will be sent to the Police for checks."
M-7,274,If you are a larger household and feel that you have too much waste to fit in your current black bin you can apply for a larger or additional black bin.,If your household is big you may think you have too much rubbish in your black bin. In this case you can apply for a bigger bin or for another bin.,"If you have a large household and produce too much waste for your current black bin, you can apply for a larger or an additional black bin."
M-7,275,"Where there is serious and persistent anti-social behaviour or disorder, we and South Yorkshire Police can consider applying for a Closure Order which results in the property being closed for up to 3 months.","Where there is serious and on-going anti-social behavior or disorder, we and South Yorkshire Police can consider applying for a Closure Order. The Closure Order will close the property for up to 3 months.","If there is serious and persistent anti-social behavior or disorder, we and South Yorkshire Police can consider applying for a Closure Order. This order can result in the property being closed for up to three months."
M-7,276,"Documents on this page relate to the new Sheffield Plan, you can find studies, consultations, reports and guidance relating to the plan.",The writing on this page is about the new Sheffield Plan. You can find out what many experts think about the plan.,"Documents on this page are about the new Sheffield Plan. You can find studies, consultations, reports, and guidance related to the plan."
M-7,277,Can we have an investigation to ensure that the investors involved in the Queensland example are not involved in this potential deal?,May we have an inquiry to ensure that the investors involved in the Queensland example are not involved in this potential deal?,Can we investigate to make sure the investors from the Queensland example are not involved in this potential deal?
M-7,278,Participation in these is optional and any information you give with your competition entry may be passed to third parties.,Participation is optional and any information you give with your entry to this competition may be passed on to interested organisations other than us.,Participation in these activities is optional. The information you provide with your competition entry might be shared with third parties.
M-7,279,Once a premises has been approved for the solemnisation of marriages and the registration of civil partnerships your premises must be regularly available to the public for use for one or the other.,"Once a premises has been approved for weddings and civil partnership registrations, the premises must be regularly available for such occaisions.","Once a premises is approved for marriages or civil partnerships, it must regularly be available for the public to use for either purpose."
M-7,280,"If you ’ re experiencing excessive noise form a commercial property (such as a pub, club, restaurant or cafe) you can report it to us.","If you are hearing excessive noise from a business, then you can report it to us. Examples of business are a pub, club, restaurant or cafe.","If you are experiencing too much noise from a commercial property (like a pub, club, restaurant, or cafe), you can report it to us."
M-7,281,No vehicle shall be left in any parking bay in contravention of any notice or sign placed by us or the police which indicates that the parking bay is closed or suspended.,You shouldn't park your vehicle in any parking space that goes against any notice or sign placed by us or the police which indicates that the parking space is closed or not in operation.,No vehicle should be parked in any bay if a notice or sign from us or the police says the bay is closed or suspended.
M-7,282,The Local Authority determined its Admission Arrangements for Community and Voluntary Controlled Schools on 15 February 2017.,"On 15 February 2017, the Local Authority completed its Admission Arrangements for Community and Voluntary Controlled Schools.","The Local Authority decided on the Admission Arrangements for Community and Voluntary Controlled Schools on February 15, 2017."
M-7,283,You will also find a range of useful information leaflets and other facilities such as free internet access and freephone for accessing council services.,"You will also find a range of useful information leaflets and other facilities, for example, free internet access and freephone for contacting council services.","You will also find useful information leaflets. There is also free internet access available. Additionally, there is a freephone number for accessing council services."
M-7,284,If children are required to wear long sleeve tops and leggings then these must be lightweight and swim wear ie costume must be worn underneath or on top.,"If children need to wear long sleeve tops and leggings, then these must be lightweight.  Swimwear, i.e. a swimming costume, must also be worn, either underneath or on top.","If children need to wear long sleeve tops and leggings, they must wear lightweight swimwear either underneath or on top."
M-7,285,"When assessing representations on a planning application, we will give some weight to the outcomes from a meaningful and effective pre-application consultation exercise, if considered to be a valid consultation exercise, assessed against the criteria set out below.","When we look at planning application requests, we prefer to see the results of a good pre-application consultation exercise. To see if this consultation exercise is valid we will consider the below.","When assessing planning applications, we will consider the results of a valid pre-application consultation. This consultation must be meaningful and effective, judged against the criteria listed below."
M-7,286,"We have fiver weather stations across Sheffield that provides us with up-to-the-minute weather forecasts, helping us to decide when we need to grit the city ’ s roads.",There are five weather stations across Sheffield that provide us with up to date weather forecast. This helps us to decide when we need to grit the city's roads.,We have five weather stations in Sheffield that give us current weather forecasts. These forecasts help us decide when to grit the city's roads.
M-7,287,"The permit doesn't allow the holder to use other bus / tram gates in Hillsborough or elsewhere in Sheffield, this includes the ‘ inbound ’ bus or tram gates on Holme Lane or Middlewood Road.",You cannot use the permit on other bus/tram gates in Hillsborough or elsewhere in Sheffield. This includes the ‘incoming’ bus or tram gates on Holme Lane or Middlewood Road.,The permit does not allow using other bus or tram gates in Hillsborough or anywhere else in Sheffield. This includes the 'inbound' bus or tram gates on Holme Lane or Middlewood Road.
M-7,288,However the first 15 minutes of each meeting are available for members of the public to voice opinions or raise questions.,"In the first 15 minutes of each meeting, members of the public can express their opinions or ask questions.",The first 15 minutes of each meeting are open for members of the public to share opinions or ask questions.
M-7,289,The Fairbank Collection consists of the plans and business papers of the Fairbank family who practised as surveyors in Sheffield from about 1736 to 1848.,The Fairbank Collection contains the papers of the Fairbank family who worked as surveyors in Sheffield from the 1730s to the 1840s.,The Fairbank Collection includes the plans and business papers of the Fairbank family. They were surveyors in Sheffield from about 1736 to 1848.
M-7,290,"Organisations develop travel plans to manage employee travel, and any other travel to and from its sites, especially to reduce their carbon footprint and maximise access / travel options.",Companies develop plans to manage all travel to and from its sites. This is to reduce their carbon footprint and to improve access.,Organizations create travel plans to manage employee travel and other trips to and from their sites. This helps them reduce their carbon footprint and offer more travel options.
M-7,291,Where a young person is offered independent travel training the process will begin with an initial assessment of their skills and abilities.,The independent travel training process offered to a young person will start with a test of their skills and abilities.,"When a young person is offered independent travel training, the process starts with an assessment of their skills and abilities."
M-7,292,"The vision was to form a series of linked, quality, open spaces and pathways from Park Square roundabout through to Norfolk Park.","There was a vision of a chain of linked, high quality parks from Park Square roundabout through to Norfolk Park.","The goal was to create connected, high-quality open spaces and pathways from Park Square roundabout to Norfolk Park."
M-7,293,The site commands a high profile location on one of the busiest roads in Sheffield fronting the main A6102 Prince of Wales Road and comprises a former housing site which has been wholly demolished.,"The site is in a well-known location, on one of the busiest roads in Sheffield and in front of the main A6102 Prince of Wales Road. It contains a previous housing site that has been fully demolished.",The site is located on a busy road in Sheffield and has been developed from a former housing area that was completely demolished.
M-7,294,The registers are published in accordance with our statutory duty under Section 21 of the Flood and Water Management Act 2010 as Lead Local Flood Authority.,The registers are published under Section 21 of the Flood and Water Management Act 2010. The publications respect our statutory responsibility as Lead Local Flood Authority.,"The registers are published according to our legal duty under Section 21 of the Flood and Water Management Act 2010, as the Lead Local Flood Authority."
M-7,295,Consultation will also take place with local residents and / or businesses by placing public notices and issuing consultation forms at the site.,"Discussions will take place with local residents and businesses, and will be initiated by placing public notices and issuing consultation forms at the site.",We will also inform local residents and/or businesses by posting public notices and distributing consultation forms at the site.
M-7,296,We also ensure our other partners that we work with and their supply chain comply with the Equality Act 2010 via procurement procedures and contract monitoring.,We also ensure that our other partners and their supply chain comply with the Equality Act 2010 in their work.,We ensure that our partners and their supply chain follow the Equality Act 2010 through procurement procedures and contract monitoring.
M-7,297,It is not an alternative to the legal requirement of applying for building regulation approval before work is carried out.,"It cannot be done instead of applying for building regulation approval before work starts, which is a legal need.",It does not replace the need to apply for building regulation approval before starting any work.
M-7,298,"We are an Assessment Centre for organisations in the independent, private and voluntary sector (IPV), Health Authority and Children ’ s Trust working with organisations across Sheffield social care.","We  are an assessment centre for organisations that are; private, independent and voluntary. The Health Authority and Children's Trust work with Sheffield social care.","We are an Assessment Centre for organizations in the independent, private, and voluntary sectors, health authorities, and children's trusts. We work with social care organizations in Sheffield."
M-7,299,"However, there are a number of factors which present a poor image to visitors and passers by, including high volumes of HGV through-traffic, poor public space, untidy open spaces and run down vacant buildings and development plots.","However, there are a few factors which show a negative image to visitors and passers by, including high amounts of HTC through-traffic, bad public space, untidy open space and run down empty buildings and development plots.","There are several issues that give a bad impression to visitors and passers-by. These include a lot of heavy goods vehicles, poor public spaces, untidy areas, and rundown vacant buildings and development plots."
M-7,300,A very important factor to be considered before installing a solid fuel burner is that Sheffield is covered by the Clean Air Act.,A very important thing to think about before installing a solid fuel burner is that Sheffield is covered by the Clean Air Act,"Before installing a solid fuel burner, Sheffield must comply with the Clean Air Act. This act is very important to consider."
M-7,301,"On the night of 11 March 1864, the embankment of the Dale Dyke Dam collapsed and released 114 million cubic feet of water into the Loxley Valley.","On the night of 11 March 1864, the  Dale Dyke Dam failed and released 114 million cubic feet of water into the Loxley Valley.","On March 11, 1864, the embankment of the Dale Dyke Dam collapsed. This release of water flooded the Loxley Valley with 114 million cubic feet of water."
M-7,302,"If you want to carry out any kind of practical activity in the green spaces, then the 'Organising Practical Work Days Information Pack' will give you all the information you need to get started.",If you want to use the green spaces for activities our 'Organising Practical Work Days Information Pack' will help.,"If you want to do any practical activities in the green spaces, the 'Organising Practical Work Days Information Pack' contains all the necessary information to get started."
M-7,303,"Planning can assist in achieving this through supporting local centres, encouraging balanced communities through providing a good residential mix with appropriate infrastructure.",Planning can help to achieve this by supporting local centres.  Diverse communities can be encouraged to develop by providing a good residential mix with appropriate infrastructure.,Planning can help by supporting local centers. It can also encourage balanced communities by providing a good mix of residences and appropriate infrastructure.
M-7,304,"In advance of the demolition commencing, a programme of photographic recording work was carried out for us, to create a lasting visual record of the external and internal appearance of the buildings.","Before it was demolished, photos were taken to create a lasting record of the outside and inside look of the buildings","Before the demolition started, we had a programme of photographic recording to keep a lasting visual record of the buildings' external and internal appearance."
M-7,305,"In our duty to periodically review historic areas and to publish proposals for their future preservation and enhancement, we undertook a Conservation Area Appraisal in Broomhall.",It is our duty to check historic areas and publish plans to preserve and improve them. We therefore did a Conservation Area Appraisal in Broomhall.,We reviewed historic areas and published plans for preserving and enhancing them. We did this in Broomhall through a Conservation Area Appraisal.
M-7,306,"On the death of a secure tenant, who has not already had the tenancy passed to them by someone else, the tenancy is transferred to the person eligible to succeed.","On the death of a secure tenant, who has not already had the tenancy passed to them by someone else, the tenancy is given to the person eligible to succeed","When a secure tenant dies and has not passed the tenancy to someone else, it is transferred to the eligible successor."
M-7,307,Among other visitors were Charles Dickens and William Makepiece Thackeray who commissioned him to design the cover for the first edition of the Cornhill Magazine.,Among other visitors were Charles Dickens and William Makepiece Thackeray.  Thackeray instructed xxx to design the cover for the first edition of the Cornhill Magazine.,Charles Dickens and William Makepeace Thackeray were among the visitors. They both commissioned him to design the cover for the first edition of the Cornhill Magazine.
M-7,308,"Therefore, where a business wishes to put tables and chairs outside their premises for the purposes of providing an outside seating area for customers, the above consent is required and a licence must be applied for.",A licence and the above consent is needed for businesses wishing to provide an outdoor seating area by putting out tables and chairs.,"Therefore, businesses need consent and a license to place tables and chairs outside their premises for customer seating."
M-7,309,"Has an extensive range of topics and ideas related to starting up, running or supporting the development of small firms, including practical how-to guides.","Has a large range of topics and ideas related to starting up, running or supporting the development of small firms, including practical how-to guides","It covers a wide range of topics and ideas about starting, running, or supporting small businesses. This includes practical step-by-step guides."
M-7,310,The Munitions of War Act gave munitions factories and related industries priority over non-essential work and production lines were switched to munitions production.,The Munitions of War Act gave weapon factories and related industries priority over less important work. Production lines were moved over to munitions production.,The Munitions of War Act prioritized munitions factories and related industries over non-essential work. Production lines were then switched to making munitions.
M-7,311,"You will have a right to live in any property owned or rented in your name only or joint with your partner, regardless of whether you have lived there or ever intended to live there.","You will have a right to live in any property owned or rented in your name only or jointly with your partner, regardless of whether you have ever lived there or ever intended to live there.",You have the right to live in any property that is owned or rented in your name alone or jointly with your partner. This applies even if you have never lived there or intended to live there.
M-7,312,"A template for an Affordable Housing Statement is available as a download below, as well as a map showing the City's 12 Affordable Housing Market Areas.",A guide for an Affordable Housing Statement can be downloaded below. A map showing the City's 12 Affordable Housing Market Areas can also be downloaded.,A template for an Affordable Housing Statement is available for download. There is also a map showing the City's 12 Affordable Housing Market Areas.
M-7,313,"These tell you where technical documents will be required in support of your application, though you are advised to confirm the requirements with the case officer.","These tell you if you will need technical documents to support your application. However, it is best also to check with the case officer what documents are needed.","These documents tell you where technical materials are needed for your application. However, it is advised to confirm the specific requirements with the case officer."
M-7,314,"Where the law permits and where appropriate any personal information you disclosed to us may be shared with other organisations (such as the Health Service), in order to service to work together to ensure the safety of a child or vulnerable young person.",Personal information you disclosed to us may be shared with other organisations (such as the Health Service). This will only happen if law permits and it is appropriate to do so. This will hapen in order to service to work together to ensure the safety of a child or vulnerable young person,"If the law allows and it is appropriate, any personal information you share with us might be shared with other organizations, like the Health Service. This helps us work together to ensure the safety of children or vulnerable young people."
M-7,315,"You can still use your own library card to borrow books, cds and dvds, reserve books from any library for you to collect here, and use the People's Network computers for free.","You can still use your library card to borrow books, CDs and DVDs.  You can also reserve books from any library for collection here, and use the People's Network computers for free.","You can still use your own library card to borrow books, CDs, and DVDs. You can also reserve books from any library to collect here. Additionally, you can use the People's Network computers for free."
M-7,316,"Character Zones are a great way to discover the key historic developments that have left their mark on our surroundings; our place search and interactive map can tell you about the streets you live, work or go to school in.","Character Zones are a great way to discover historic developments that have marked our region; our place search and interactive map can tell you about the streets you live, work or go to school in","Character Zones are a great way to learn about the important historic developments in our area. Our place search and interactive map can provide information about the streets where you live, work, or go to school."
M-7,317,"If you are not a council tenant but live on the estate or in an ex council property covered by a TARA, you can join by paying £5 a year membership fee.","If you are not a council tenant but you live on the estate or in a former council property, you can still join, by paying a £5 a year membership fee.","If you live on the estate or in an ex-council property covered by TARA and are not a council tenant, you can join by paying a yearly membership fee of £5."
M-7,318,A postal vote enables you to receive and return your ballot paper via the post rather than going to the polling station.,"Rather than going to a voting station, another option is to vote by post as it allows you to get and return your voting slip.",A postal vote lets you receive and return your ballot paper by post instead of going to the polling station.
M-7,319,The final report (below) was endorsed by our Cabinet on 25 October 2006 as the basis for regeneration of the Upper Don Valley.,The final report (below) was approved by our Cabinet on 25 October 2006 as the basis for regeneration of the Upper Don Valley. *,"The final report was approved by our Cabinet on October 25, 2006, as the basis for regenerating the Upper Don Valley."
M-7,320,"We want to make it as easy as possible for businesses to offer work experience places or other types of support, especially for those who have never offered this before.","We want to make it as easy as possible for businesses to offer work experience and other types of support, especially for those who have never offered this before.","We want to make it easy for businesses to offer work experience or other support, especially for those who haven't done it before."
M-7,321,"During both World Wars, thousands of women were conscripted to work in the factories and steel mills to keep them running whilst the men were away fighting.","During both World Wars, thousands of women worked to keep the factories and steel mills running whilst the men were away fighting.","During both World Wars, many women were conscripted to work in factories and steel mills to keep them running while the men were away fighting."
M-7,322,"Part B requires 20% carbon reduction, but this is no longer required as the Building Regulations is at a higher standard than current planning policy and a further reduction would adversely affect viability.","The 20% carbon reduction figure in Part B is no longer a requirement, as the Building Regulations level is already higher than that required in current planning policy and a further reduction of that level would negatively affect viability.","Part B required a 20% carbon reduction, but this is no longer necessary because the Building Regulations are now stricter than the current planning policy. A further reduction would likely make the project less viable."
M-7,323,"The Social Care Institute for Excellence (SCIE) ’ s Dementia Gateway is designed to support people with dementia, their carers and staff working in dementia services.","The Social Care Institute for Excellence (SCIE)’s Dementia Gateway is designed to help people with dementia, their carers and staff working in dementia services.","The Social Care Institute for Excellence (SCIE) ’ s Dementia Gateway supports people with dementia, their carers, and staff working in dementia services."
M-7,324,The number of dogs and cats that may be accommodated will be specified on the licence along with other specific conditions.,"The licence will state how many dogs and cats can be housed, and also any other conditions.",The number of dogs and cats allowed will be stated on the licence. Other specific conditions will also be listed.
M-7,325,"We can also provide signposts to other organisations that could help such as housing, the health service or voluntary / charity organisations.",Some organisations can help you: the housing organisation; the health service; charity organisations; organisations where people can volunteer. We can give signposts to all these organisations.,"We can also direct you to other organizations that can offer help, such as housing services, health services, or charitable organizations."
M-7,326,Landowners can make a written declaration to us to state that they recognise all existing public paths on their land but do not want any new public paths to be created.,"Landowners can write to us to state that they recognise all existing public paths on their land, but do not want any new public paths to be built.",Landowners can tell us in writing that they acknowledge all current public paths on their land but do not want any new public paths created.
M-7,327,"The area is owned by several different parties, including ourselves, who work together to improve the landscape and ensure it is managed sustainably.","The area is owned by several different groups, including us, who work together to improve the area and make sure it is managed sustainably.","Several parties own the area, including us. We work together to improve the landscape and manage it sustainably."
M-7,328,See the Annual Equality Report or service reports such as translation and interpretation data for customer information.,"For customer information, check the Annual equality report or service reports. Two examples of these reports are translation and interpretation data.",You can see the Annual Equality Report or service reports like the translation and interpretation data for customer information.
M-7,329,"Several notable Sheffield men and women were deeply committed to temperance, for example William and Henry Ibbotson pioneered works temperance meetings, the Clegg family were influential in the British Temperance League and H. J. Wilson, a local politician spoke in favour of temperance.","Several famous Sheffielders were deeply committed to self control. There are many examples including Henry and William Ibbotson, the Clegg family and H J Wilson.","Several notable people from Sheffield supported temperance. William and Henry Ibbotson started temperance meetings. The Clegg family played a significant role in the British Temperance League. H. J. Wilson, a local politician, spoke in favor of temperance."
M-7,330,All new addresses created through the Street Naming and Numbering (SNN) process are included on our Local Land and Property Gazetteer.,A list of all the new addresses created through the Street Naming and Numbering (SNN) process can be found on our Local Land and Property Gazetteer.,All new addresses from the Street Naming and Numbering process are listed in our Local Land and Property Gazetteer.
M-7,331,With your green permit you can only stay for 2 hours in on-street pay and display bays in the city centre (with the exception of pay and displays in Central Zone 3 where there is no time limit).,You can only stay for 2 hours in on-street pay and display bays in the city centre with your green permit (with the exception of pay and displays in Central Zone 3 where there is no time limit),"With your green permit, you can stay for only 2 hours in on-street pay and display bays in the city centre. There is no time limit in Central Zone 3."
M-7,332,"When you are thinking of ending a tenancy, the most important point for a landlord to bear in mind is that, if you have a rent paying arrangement with someone, then, generally, you can ’ t evict them without a Possession Order from the Court, and then a bailiff ’ s warrant.","When ending a tenancy, the  landlord need remember  that if a rent paying arrangement is in place, you can’t evict them without a Possession Order from the Court, and a bailiff’s warrant","When you are thinking of ending a tenancy, a landlord must remember that, in general, they cannot evict someone without a Possession Order from the Court and a bailiff's warrant, unless you have a rent-paying arrangement with that person."
M-7,333,"Exception: residents of the Holme Lane, Loxley New Road and Vaughton zones do not need to provide proof of vehicle ownership.","Exception: residents of the Holme Lane, Loxley New Road and Vaughton areas do not need to provide proof of vehicle ownership.","Exceptions: Residents of the Holme Lane, Loxley New Road, and Vaughton zones do not need to provide proof of vehicle ownership."
M-7,334,Each month a Patent Attorney will give free advice during a 45 minute session to support you with developing and protecting your brand.,Each month a Patent Attorney will give free advice during a 45 minute session to help you with developing and protecting your brand.,"Each month, a Patent Attorney offers free advice for 45 minutes to help you develop and protect your brand."
M-7,335,Recording personal circumstances allows us to analyse how well we are meeting our commitments to different groups of customers.,Recording personal relations allows us to determine how well we are providing our service to different groups of customers,Recording personal circumstances helps us see if we are doing a good job meeting our promises to different customer groups.
M-7,336,We are proposing to move the bus stop on which is currently situated just below Richmond Park Road to a new lay-by which will be sited just below the Asda entrance on Handsworth Road.,We are suggesting to move the bus stop that is now positioned below Richmond Park Road to a new site. The new roadside stop will be just below the 'ASDA' supermarket entrance on Handsworth Road.,We propose moving the bus stop from just below Richmond Park Road to a new lay-by below the Asda entrance on Handsworth Road.
M-7,337,"It is about how everyone involved including elected members, officers, teachers and GPs recognise that they are corporate parents and understand what they can contribute for us to be the best corporate parents we can be to all children and young people in our care.","It is about how everyone involved recognise that they are corporate parents.  It is also about everyone involved contribute for us to be the best corporate parents we can be to all children and young people in our care. People involved include elected members, officers, teachers and GPs.","Everyone involved, including elected members, officers, teachers, and GPs, should recognize that they are corporate parents and understand how they can contribute to being the best corporate parents for all children and young people in our care."
M-7,338,We have chosen to allocate this local CIL to individual wards and to use our Local Area Partnerships as a mechanism for making decisions on how to spend the local CIL.,We have chosen to allocate this local CIL to individual districts and to use our Local Area Partnerships as a way of making decisions on how to spend the local CIL.,We have decided to distribute this local CIL to individual wards. We will use our Local Area Partnerships to make decisions about how to spend the CIL.
M-7,339,Better Bus Area funding from the Department for Transport can be used to improve bus journeys along this “Key Bus Route ” that is used by the 52.,Better Bus Route funding from the Department for Transport can be used to improve bus journeys along this “Key Bus Route” that is used by the 52.,"Better Bus Area funding from the Department for Transport can be used to improve bus journeys on this ""Key Bus Route."" The route is used by 52 people."
M-7,340,"Requests for information like this generally come from the Police, HM Revenue and Customs, UK Visas and Immigration and other organisations with the power to investigate crime and / or collect tax.","Requests for information like this generally come from the Police, HM Revenue and Customs, UK Visas and Immigration and other organisations who investigate crime and/or collect tax.","Requests for information usually come from the Police, HM Revenue and Customs, UK Visas and Immigration, and other organizations that can investigate crimes or collect taxes."
M-7,341,If the premises have not yet been constructed or are due to go under major refurbishment then an application for a provisional statement is required.,An application for a provisional statement is demanded if the premises have not been organized or are supposed to go under main refurbishment.,"If the premises are not yet built or are being extensively refurbished, an application for a provisional statement is needed."
M-7,342,"We provide a range of business databases, trade publications, business literature and guides to support your business information needs.","We provide various business databases, trade publications, business literature and guides to support your business information needs.","We offer various business databases, trade publications, literature, and guides to meet your business information needs."
M-7,343,"The threshold for buying goods still remains at £25,000 and any expenditure on goods over £25,000 is still subject to a full competitive tendering process led by a procurement professional.","The limit for buying goods still remains at £25,000. Any extra money on goods over £25,000 is still still subject to a full competitive tendering process led by a procurement professional.","The threshold for purchasing goods is still £25,000. Any spending over this amount must still go through a full competitive tendering process managed by a procurement professional."
M-7,344,"Selling the house does not in itself, help the landlord to get the house back, but the landlord is entitled to use the usual steps of proper Notice and applying to Court to get a tenant to leave.","If the landlord ants a tenant to leave the property, they cannot simply sell the house in order to get it back, but must use the normal steps of giving proper notice and writing to court.","Selling the house alone doesn't automatically help the landlord get it back. However, the landlord can use the usual legal steps, such as proper notice and applying to court, to ask a tenant to leave."
M-7,345,You need a Personal Identification Number (PIN) to request an item or view the ‘ My Account ’ section of our online library catalogue.,"To request an item or view the ‘My Account’ section of our online library catalogue, you must have a Personal Identification Number (PIN).",You need a PIN to request an item or view your 'My Account' section in our online library catalogue.
M-7,346,"If an application to vary, transfer or surrender an environmental permit has been refused or if the applicant objects to conditions imposed on the environmental permit they may appeal to the Secretary of State.","The applicant may appeal to the Secretary of State if they to change, transfer or surrender an environment permit has been refused or if they objects to conditions imposed on the environmental permit.","If an application to change, move, or give up an environmental permit is denied, or if the applicant disagrees with the conditions on the permit, they can appeal to the Secretary of State."
M-7,347,The Deregulation Act 2015 made important changes to the requirements for section 21 notices for tenancies beginning on or after 1 October 2015.,The Deregulation Act 2015 made important changes to what was needed for section 21 notices for tenancies beginning on or after 1 October 2015.,"The Deregulation Act 2015 changed the rules for section 21 notices starting from October 1, 2015."
M-7,348,Boer War battles such as that at Spionkop are remembered in football stadiums which took the names for parts of their stadium.,The Boer War Battles such as Spionkop or remembered in the football stadiums named after them.,Football stadiums that took names from parts of the Spionkop battlefield remember Boer War battles like the one at Spionkop.
M-7,349,"A Unilateral Obligation will need to be accompanied by a site plan, with the site clearly identified, and an office copy of the land registry ownership details to prove that the signatory of the obligation is entitled to enter into that obligation.","A Unilateral Obligation agreement requires from the signee: a site plan, with the site clearly identified, alongside an office copy of the land registry ownership details. These must be met to be entitled to enter the agreement.",A Unilateral Obligation needs a site plan to show the location clearly. It also needs an office copy of the land registry ownership details to prove that the person signing the obligation has the right to enter into it.
M-7,350,Don ’ t panic – you can buy one from Sheffield Libraries for just £3.50 each for Festival of Fun and then use it at Learning Destinations across the city when summer activities have ended!,"Don't panic - you can buy one from Sheffield Libraries for just £3.50.  This can be used for Festival of Fun, and then at Learning Destinations across the city when summer wactivities have ended.","Don't panic – you can buy a card for just £3.50 from Sheffield Libraries for the Festival of Fun. Then, you can use it at Learning Destinations across the city after summer activities end!"
M-7,351,If we haven ’ t received your payment within 28 days (or within 14 days of the reply of a formal challenge) we will send the registered keeper a Notice to Owner (NtO) letter.,If we haven't received your payment within 28 days (or within 14 days of the formal complaint) we will send a Notice to Owner (NtO) letter to the registered owner.,"If we haven't received your payment within 28 days (or 14 days after a formal challenge response), we will send a Notice to Owner (NtO) letter."
M-7,352,"We know that the majority of student landlords in the city are professional, responsible and work in full cooperation with us.",We work with the majority of student landlords in the city and know that they are professional and responsible.,"Most student landlords in the city are professional, responsible, and cooperate with us fully."
M-7,353,Membership does not necessarily guarantee standards but can indicate a degree of commitment and a desire to keep up to date with the latest techniques and information.,Membership may not guarantee standards but can show a degree of commitment and a desire to keep up to date with the latest techniques and information.,"Membership shows a degree of commitment and a desire to stay updated, but it does not ensure certain standards."
M-7,354,"However, we know a lot less about whether certain age groups, disabled people, or people from specific ethnicities or sexual orientations are accessing services that would help them.","However, we know a lot less than before about whether certain age groups, disabled people, or people from specific ethnic groups or sexual orientations are using services that would help them.","We know less about whether certain age groups, disabled people, or people from specific ethnicities or sexual orientations are using the services that could help them."
M-7,355,"We believe high quality Urban Design is of critical importance to the city, supporting Sheffield ’ s transformation, promoting sustainable development and delivering high quality places.","We believe high quality Urban Design is very important to the city. It supports Sheffield’s transformation, promots economic advances and delivers high quality places.","We believe high-quality urban design is very important for the city. It supports Sheffield's transformation, promotes sustainable development, and creates excellent places."
M-7,356,"As part of the national curriculum, children are entitled to high quality physical education that inspires all children to succeed and excel in competitive sport and other physically demanding activities.",Children are entitled to high quality physical education. This will push all children to succeed and do well in competitive sport and other physically demanding activities. Physical education is part of the national curriculum.,Children are entitled to high-quality physical education as part of the national curriculum. This education inspires all children to succeed and excel in competitive sports and other physically demanding activities.
M-7,357,"This includes an on-line sign up for subscription services, billing, establishing SLA ’ s and contracts with maintained schools and academies respectively, and assisting all schools to access the services that you need.","This comes with an online sign up. Use this for; subscription services, billing, creating SLA's with schools, creating contacts with academies and helping schools to use your services.","This includes signing up online for subscription services, setting up billing, creating SLAs and contracts with maintained schools and academies, and helping all schools access the services they need."
M-7,358,"The Register of Members' Interests is also open for inspection by the public during normal office hours at the Town Hall, Pinstone Street, Sheffield.","The Register of Members' Interests is also open for viewing by the public during normal office hours. It is held at the Town Hall, Pinstone Street, Sheffield.","The public can inspect the Register of Members' Interests during normal office hours at the Town Hall on Pinstone Street, Sheffield."
M-7,359,Improve awareness and understanding of child poverty in order to mobilise staff across our partnership to take action to tackle it.,Raise awareness and understanding of child poverty so we can mobilise staff across our partnership to tackle it.,Improve awareness and understanding of child poverty to encourage staff in our partnership to take action against it.
M-7,360,"In the 19th century many arrived in Britain as seamen and traders and they settled close to ports such as London, Cardiff and Bristol.","In the 1800's, many people arrived in Britain as sailors and traders. They started living near ports like London, Cardiff and Bristol.","In the 19th century, many people came to Britain as seamen and traders. They settled near ports like London, Cardiff, and Bristol."
M-7,361,Please note the Environment Agency map and associated information is intended for guidance and cannot provide details for individual properties.,Please note the Environment Agency map and the information with it is intended for guidance and cannot provide details for individual homes.,Please note that the Environment Agency map and associated information are provided for guidance only and do not include details of individual properties.
M-7,362,"The system continued until the Local Government Act of 1929 came into effect on 1 April 1930, putting the responsibility for care onto Public Assistance committees of local authorities.",The system continued until the Local Government Act of 1929 came into force on 1 April 1930.  This put the responsibility for care onto Public Assistance committees run by local authorities.,"The system continued until April 1, 1930, when the Local Government Act took effect. At that point, the responsibility for care was placed on the Public Assistance committees of local authorities."
M-7,363,It has 6 training rooms that have been designed to support delivery via presentations and Smart Board interactive learning.,It has 6 training rooms that have been designed to help people give presentations including the Smart Board for interactive learning.,It has 6 training rooms designed for presentations and interactive Smart Board learning.
M-7,364,"They are documents that are supported by all the different people and agencies that work, live, and provide services in the area.","Different people and agencies that work, live, and give services in the area support these documents.","These documents are supported by everyone who works, lives, and provides services in the area."
M-7,365,A number of local documents relating to the Civil War survive in Sheffield Archives and Local Studies Library collections.,There are a number of local documents about the Civil War in Sheffield Archives and Local Studies Library collections.,Several local documents from the Civil War are kept in the Sheffield Archives and Local Studies Library.
M-7,366,"The Coal Authority has identified and mapped higher risk areas, which they have designated as Development High Risk Areas (DHRAs).","The Coal Authority has found and marked higher risk areas, which they have named as Development High Risk Areas (DHRAs) *",The Coal Authority has identified and mapped areas with higher risks. They have designated these areas as Development High Risk Areas (DHRAs).
M-7,367,Licences issued by the Copyright Licensing Agency Limited (or any similar body or replacement or successor body) do not extend to the use of documents or web pages for commercial purposes.,Licences issued by the Copyright Licensing Agency Limited (or any similar body) do not include the use of documents or web pages for commercial purposes. *,"Licenses from the Copyright Licensing Agency Limited, or similar bodies, do not cover using documents or web pages for commercial purposes."
M-7,368,Women over 30 were granted the vote in 1918 and almost everyone over the age of 21 could take part in an election by 1928.,Women over 30 were able to vote in 1918. And almost everyone over the age of 21 could vote in an election by 1928.,"In 1918, women over 30 were allowed to vote. By 1928, almost everyone over 21 could participate in elections."
M-7,369,We will send a copy of your application to our Animal Control and Enforcement Section who will arrange to inspect your premises.,We will send a copy of your application to the Animal Control and Enforcement Section. They will arrange to inspect your shop.,We will send a copy of your application to our Animal Control and Enforcement Section. They will arrange to inspect your premises.
M-7,370,"When in the city centre you can find taxis at various locations, including the railway station and Barkers Pool (between the City Hall and Town Hall).","When in the city centre you can find taxis at many different places, maybe railway station and Barkers Pool (between the City Hall and Town Hall)","In the city centre, you can find taxis at various locations, such as the railway station and Barkers Pool (between the City Hall and Town Hall)."
M-7,371,In order to constitute a qualifying club you must also satisfy the various requirements set out in the Licensing Act 2003 – see eligibility criteria.,See eligibility criteria to check if you are a qualifying club. You must fulfil the different requirements stated in the Licensing Act 2003.,"To constitute a qualifying club, you must also meet the various requirements outlined in the Licensing Act 2003. For more details on the eligibility criteria, see the criteria listed in the Licensing Act 2003."
M-7,372,"If you make any changes to your cooling tower or evaporative condenser, you must also tell us about them in writing immediately.",you must also tell us if you make any changes to your cooling tower or evaporative condenser,"If you make any changes to your cooling tower or evaporative condenser, you must notify us in writing immediately."
M-7,373,"Where a child is on roll at a school, referrals must be made by schools and parent / carer permission for placement is always required.",A child can be registered at a school (or educational institution). The school can decide to refer the child for placement. The parent or carer of the child can choose to accept this placement or not.,"When a child is enrolled in a school, referrals must be made by the school. Parent or carer permission is always needed for the child's placement."
M-7,374,"And although it is not expected of you that you will have prepared in advance for the assessment, it would help you to think of all the extra things you do as a carer and in particular the amount of time you spend on each of them.","You are not expected to prepare in advance for the test. However, it will help you to think of all the extra things you do as a carer, and in particular how much time you spend on each of them.","While you don't need to prepare in advance for the assessment, it would be helpful to think about all the extra things you do as a carer. In particular, consider the amount of time you spend on each of them."
M-7,375,"This service is especially useful for anyone interested in locating potential suppliers, compiling a directory of useful addresses, researching the competition or conducting a business analysis by region or industry.","This service is especially useful for anyone interested in locating future suppliers, compiling a directory of useful addresses, researching the competition or conducting a business analysis by region or industry.","This service is particularly helpful for finding potential suppliers, creating a directory of useful addresses, researching competitors, or performing a business analysis by region or industry."
M-7,376,"If you do not tell your landlord in writing about the problems with the house, you will not have any protection against a section 21 notice in the time before we give the landlord a relevant Notice.","If you do not tell your landlord in writing about the problems with the house, you will not have any defence against a section 21 notice in the time before we give the landlord this  Notice.","If you do not inform your landlord in writing about house problems, you will have no protection against a section 21 notice until we give the landlord a relevant notice."
M-7,377,"Anyone over the age of 18 can be appointed as your proxy, as long as they are eligible to vote in the election and are willing to vote on your behalf.",Anyone over the age of 18 can be chosen as your proxy. They must be legally able to vote in the election. They must be willing to vote on your behalf.,Anyone over 18 can be your proxy as long as they are eligible to vote and willing to cast your ballot for you.
M-7,378,"An address was included for each household but house numbers were rarely provided, in rural areas often only the name of the village would be provided.",An address was included for each house but house numbers were not normally given. In the countryside often only the village name would be given.,"Addresses were given for each household, but house numbers were usually missing. In rural areas, only the village name was often provided."
M-7,379,If you wish to be married in the Church of England you will need to speak to the vicar of the church in which you wish to marry.,If you wish to be married in the Church of England you will need to speak to the vicar of the church in which you want to marry.,"If you want to get married in the Church of England, you should speak to the vicar of the church where you plan to marry."
M-7,380,"The legislation clearly places responsibility on the complainant to attempt to first resolve the dispute, either directly with the hedge-owner or through the use of mediation, before making a complaint to us.",The legislation clearly places responsibility on the people who are on the complaining side to attempt to resolve the dispute first. This could be directly with the hedge-owner or through the use of mediation. Then they can make a complaint to us.,The legislation requires the complainant to first try to resolve the dispute. This can be done by directly talking to the hedge-owner or using mediation. Only after this should the complainant make a complaint to us.
M-7,381,"Candidates must produce their full driving licence at the time of the test, for holders of photo-card licences both parts must be presented.","People taking their test must show their full driving licence. If you have a photo-card, you must show this and the paper part of your licence.","Candidates must show their full driving licence during the test. For holders of photo-card licences, both parts must be presented."
M-7,382,"This strategy reflects how we are going to meet that ambition for our children and young people who are in care, who have been adopted and who are care leavers.","This strategy shows how we are going to help our children and young people. It refers to children and young people who are in care or who have left care, and those who have been adopted.","This strategy shows how we plan to achieve our goal for children and young people in care, those who have been adopted, and care leavers."
M-7,383,"The Park Care Meals company provides a hot meal service delivered to your door - main meals and dessert, and a cold tea meal if required.","The Park Care Meals company provides a hot meal service delivered to your home. They provide main meals and dessert, and a cold tea meal if needed.","The Park Care Meals company delivers hot meals to your door, including main courses and desserts. They also provide a cold tea meal upon request."
M-7,384,The Corporate Parenting Board have developed the 7 strategic priorities in this document and an action plan for their delivery.,The Corporate Parenting Board has decided the 7 main priorities in this document.  They have also decided on an action plan to carry out those priorities.,The Corporate Parenting Board developed 7 strategic priorities in this document. They also created an action plan for implementing these priorities.
M-7,385,"Archaeological Services WYAS (ASWYAS), with support from South Yorkshire Archaeology Service and funding from English Heritage (now Historic England), spent time in 2013-2014 improving the information held by the South Yorkshire Sites and Monuments Record (SMR) relating to Palaeolithic and Mesolithic sites and find spots within the county.","Archaeological Services WYAS (ASWYAS), with support from South Yorkshire Archaeology Service and funding from English Heritage (now Historic England), spent time in 2013-2014 improving the information held by the South Yorkshire Sites and Monuments Record (SMR) relating to Palaeolithic and Mesolithic sites and find spots within the county","In 2013-2014, ASWYAS, along with South Yorkshire Archaeology Service and funding from Historic England, worked to improve the information about Palaeolithic and Mesolithic sites and find spots in the South Yorkshire SMR."
M-7,386,"Where a vehicle is sold, the proceeds of any sale will be used to cover the costs of seizing vehicles suspected of waste crimes.","Where a vehicle is sold, the profits of any sale will be used to pay for the costs of confiscated vehicles that are suspected of waste crimes.","When a vehicle is sold, the money from the sale will be used to pay for the costs of seizing vehicles that are suspected of waste crimes."
M-7,387,"ESCAL acts as an umbrella for a range of services, projects, initiative and strategies already being delivered to parents and young children across the city.","ESCAL includes a range of services, projects, initiatives and strategies already being delivered to parents and young children across the city.","ESCAL provides an umbrella for various services, projects, initiatives, and strategies aimed at parents and young children throughout the city."
M-7,388,The aim is to support parent carers to continue to care for their disabled children at home and to enable them to do so more effectively.,The objective is to help parent careers to care for their children at home more effectively.,The goal is to help parent carers continue caring for their disabled children at home more effectively.
M-7,389,"If you have a blue badge (disabled persons parking permit) you can park in one of our disabled parking bays, a map of these is shown below.",If you have a blue badge (disabled persons parking permit) you can park in one of our disabled parking places. A map of these places is shown below.,"If you have a blue badge, you can park in one of our disabled parking bays. A map of these bays is shown below."
M-7,390,"Even though we have suffered from huge government cuts over the last 6 years that look set to continue, we recognise that both local libraries and a city centre library are an important component of our Library offer.","Even though we have suffered from government cuts over the last 6 years that look set to continue, we recognise that both local libraries and a city centre library are important to you","Despite government cuts over the last six years, we still think local and city centre libraries are important."
M-7,391,"As a general rule, we will use the property description that the Valuation Officer gives your property when it is valued as a guide to whether the property should be exempt.",Usually we use the description the Valuation Officer gives your property when valued as a guide to whether the property should be exempt.,We will use the Valuation Officer's property description as a guide to determine if the property should be exempt.
M-7,392,"We don't differentiate between any of the information we gather from the website, nor have pages specifically aimed at children and young people.",We do not differentiate between any information we get from the website. We also do not aim pages directly at children/young people.,We treat all information collected from the website the same. We do not have special pages for children and young people.
M-7,393,"To the north and west are open fields, to the south Ecclesfield merges into the northern suburbs and the east is extensive industrial development in Blackburn Brook.",To the north and west are open fields. To the south Ecclesfield merges with the northern suburbs. To the east there is a large-scale industrial development in Blackburn Brook.,"To the north and west, there are open fields. To the south, Ecclesfield connects with the northern suburbs. In the east, there is extensive industrial development in Blackburn Brook."
M-7,394,"The eventual purchaser will be required to undertake the appropriate site investigations including intrusive ground investigation, topographical, and drainage surveys.","Appropriate land investigations - including intrusive ground investigation, topographical and drainage surveys - will have to be done by the final buyer.","The eventual purchaser must conduct site investigations, which include intrusive ground investigation, topographical surveys, and drainage surveys."
M-7,395,Following a number of comments regarding the proposals we revisited the design to address as many concerns as possible.,"As comments were made about the proposals, we double checked the design to resolve as many of the concerns as possible.",We revisited the design after receiving several comments about the proposals. Our goal was to address as many concerns as possible.
M-7,396,"The forum puts you, as a carer, at the centre of good quality adult social care services and lets you work together with senior managers to check up on the quality of services, and find ways to make things better.",As a carer the group puts you at the centre of good quality adult social care services. It also lets you work with senior managers to check the quality of services and make things better.,"The forum focuses on you, the carer, to improve adult social care services. It allows you to collaborate with senior managers to check the quality of services and find ways to make them better."
M-7,397,Many of the records were then stored together and were destroyed as a consequence of bombing during the Sheffield blitz in World War II.,Many of the records were then stored together and were destroyed because of bombing during the Sheffield blitz in World War II.,Many records were stored together and were destroyed during the Sheffield blitz in World War II.
M-7,398,The fact that the role is so enjoyable is probably one of the main reasons why there are so many governors giving up their time to help.,The role being so enjoyable is probably one of the main reasons why there are so many governors giving up their time to help.,"The role is very enjoyable, which is likely why many governors volunteer their time to help."
M-7,399,"If your child has achieved a Gold Award (for 100, 200, 300 hours etc), we ’ ll invite them to attend a special awards ceremony.","If your child has got a Gold Award (for 100 plus hours), we’ll invite them to come to a special awards event.","If your child has earned a Gold Award (for 100, 200, 300 hours, etc.), they will be invited to a special awards ceremony."
M-7,400,"Each week you will cover a specific topic, including juggling a busy life so you get all you need, mealtime tips, ideas for positive play and managing behaviour for a happy home.","Each week you will review a specific topic. Examples include: managing a busy life to get all you need, mealtime tips, ideas for positive play and managing behaviour for a happy home.","Each week, you will cover a specific topic. These topics include juggling a busy life, mealtime tips, positive play ideas, and managing behaviour for a happy home."
M-7,401,"Sheffield is one of the UK's largest cities and part of a group of 10 local authorities that make up the Core Cities, and forms part of the Sheffield City Region, with 9 other areas.","Sheffield is one of the UK's largest cities. Sheffield is part of a group of 10 local councils that make up the Core Cities. It forms part of the Sheffield City Region, with 9 other areas. *","Sheffield is one of the UK's largest cities. It is part of the Core Cities group, which includes 10 local authorities. Sheffield is also part of the Sheffield City Region, along with nine other areas."
M-7,402,All of our decisions are made under the Town and Country Planning Act (1990) and National Planning Policy Framework (NPPF).,All our decisions are based on the Town and Country Planning Act (1990) and the National Planning Policy Framework (NPPF).,All our decisions are made according to the Town and Country Planning Act (1990) and the National Planning Policy Framework (NPPF).
M-7,403,We also grant licenses to any street market or car boot sale in Sheffield and you can find details of all of those on this site.,We also issue licences to street markets and car boot sales in Sheffield.  You can find details of all of these on this website.,We also grant licenses to street markets and car boot sales in Sheffield. You can find details of all the licensed events on this site.
M-7,404,"It will also help, if you have kept clear records of having tried to speak to your tenants in a reasonable way, before taking legal action.","It would help if you have clear records of trying to speak to your tenants reasonably, before taking legal action.","If you have recorded your efforts to talk to your tenants reasonably before taking legal action, it will also be helpful."
M-7,405,Our guidance and specification documents provide developers with information for the design of new residential or commercial roads and their associated works.,"Our help and specification documents provide the information developers need to design new residential or commercial roads, including the works required.",Our guidance and specification documents give developers information for designing new residential or commercial roads and their related works.
M-7,406,"For example, if you are moving home, you will be sent a revised bill for your old address for charges up to the date you left.","If you are moving home, you will receive a bill for purchases done until the date you left.","If you are moving home, you will receive a revised bill for your old address, covering charges up to the date you left."
M-7,407,"Copy minutes 1891 / 2 – 1929 / 30; Statement of Accounts, 1884 – 1930 (with gaps); Guardian handbook and list of committees, 1894-1904, 1906-1929 (Local Studies Library 352.9 S and 352.9 SQ).","Copy minutes 1891/2–1929/30; Statement of Accounts, 1884–1930 (with gaps); Guardian handbook and list of committees, 1894-1904, 1906-1929 (Local Studies Library 352.9 S and 352.9 SQ).","Copy the minutes from 1891/2 to 1929/30. Use the Statement of Accounts from 1884 to 1930, which has some missing years. Refer to the Guardian handbook and list of committees from 1894-1904 and 1906-1929. These documents are located in the Local Studies Library under the call numbers 352.9 S and 3"
M-7,408,Sheffield Central Riverside is an area immediately to the north of the city centre core and straddling the Inner Relief Road North and the River Don.,Sheffield Central Riverside is an area directly north of the city centre and is close to the Inner Relief Road North and the River Don.,Sheffield Central Riverside is an area located to the north of the city center. It runs between the Inner Relief Road North and the River Don.
M-7,409,"This kind of notice is usually given if you are in arrears of rent, have damaged the property, or the landlord says you have caused anti social behaviour.","This kind of warning is usually given if you are behind on rent, if you have damaged the property, or if the landlord says you have caused anti social behaviour.","This notice is typically given if you are behind on rent payments, if you have damaged the property, or if the landlord believes you have engaged in anti-social behavior."
M-7,410,This includes Neighbourhood Planning where a community can come together and produce a plan to shape how their local area should develop and grow.,The Neighbourhood Planning includes the fact that a neighbourhood can unite  and make a plan to control how their local area should improve and grow.,"This includes Neighbourhood Planning, where a community can work together to create a plan for how their local area should develop and grow."
M-7,411,"If your child has a Statement of Special Educational Needs (SEN) or an Educational Health Care Plan (EHCP), or is currently undergoing an assessment for an EHCP, they may be eligible for travel support.","Your child may be able to get support for travel. They can get this if they have a Statement of Special Educational Needs (SEN) or an Educational Health Care Plan (EHCP), or if they are being assessed for an EHCP.","If your child has a Statement of Special Educational Needs (SEN) or an Educational Health Care Plan (EHCP), or is being assessed for an EHCP, they might be eligible for travel support."
M-7,412,"If you would like to pay monthly then payment is due on the 1st of every month, starting the 1st October 2017 then throughout the academic year.","If you want to pay monthly, then payment is due on the 1st of every month starting on 1st October 2017 and continuing for the rest of the academic year.","If you want to pay monthly, the payment is due on the 1st of every month, starting from October 1st, 2017, throughout the academic year."
M-7,413,"In addition to all the free activities happening as part of the CU Festival of Fun, there are loads more activities happening at Learning Destinations across Sheffield.","In addition to all free activities at the CU Festival of Fun, there are also a lot more activities at Learning Destination across Sheffield.","In addition to free activities during the CU Festival of Fun, there are many more activities taking place at Learning Destinations across Sheffield."
M-7,414,"Mobile consent holders are not permitted to remain static for more than 20 minutes, and cannot return to the same site within the week (site refers to an 500 metre radius).",Mobile consent holders can stop in a location for no more than 20 minutes. They must then wait a week before returning to stop anywhere within 500 m of this location.,Mobile consent holders cannot stay in one place for more than 20 minutes. They also cannot go back to the same site within a week. The site means an area of 500 metres.
M-7,415,"Action to take possession of your property may be taken by your mortgage lender or, if the property is leasehold, by the freeholder of the land.","Action to take possession of your house may be taken by either your mortgage lender or by the freeholder of the land, if the property is leasehold.","Your mortgage lender may take action to take possession of your property. If the property is leasehold, the freeholder of the land may also take this action."
M-7,416,The document below lists the main sources at Sheffield Archives & Local Studies which can be used to investigate the history of Sheffield's place in the exhibitions.,The document below lists the main sources at Sheffield Archives & Local Studies. They can be used to understand the history of Sheffield's place in the exhibitions.,The document below lists the main sources at Sheffield Archives & Local Studies for investigating Sheffield's exhibition history.
M-7,417,In general they are sited in areas where we think air pollution may be at risk of going above Government air pollution objectives.,In general they are in areas where we think air pollution may risk going above Government air pollution limits.,"In general, they are located in areas where we believe air pollution might exceed government objectives."
M-7,418,"For example, past experience indicates that Lunch Clubs have not always worked for all BME communities and this fund is to give BME Voluntary, Community and Faith organisations a chance to try different activities that will reduce loneliness and social isolation, and help people to make new friends and connections.","Past experience shows that Lunch Clubs have not always worked for all BME communities. This fund is to give BME Voluntary, Community, and Faith organisations a chance to try different activities that will lead to less loneliness and social isolation, and help people to make new friends and connections.","Past experience shows that Lunch Clubs haven't always suited all BME communities. This fund allows BME Voluntary, Community, and Faith organizations to try various activities. These activities aim to reduce loneliness and social isolation, and help people make new friends and connections."
M-7,419,By the 19th century this housing was seen as very poor due to overcrowding and unsanitary conditions and by the 20th century slum clearance programmes had removed a lot of the original buildings replacing them with much larger light industrial units and in some cases clearing the land altogether.,By the 19th century this housing was seen as very poor due to overcrowding and unsanitary conditions. By the 20th century slum clearance programmes had removed a lot of the original buildings which were replaced with much larger light industrial parts replaced. In some cases slum clearance programmes cleared the land altogether.,"In the 19th century, this housing was considered very poor because it was overcrowded and had unsanitary conditions. By the 20th century, many of the original buildings were cleared. Slum clearance programs replaced them with larger light industrial units. In some cases, the land was completely cleared."
M-7,420,If you need to access school premises out of opening hours then please contact us as we have a list of school caretakers and contact numbers.,You can access the school areas out of opening hours. In this case please contact us for a list of school caretakers and contact numbers.,"If you need to access school premises outside of opening hours, please contact us. We have a list of caretakers and contact numbers."
M-7,421,The Animal Boarding Establishments Act 1963 controls commercial kennels and catteries and home boarding establishments.,"The Animal Boarding Establishments Act 1963 controls; commercial kennels, catteries and home boarding establishments.","The Animal Boarding Establishments Act 1963 regulates commercial kennels, catteries, and home boarding establishments."
M-7,422,"If your employer offers childcare vouchers or arranges your childcare, you can get up to £933 a year in tax and National Insurance savings.","If your employer offers childcare vouchers or arranges your childcare, you can save up to £933 a year in tax and National Insurance contributions","If your employer provides childcare vouchers or arranges childcare, you can save up to £933 a year in tax and National Insurance."
M-7,423,"The intention is that this allowance covers all the costs of looking after a child, including food, clothing, activities, pocket money, transport, gas, electric, etc.","This allowance should cover all the costs of looking after a child, including food, clothing, activities, transport, electric, etc.","This allowance covers all the costs of taking care of a child, including food, clothing, activities, and transportation."
M-7,424,"All Streets Ahead tree assessors hold current professional tree inspector qualifications from LANTRA, this is the UK ’ s Sector Skills Council for land-based and environmental industries.",All Streets Ahead tree assessors have professional tree inspector qualifications from LANTRA. LANTRA is the UK’s Sector Skills Council for land-based and environmental industries.,All Streets Ahead tree assessors have current professional tree inspector qualifications from LANTRA. LANTRA is the UK's Sector Skills Council for land-based and environmental industries.
M-7,425,"Information on births, marriages and deaths held by local registrars and the GRO is only available in the form of a certificate, issued on payment of a fee.","Births, marriages and death information held by local officers and the GRO is only available in certificate form, given on payment of a fee.","Information on births, marriages, and deaths is only available as a certificate from local registrars or the GRO. This certificate is issued for a fee."
M-7,426,"However, the conspirators were betrayed; Holberry and his colleagues were arrested and peace was restored in Sheffield.","However, the conspirators were betrayed. Holberry and his colleagues were arrested and peace was back in Sheffield.","However, the conspirators were betrayed. Holberry and his colleagues were arrested, and peace was restored in Sheffield."
M-7,427,"We have a fully equipped on-site kitchen and our Chef uses only the finest ingredients from small local suppliers, offering a high quality bespoke service.","We have a fully equipped on-site kitchen and our Chef uses only the best ingredients from boutique local suppliers, offering a high quality customised service.","We have a well-stocked kitchen on-site. Our chef uses the best ingredients from nearby local suppliers to offer a high-quality, personalized service."
M-7,428,Some schools allow staff to give particular medicines for a short period of time if in a prescribed form and labelled with the child ’ s name and dosage.,Some schools allow staff to give certain medicines for a short time if they are prescribed and clearly labelled with the child’s name and dosage.,Some schools allow staff to provide certain medicines for a short time if they are in prescribed form and labeled with the child's name and dosage.
M-7,429,"An index of almost 8,000 obituaries that are likely to be found in the local newspapers, between 1850 and 1975, was compiled by Peter Harvey in 1984.","In 1984, Peter Harvey collected almost 8,000 obituaries from local newspapers dating between 1950 and 1975.","Peter Harvey compiled an index of over 8,000 obituaries that were likely found in local newspapers between 1850 and 1975 in 1984."
M-7,430,"We provide information, help and advocacy to parents, carers and others by suggesting approaches and ways of dealing with issues, to reduce the number of referrals that might otherwise become formal complaints.","We provide information, help and support by suggesting ways of dealing with issues to reduce the number of referrals that might otherwise become formal complaints.","We offer advice and support to parents, carers, and others by suggesting methods to handle issues. This helps reduce the number of formal complaints."
M-7,431,"Here you can find out the various licensing certificates, licences, permits, consents and registrations which businesses need to operate within the city and how we manage these.","Here you can find out the various licensing certificates, licences, permits, consents and registrations which businesses need to operate within the city and how we manage these.","Here you can learn about the different licenses and permits businesses need to operate in the city, and how we manage them."
M-7,432,"The day after the application has been received by us, a notice (printed on pale blue paper) must be clearly displayed on the premises for 28 days.","The day after the application has been received, a notice (printed on pale blue paper) must be clearly shown in the building for 28 days.","After we receive your application, you must display a clear notice (printed on pale blue paper) on the premises for 28 days."
M-7,433,"If dogs are not kept properly, accidents and nuisance can become commonplace, so dog owners must make sure that their dog doesn't cause any problems.","If dogs are kept improperly, accidents can be common, so dog owners must ensure their dog causes no issues.","If dogs are not well taken care of, accidents and nuisances can happen often. Therefore, dog owners must ensure their dogs do not cause any problems."
M-7,434,"Not only were hospitals unable to cope, but with a shortage of both labour and coffins, mortuaries and undertakers were overwhelmed.","A shortage of workers and coffins, meant hospitals, mortuaries and undertakers were overwhelmed.","Hospitals could not cope. There was also a shortage of labor and coffins, which overwhelmed mortuaries and undertakers."
M-7,435,In certain circumstances headteachers may authorise a limited amount of absence for a child to take part in a performance or sporting event.,Headteachers may sometimes decide that a child can be absent from school a few times to take part in a performance or a sports event.,"In some cases, headteachers may allow a child to miss school for a performance or sporting event."
M-7,436,"The system is designed to provide CCTV coverage of the city centre, Meadowhall, Lower Don Valley, Burngreave, Tinsley, Darnall, Park Hill and traffic management bus lane enforcement.","The system is designed to provide CCTV coverage of the city centre, Meadowhall, Lower Don Valley, Burngreave, Tinsley, Darnall, Park Hill and traffic management bus lane execution.","The system is designed to provide CCTV coverage of the city centre. It also covers Meadowhall, Lower Don Valley, Burngreave, Tinsley, Darnall, and Park Hill. Additionally, the system enforces traffic management bus lane rules."
M-7,437,You must submit with your application a £100 non refundable fee to cover the costs of processing your application (if granted this will be deducted from your overall fee).,You must submit with your application a £100 non refundable fee to cover the costs your application. (If successfulthis will be deducted from your total fee).,You must include a £100 non-refundable fee with your application to cover processing costs. This fee will be subtracted from your total fee if your application is granted.
M-7,438,"Recently Learning Away has been researching into what makes a brilliant residential visi, tand what the benefits are for your children.",Recently Learning Away has been looking at what makes a brilliant home visit.  It has also been looking at why home visits are good for your children.,"Recently, Learning Away has been studying what makes a great residential visit and the benefits it can provide for your children."
M-7,439,With the theme of ‘ How can life go on? ’ HMD 2017 asks people to think about what happens after genocide and of our own responsibilities in the wake of such a crime.,"HMD 2017 asks people, with the theme of 'How can life go on?' to think about what happens after genocide and about our responsibilities regarding this crime.",HMD 2017 has the theme 'How can life go on?' It asks people to consider what happens after genocide and our responsibilities following such an event.
M-7,440,"We ’ re required by law to prepare a schools ’ budget statement each financial year (section 251 of the Apprenticeships, Skills, Children and Learning Act 2009).","We’re required by law to prepare a schools’ budget report each financial year (section 251 of the Apprenticeships, Skills, Children and Learning Act 2009).","We are legally required to create a schools' budget statement each financial year. This is according to section 251 of the Apprenticeships, Skills, Children and Learning Act 2009."
M-7,441,If you disobey this order you will be guilty of contempt of court and may be sent to prison or fined or your assets seized.,"If you do not do this, then you may go to prison, pay money, or have things taken from you.","If you disobey this order, you will be in contempt of court. You may be sent to prison, fined, or your assets seized."
M-7,442,"You can find out more information on the Sheffield Culture Consortium, Sheffield Creative Guild and Our Favourite Places sites.","For more information visit the websites for the Sheffield Culture Association, Sheffield Creative Group and Our Favourite Places.","You can find more information on the Sheffield Culture Consortium, Sheffield Creative Guild, and Our Favourite Places websites."
M-7,443,The Disability Confident scheme aims to help employers make the most of the opportunities provided by employing disabled people.,The Disability Confident scheme aims to help employers make the most of opportunities coming from employing disabled people,The Disability Confident scheme helps employers use the advantages of hiring disabled people.
M-7,444,"If you are supported by the Children ’ s Disability Service, your assessment will usually happen when you are 17, although planning for the future will start as part of reviewing your Education, Health and Care Plan when you are 14.","We will begin planning with you for your future when you are 14. We will review your Education, Health and Care Plan with you. We will then complete an evaluation with you when you are 17.","If you are supported by the Children’s Disability Service, your assessment usually happens when you are 17. Planning for the future starts during the review of your Education, Health and Care Plan when you are 14."
M-7,445,"The project was a partnership between us and Sheffield Botanical Gardens Trust, Friends of the Botanical Gardens, Sheffield Town Trust and The University of Sheffield.","The project was a result of teamwork between us, Sheffield Botanical Gardens Trust, Friends of the Botanical Gardens, Sheffield Town Trust, and The University of Sheffield.","The project partnered with Sheffield Botanical Gardens Trust, Friends of the Botanical Gardens, Sheffield Town Trust, and The University of Sheffield."
M-7,446,"Pollution from road traffic is not regulated by ourselves, although we have duties under Air Quality Regulations to monitor it and implement strategies to deal with it.","Although we do not regulate road traffic pollution, we do have a duty, under Air Quality Regulations, to monitor it and initiate action to reduce it.",Road traffic pollution is monitored but not regulated by us. We must follow Air Quality Regulations and implement strategies to address it.
M-7,447,"If you display an invalid permit (for example one that has expired, or one that has been issued for a different vehicle or zone) you will be issued with a parking fine.","If you display an invalid licence/allowance (for example one that has expired, or one that has been issued for a different vehicle or zone) you will be issued with a parking fine.","If you show an expired or incorrect permit, you will receive a parking fine."
M-7,448,"We (and interested parties) just want information that properly addresses the key planning issues, so please discourage your consultants from preparing unnecessarily long supporting submissions.","We, and interested parties, need only information relating to the key planning issues. So, consultants should be discouraged to send other unnecessarily long supporting submissions.",We and interested parties just need information that properly addresses the key planning issues. Please tell your consultants to avoid preparing overly long supporting submissions.
M-7,449,"The first boundary extension was delayed until 1900 and, as the demand for land for housing, industry and services continued to grow, there were a number of further extensions through the 20th century.","The first boundary extension was delayed until 1900. The request for land for housing, industry and services has continued to grow. This meant that there have been a number of further extensions through the 20th century.","The first boundary extension was delayed until 1900. As the need for more land for housing, industry, and services increased, several additional extensions occurred throughout the 20th century."
M-7,450,Following a period of public consultation the conservation area appraisal and management plan were approved at Cabinet on 14th April 2010.,"After a time of public consultation, the conservation area evaluation and management plan were approved at Cabinet on 14th April 2010.","After public consultation, the conservation area appraisal and management plan were approved at Cabinet on April 14, 2010."
M-7,451,"Our procurement plays a key role in contributing to sustainable development, through the goods, buildings and services we choose to purchase.","The goods, buildings and services we choose to buy play an important role in contributing to viable development.","Our purchasing choices help support sustainable development by choosing goods, buildings, and services that contribute to this goal."
M-7,452,"All new non-residential developments over 500 square metres gross internal floor space should achieve a BREEAM rating of ""very good"".","All new non-housing projects with a gross inside floor space over 500 sq metres should get a BREEAM rating of ""very good"".","All new non-residential developments larger than 500 square metres should get a BREEAM rating of ""very good."""
M-7,453,"You can view and download the full Budget Report 2017-2018, which includes the overall EIA report and the list of Budget related EIAs for 2017-18 from the 'Cabinet Agenda for 15 February 2017' - see 'Supporting links'.",You can view and download the full Budget Report 2017-2018 from the 'Cabinet Agenda for 15 February 2017' - see 'Supporting links'. This document has the overall EIA report and the list of Budget related EIAs for 2017-18,You can view and download the full Budget Report 2017-2018 from the 'Cabinet Agenda for 15 February 2017'. It includes the overall EIA report and the list of Budget related EIAs for 2017-18. See 'Supporting links' for more.
M-7,454,"Sheffield ’ s 5 Levels of need reflect a whole family approach to providing support for children, young people and families which is flexible and responsive.","Sheffield's 5 levels of need reflects a family approach for supporting children, young people and families. It is dynamic and fast responding.","Sheffield's 5 Levels of need show a flexible and responsive approach to supporting children, young people, and families as a whole."
M-7,455,"Those involved in planning applications, land management, biodiversity conservation, invasive species control and climate change mitigation make use of the data held by SBRC, accessed by our staff.","Anyone involved in a planning application, land management, protection of plants and animals, control of invasive species or reducing the impact of climate change can use the data held by SBRC by asking staff. Only SBRC staff can obtain the data.","Our staff access data from SBRC for planning applications, land management, biodiversity conservation, invasive species control, and climate change mitigation."
M-7,456,"As soon as an interim authority notice is given within the 28 day period, the business may continue to carry on any licensable activities permitted by the premises licence.",The business may continue licensable activities once half way through the 28 day authority notice period.,"As soon as an interim authority notice is given within the 28-day period, the business can continue to operate any activities allowed by the premises license."
M-7,457,"Arthur Scargill, leader of the National Union of Mineworkers, called on miners to strike as they had done successfully in 1972 and 1974.","Arthur Scargill, respresentative of the National Union of Mineworkers, named on miners to strike. There had been successful strikes in 1972 and 1974.","Arthur Scargill, the leader of the National Union of Mineworkers, asked miners to go on strike. They had done this successfully in 1972 and 1974."
M-7,458,"The exception to this is on Rudyard Road, Treswell Crescent, Kipling Road and Rider Road, where the hours are Monday to Saturday between 8am and 10pm.","However, on Rudyard Road, Treswell Crescent, Kipling Road and Rider Road, the times are Monday-Saturday, 8am - 10pm.","On Rudyard Road, Treswell Crescent, Kipling Road, and Rider Road, the hours are Monday to Saturday from 8am to 10pm."
M-7,459,"In accordance with the Sheffield Plan, residential and office developments with limited car parking provision, in suitable high density areas, will be expected to provide car club spaces and / or make a financial contribution to promote and market the car club, and encourage membership within the development.","According to the Sheffield Plan, residential and office developments with limited car parking availability, in busy areas, will be expected to provide car club spaces and/ or help to pay to promote and market the car club, and encourage membership within the development.","According to the Sheffield Plan, residential and office developments with few parking spaces in dense areas should provide spaces for car clubs or contribute financially to promote and market car clubs, encouraging membership in these developments."
M-7,460,"If you have received any notices from us regarding non-payment, please contact us immediately so that we can come to some form of payment arrangement.","If you have received any news from us about non-payment, please contact us immediately so we can arrange payment.","If you receive any notices about non-payment, please contact us right away. We can then make a payment arrangement."
M-7,461,"The true success of this project can be seen in the collective effort from the various public, voluntary and private organisations within Hillsborough, working together to provide a centre with a good selection of activities and services.","The true success of this project can be seen in the collective effort from organisations within Hillsborough - including public, voluntary, and private - they have worked together to provide a centre with a selection of activities and services.","The true success of this project can be seen in the combined effort of public, voluntary, and private organizations in Hillsborough. These organizations are working together to create a center with a variety of activities and services."
M-7,462,"A close relative means a step-parent, grandparent, brother or sister, aunt or uncle by blood, marriage or civil partnership.","A close relative can mean a brother or sister, step-parent, grandparent, aunt or uncle. It does not matter if it is a blood relation, or through a marriage or civil partnership.","A close relative can be a step-parent, grandparent, brother or sister, or an aunt or uncle through blood, marriage, or a civil partnership."
M-7,463,"The city is also home to a strong brass band tradition, male voice choirs and a thriving folk and traditional music community, with regular music sessions in many of the city ’ s pubs and bars.","The city is also home to a strong brass band tradition, male voice choirs and a strong folk and traditional music community. There are regular music sessions in many of the city’s pubs and bars.",The city has a strong tradition of brass bands and male voice choirs. There is also an active folk and traditional music community with regular music sessions in many pubs and bars.
M-7,464,"A & I Officers with a social work qualification (A & I SWQ) lead on the legal aspect of working with attendance, from advice to schools and families through to legal action including Penalty Notice fines and prosecution in Magistrates ’ Court in conjunction with the legal department of Sheffield City Council.","A&I Officers with a social work qualification (A&I SWQ), lead on the legal aspect of working with attendance in conjunction with the legal department of Sheffield City Council. This is from advice to legal action including Penalty Notice fines and prosecution in Court",A & I Officers with a social work qualification lead on the legal aspects of working with attendance. They give advice to schools and families. They may also take legal actions like Penalty Notice fines and prosecution in the Magistrates' Court. This is done in cooperation with the legal department of Sheffield City Council.
M-7,465,"A vehicle may be parked without time limit in a bay which is signed as being for the use of permit holders (unless otherwise stated in the details about the specific permit type, or the specific zone rules).","A vehicle may be parked for an unlimited time in a bay reserved for permit holders, unless the permit states otherwise, or there are different rules for that particular parking zone.","A vehicle can be parked in a bay designated for permit holders without a time limit, unless the specific permit type or zone rules say otherwise."
M-7,466,In Sheffield we want to recognise those parents and carers who support their child ’ s learning and development in the home through the Literacy in the Home Award.,In Sheffield we want to recognise those parents and carers who support their child’s learning and development in the home. We recognise them through the Literacy in the Home Award.,"In Sheffield, we want to recognize parents and carers who support their child's learning and development at home by giving out the Literacy in the Home Award."
M-7,467,"The key genealogical resources are listed in church, chapel and cemetery registers, trade directories and probate records.","Key genealogical support are listed in church, chapel and cemetery lists, trade directories and probate records","The key genealogical resources are listed in church and chapel registers, cemetery registers, trade directories, and probate records."
M-7,468,Microfiche copies held at Sheffield Archives go up to December 2003 and copies from 1837 to date are available on the internet.,Microfiche copies at Sheffield Archives go up to December 2003 and copies from 1837 to today are available online.,Microfiche copies at Sheffield Archives go up to December 2003. Copies from 1837 to the present are available online.
M-7,469,"Housing Associations are independent, not-for-profit organisations that provide affordable homes for people in need of housing.",Housing Associations help people to get a house.,Housing Associations are independent and nonprofit organizations that offer affordable homes to people who need housing.
M-7,470,One of the largest temperate glasshouses to be built in the UK during the last hundred years has created a stunning green world in the heart of the city.,One of the largest controlled temperature glasshouses to be built in the UK during the last hundred years has created an amazing green world in the centre of the city,"A large temperate glasshouse, one of the biggest built in the UK in the last hundred years, has created a beautiful green space right in the middle of the city."
M-7,471,"If the account was originally sent in the name of the person who has gone into care, or jointly with a partner or other occupier, a revised account will be issued to the remaining occupier (s).",Has this account been sent to the wrong occupier? If so we'll send you a revised account. We will do this if the named person/people are now in care (either individually or together).,"If the account was originally in the name of the person who has gone into care, or jointly with a partner or other occupier, a new account will be sent to the remaining occupier(s)."
M-7,472,This included the commitment that a new home of the tenure of choice would be available for existing residents who wanted to return to a new home on the estates.,"For existing residents, who wanted to return to a new home on the estates, there is the included commitment that a new home would be available for the chosen duration.",This commitment ensures that existing residents who want to return to a new home on the estates will be able to have a home of their preferred tenure available.
M-7,473,We have already spent millions on fire safety in our council homes and improvement works have been carried out over the last 5 years.,We have already spent millions on fire safety in our council homes and improvement works have been carried out over the last 5 years.,We have already spent millions on fire safety in our council homes. These improvements have been made over the last five years.
M-7,474,"Licences issued will not be time limited, however, if your site only has the benefit of a temporary planning permission, the site licence will expire on the same date.",Licenses will have a time limit. The license will expire on the given date if your site only have temporary planning permission.,"Licenses will not have an expiration date. However, if your site only has temporary planning permission, the site license will expire on the same day."
M-7,475,"If you complain to us about the condition of the house where you live, and this then leads to us sending the landlord a ‘ relevant notice ’ (see below), then, after we have sent that notice, your landlord can not give you a section 21 notice for the next 6 months, apart from when the relevant notice is cancelled or reversed, or if the landlord appeals.","If you complain to us about the condition of your house, and if as a result of this complaint we send your landlord a ‘relevant notice’ (see below), then afterwards your landlord cannot give you a section 21 notice for the next 6 months (i.e. a notice requiring you to leave the property / an eviction letter), apart from when the 'relevant notice' is cancelled or reversed, or if the landlord appeals.","If you complain about your house's condition, the landlord cannot give you a section 21 notice for 6 months after we send them a 'relevant notice'. This is true unless the notice is cancelled or reversed, or the landlord appeals."
M-7,476,"She gets his utilities re-connected, sorts out damp in the property and arranges with Furnished Accommodation for more furniture to be supplied.","She gets his utilities fixed, deals with damp in the property and talks to the Furnished Accommodation about the supply of more furniture.","She reconnects his utilities, fixes damp in the property, and arranges for more furniture from Furnished Accommodation to be supplied."
M-7,477,In order to manage the process all enquiries (other than policy advice referred to below) should be submitted on the appropriate pre-application enquiry form and submitted together with the relevant fee and necessary supporting documents as described in the form.,"In order to handle the process, all enquiries (other than policy advice referred to below) should be submitted on the correct pre-application enquiry form.  This must be sent together with the required fee and necessary supporting documents, as described in the form.","To manage the process, submit all enquiries (except policy advice) on the appropriate pre-application enquiry form. Also, submit the relevant fee and necessary supporting documents as described in the form."
M-7,478,"It doesn't need a Conclusion section and should state that the plan is not limited to its current contents, that it will adapt and adopt new measures / techniques as they evolve.","It doesn't need a conclusion section. It should state that the plan is not just the current ideas, but that it will adapt and involve new measures and techniques as the plan develops.",The plan should state that it is not limited to its current contents and will adapt and adopt new measures or techniques as they evolve. It does not need a Conclusion section.
M-7,479,We are currently in discussion with Members and senior management about a new Local Development Scheme (the Local Plan timetable).,We are now talking with Members and senior management about a new Local Development Scheme (the Local Plan timetable).,"We are currently discussing a new Local Development Scheme, or Local Plan, with Members and senior management."
M-7,480,Our Community Justice Panels bring victims and wrongdoers together to resolve conflict and harm caused by anti-social behaviour and crime.,Our Community Justice Panels resolve conflict and ham caused by anti-social behaviour and/or crime by bringing victims and criminal together to talk.,Our Community Justice Panels help victims and wrongdoers meet each other to resolve conflicts and harm caused by anti-social behavior and crime.
M-7,481,If attendance and punctuality concerns continue despite offers of support it would be usual to consider a referral to MAST for allocation to a worker.,"If attendance and punctuality continues to be worrying, despite offers of help,  a consider a referral to MAST so a worker can be allocated.","If attendance and punctuality issues continue even with support, it is usual to refer the matter to MAST for assistance."
M-7,482,We ’ re responsible for allocating house numbers and street names to both new developments and to the conversion of existing buildings in Sheffield.,We’re responsible for giving out house numbers and street names to new developments and to renovated buildings in Sheffield.,We allocate house numbers and street names to new developments and to the conversion of existing buildings in Sheffield.
M-7,483,The poll books list the votes cast by each voter but do not list those who were entitled to vote and did not bother to travel to the poll town.,"The poll books contains the list of votes of each voter, but does not containt the list of the people which could vote and did not want to travel to the poll town.",Poll books show the votes from each voter but do not include those who were eligible to vote but did not go to the polling town.
M-7,484,"If a property has a RV of more than £100,000 and is facing an increase in it ’ s bill, it is classed as a higher tier loser.","A property with a selling value more than £100,000 that is facing an increase in it’s bill is classed as a higher tier loser. *","If a property's RV (Replacement Value) is more than £100,000 and it is facing an increase in its bill, it is considered a higher tier loser."
M-7,485,"This would include the historic layout of property boundaries and streets, which indicate the origins and growth of settlements, or the use of characteristic materials and landscaping.","This would include the historic layout of property boundaries and streets. This shows the origins and growth of settlements, or the use of typical materials and landscaping.","This would include the historical layout of property boundaries and streets, showing the origins and growth of settlements, or the use of typical materials and landscaping."
M-7,486,We are also removing the insulation attached to the building because we are concerned that it may get damaged when it is exposed to the weather.,We are also removing the insulation attached to the building due to weather-caused damage concerns.,We are removing the insulation from the building. We are worried it might get damaged by the weather.
M-7,487,"Parents wishing to defer entry until later in the academic year, should discuss this with their child ’ s allocated school after allocations are confirmed each year.","If you want to leave the school after the school year parents, every year to confirm after school, and then communicate with the children's school.",Parents who want to defer their child's entry until later in the academic year should discuss this with the assigned school after allocations are confirmed each year.
M-7,488,"SHC is currently on site building a further 478 new homes as part of Phase 2 and design work on Phase 3, at the 'former East Hill School' in Norfolk Park and 'Manor Boot' in Manor Top, is in progress.","SHC is now on site building 478 more new homes for Phase 2 and design work on Phase 3, at the 'former East Hill School' in Norfolk Park and 'Manor Boot' in Manor Top is also going on.",SHC is building 478 new homes for Phase 2 on site. They are also designing Phase 3 at the 'former East Hill School' in Norfolk Park and 'Manor Boot' in Manor Top.
M-7,489,If you are looking for an energy efficient property you should consider homes that have an EPC with a high rating – this shows that the property has lower consumption of gas and electricity.,"If you are looking for an energy efficient property, you should consider homes with a high EPC rating. This shows that the property uses little gas and electricity.","If you want an energy-efficient property, consider homes with a high Energy Performance Certificate rating. This indicates that the property uses less gas and electricity."
M-7,490,"Initially shown as travelling shows and part of variety acts, the popularity of cinema grew rapidly in the early 20th century.","The popularity of cinema, initially introduced as part of travelling shows and variety acts, grew quickly in the early 20th century. *","Initially, traveling shows and variety acts included performances. However, cinema became very popular in the early 20th century."
M-7,491,"If required, the developer has to compile an ES describing the likely significant effects of the development on the environment and proposed mitigation measures.","If required, the developer has to get together an ES. This describes the possible effects of the development on the environment. It also includes suggested measures to reduce problems.","If needed, the developer must create an ES. This describes how the development might affect the environment significantly and suggests ways to reduce those effects."
M-7,492,"This wasn ’ t restricted to World War One, for the city had been developing and supplying arms and armour plate for over a half a century before.","This wasn’t restricted to World War One, as the city was developing and supplying arms and armour plate for over a half a century before.",This was not limited to World War One. The city had been making and providing arms and armor plate for more than fifty years before that.
M-7,493,It will not be possible to issue a Regularisation Certificate unless the works comply with the regulations (applicable at the time of construction) or where necessary you are prepared to remedy any non-conformity.,It won't be possible to issue a Regularisation Certificate unless the works meet the rules (at time of construction) or you're prepared to change any parts that don't do this.,"A Regularisation Certificate cannot be issued unless the works comply with the regulations from the time of construction. Alternatively, you need to fix any non-conformity if necessary."
M-7,494,"A personal licence is granted to an individual and authorises that individual to supply alcohol, or authorise the supply of alcohol, in accordance with a premises license.",A person receives a personal license which enables him/her to supply alcohol according to a premises license.,"A personal licence allows an individual to supply alcohol, either directly or by authorisation, according to the terms of a premises license."
M-7,495,"If you do not meet the criteria and are refused a Children ’ s Zero Fare Travel Pass, you have the right to appeal the decision.","If you are judged not to meet the requirements and so do not obtain a Children's Zero Fare Travel Pass, you have the right to question the decision.","If you are refused a Children's Zero Fare Travel Pass, you have the right to appeal the decision."
M-7,496,"The service charge will be payable for the costs incurred in the lighting, maintenance, repair and caretaking of common areas and facilities within the development, and for the external decoration of the premises.","A service charge is payable, which covers the costs of lighting, maintenance, repair, external decoration and caretaking of common areas and facilities.","The service charge covers the costs of lighting, maintaining, repairing, and caring for the common areas and facilities within the development. It also includes the external decoration of the premises."
M-7,497,Hundreds of families like yours have made simple manageable changes towards a healthier lifestyle with Start Well Sheffield.,Many families have made small changes towards being more healthy with Start Well Sheffield.,"Hundreds of families have made small, easy changes towards a healthier lifestyle using Start Well Sheffield."
M-7,498,Each case is assessed on its merits and any toleration of unauthorised encampments will be in accordance with our policies.,Each case is assessed on the facts. Any acceptance of not allowed encampments will be in line with our policies.,Each case is assessed based on its own merits. Any tolerance of unauthorized encampments will follow our policies.
M-7,499,Early enclosures (generally those prior to c. 1700) are not well documented but Parliamentary enclosure produced much more detailed records which have survived in greater number.,"Ancient areas (in general those dating before c. 1700) are not well documented, but the Parliamentary area registered much more information and has more surviving examples.","Early enclosures before about 1700 are not well documented. However, Parliamentary enclosures created more detailed records that have survived in greater numbers."
M-7,500,"In the later 19th century accommodation for the elderly, infirm, sick and lunatic was provided in addition to the separate male and female blocks.","The male and female blocks were added to later.  In the later 1800s, housing was also built for old, frail, sick and mentally ill people.","In the later 19th century, accommodations for the elderly, infirm, sick, and those with mental health issues were provided. Additionally, there were separate blocks for males and females."
M-7,501,Applications will be considered on an individual basis in relation to this policy and will normally be determined within one month of receipt.,Applications will be considered individually in relation to this policy and will normally be decided within one month.,Applications will be looked at individually according to this policy. They are usually decided within one month after they are received.
M-7,502,"Should you proceed with the development, you will need to complete and return the Commencement Notice to enable us to monitor the development.","If you continue with the development, you must  complete and return the Commencement Notice so we can monitor the development. *","If you decide to proceed with the development, you need to complete and return the Commencement Notice so we can monitor it."
M-7,503,"The scheme completed towards the end of 2014, helping to create an attractive centre that people can be proud of, encouraging further investment by the existing businesses through increasing confidence in the area and leading to potential new job opportunities.","The scheme completed towards the end of 2014, helping to create an attractive centre that people can be proud of, encouraging further investment by the existing businesses through increasing confidence in the area and leading to potential new job opportunities.","The scheme finished at the end of 2014. It created an attractive center that people are proud of. This increased confidence among existing businesses, encouraging more investment. As a result, there are potential new job opportunities."
M-7,504,"A collaboration between local activists and campaigners and academics from the Department of History, University of Sheffield.","Local activists, campaigners and academics from the Department of History at the University of Sheffield will be working together.",Local activists and campaigners worked with academics from the University of Sheffield's Department of History.
M-7,505,"If you are a professional and would like to find out more information on safeguarding adults please see our safeguarding adults' training, or the Mental Capacity Act and Deprivation of Liberty Safeguards.","Please see our safeguarding adults' training, or the Mental Capacity Act and Loss of Liberty Safeguards to find out more on protecting adults. You should be a professional.","If you are a professional interested in learning more about safeguarding adults, please see our safeguarding adults' training or the Mental Capacity Act and Deprivation of Liberty Safeguards."
M-7,506,The census returns for England and Wales are available for free at any Sheffield Library using Findmypast on any People's Network computer.,The census returns for England and Wales are available free of charge at all Sheffield libraries.  Find them by going onto any People's Network computer and clicking on Findmypast.,You can access free census returns for England and Wales at any Sheffield Library using Findmypast on any People's Network computer.
M-7,507,The scheme is available to any memorial mason who intends to work within our cemeteries on completion of the relevant application form.,"After filling out the relevant application form, the scheme is available to any memorial mason who intends to work within our cemeteries.",The scheme is available to memorial masons who want to work in our cemeteries after they submit the relevant application form.
M-7,508,Development will be steered to areas with a low probability of flooding first through the application of the Sequential Test.,Application of the Sequential Test is requirement for development to be moved to areas with low probability of flooding.,"Development will first go to areas with a low chance of flooding, using the Sequential Test."
M-7,509,One of the key features of an Assured Shorthold Tenancy is that a new tenancy automatically follows when a fixed term tenancy agreement runs out.,One of the key parts of an Assured Shorthold Tenancy is that a new tenancy automatically follows when a fixed term tenancy agreement runs out.,One key feature of an Assured Shorthold Tenancy is that a new tenancy starts automatically when a fixed term tenancy agreement ends.
M-7,510,"For more information please refer to our Young Carer, Parent and Adult Carer Strategy (2016-2020) in 'Supporting documents'.","For more information, access the 'Young Carer, Parent and Adult Carer Strategy' supporting documents.","For more information, please refer to our Young Carer, Parent, and Adult Carer Strategy (2016-2020) in the 'Supporting documents' section."
M-7,511,Your district heating charges don't just cover the cost of your heating; they also cover for the provision of the heating system itself (i.e.,Your heating bill is for heating and the heating system.,Your district heating charges cover both the cost of your heating and the cost of providing the heating system itself.
M-7,512,We are also proposing to formally extend the area in which parts of the region work together so that it reflects the way that the economy really works.,We want to reflect the way the economy works so we are going to extend the area where different parts of the region work together.,"We are also suggesting to officially expand the area where parts of the region collaborate, to better match how the economy actually functions."
M-7,513,"During the 19th century, Sheffield became one of the main centres for trade union organisation and agitation in the UK.",Sheffield became a key centre during the 1800s for trade union organisation and agitation in the UK.,"During the 19th century, Sheffield became a major place for organizing and protesting trade unions in the UK."
M-7,514,There is a presumption against demolition; however you should seek advice from a planning officer before you plan to do anything.,"If possible, you should avoid demolishing the structure.  Before you plan any other activity connected with the structure, you should seek advice from a planning officer.","Demolition is not assumed to be necessary. However, you should consult a planning officer before making any plans."
M-7,515,"The fountain was originally intended as a tribute to Alderman James Sterling, however, it became known as the Goodwin Fountain and was eventually dedicated to them.","The fountain was originally constructed as a tribute to Alderman James Sterling. However, it become known as the Goodwin Fountain and was therefore eventually dedicated to the Goodwin family.","The fountain was originally meant to be a tribute to Alderman James Sterling. However, it became known as the Goodwin Fountain and was eventually dedicated to Goodwin."
M-7,516,You must notify Building Standards a minimum of 2 working days before you intend to commence work and at particular stages during the construction process to allow effective inspection of works.,Before you plan to start work and at particular stages during the build you must tell Building Standards a minimum of 2 working days to allow effective inspection of works.,You must inform Building Standards at least 2 working days before starting work and at specific stages during construction. This allows for effective inspections.
M-7,517,"If a comment can help us to improve the services that we provide, we will ensure that we do everything possible to ensure this happens.","If a comment can help us improve our services, we will make sure that we do everything possible to make it happen. *","If a comment can help us improve our services, we will do everything we can to make those improvements happen."
M-7,518,These enable the individual radio to be ‘ stunned ’ from the system remotely and removed from service until such time that the crime reduction manager feels sure it is safe to put the equipment back live on the system.,These enable the individual radio to be ‘stunned’ from the system remotely and removed from service until a time when the crime reduction manager feels sure it is safe to put the equipment back to work on the system.,These features allow the individual radio to be remotely disabled and taken out of service. The equipment will be put back online only when the crime reduction manager is certain it is safe to do so.
M-7,519,The revised scheme would be funded from Better Bus Area funding (a government grant to the Sheffield Bus Partnership) and a contribution from the Sheffield City Region Investment Fund.,Better Bus Area funding (a government grant to the Sheffield Bus Partnership) and the Sheffield City Region Investment Fund will fund and contribute to the revised scheme.,"The revised scheme would be funded by Better Bus Area funding, which is a government grant to the Sheffield Bus Partnership, and a contribution from the Sheffield City Region Investment Fund."
M-7,520,"The removal of higher risk asbestos-containing materials (sprayed asbestos coatings, asbestos insulation, asbestos lagging and most work involving asbestos insulating board (AIB) should only be carried out by a licensed contractor.","The removal of higher risk asbestos-containing materials (sprayed asbestos coatings, asbestos insulation, asbestos lagging and most work involving asbestos insulating board (AIB) should only be carried out by a licensed contractor.","The removal of higher risk asbestos-containing materials, such as sprayed asbestos coatings, asbestos insulation, asbestos lagging, and most work involving asbestos insulating board (AIB), should only be done by a licensed contractor."
M-7,521,"Government guidance states that existing open space, sports and recreational buildings and land should not be built on unless an assessment has been undertaken which has clearly shown the open space or the buildings and land to be surplus to requirements.","Government guidance states that existing open space, sports and recreational buildings and land should not be built on, except it has clearly shown the open space or the buildings and land to be excessive to requirements.","Government guidance states that you should not build on existing open spaces, sports buildings, or recreational land unless an assessment has shown that they are not needed."
M-7,522,Some schemes don ’ t need planning permission and other existing lights can be changed without needing planning permission.,Some schemes don’t need planning permission. Other lights can be changed without planning permission.,Some schemes do not require planning permission. Other existing lights can also be changed without needing planning permission.
M-7,523,"The miners' dispute began on 6 March 1984 when the head of the National Coal Board, Ian McGregor, announced plans to cut production, the equivalent of 20 pits or 20,000 jobs.","The miner's protest began on 6 March 1984 when the head of the National Coal Board, Ian McGregor, said he was going to cut coal production. He wanted to close 20 pits and get rid of 20,000 jobs.","The miners' dispute started on March 6, 1984. On that day, Ian McGregor, who was the head of the National Coal Board, announced plans to reduce production. This reduction was similar to closing 20 coal mines or losing 20,000 jobs."
M-7,524,"This must be an ordinary, roadworthy vehicle with a manual transmission, unless they hold an automatic driving licence only or have a disability that prevents them driving manual vehicles.","This must be an ordinary, roadworthy vehicle with a manual transmission (not automatic). This is unless the person holds an automatic driving licence only, or has a disability that prevents them driving manual vehicles.","This vehicle must be ordinary and roadworthy with a manual transmission. However, if they only have an automatic driving license or cannot drive manual vehicles due to a disability, this restriction does not apply."
M-7,525,Is a Contaminated Land Risk Assessment required to identify all potential sources of contamination and provide details about the nature of any risks to human health and the wider environment?,Is a Contaminated Land Risk Assessment required to identify all potential sources of contamination and give details on risks to human health and the wider environment?,Do you need a Contaminated Land Risk Assessment to find all sources of contamination and learn about any risks to people and the environment?
M-7,526,"All applications submitted via email must be done through a secure route, this is currently possible through the use of AnyComms.",All applications submitted by email must be submitted securely.  This is currently possible by using AnyComms.,"All email applications must be sent through a secure route. Currently, AnyComms allows this."
M-7,527,"Since the 1990s, significant investment has taken place to all blocks in Sheffield, and millions of pounds have been spent on measures that minimise fire risk.",Millions of pounds have been spent on minimising fire risk in blocks in Sheffield.,"Since the 1990s, Sheffield has received significant investment. Blocks in Sheffield have seen improvements to minimise fire risk."
M-7,528,"As part of planning your support, we will carry out a financial assessment to work out how much you can afford to pay towards your support.","When we plan your support, we will carry out a financial assessment. It is to work out how much you can afford to pay towards your support.",We will do a financial assessment to determine how much you can afford to pay for your support as part of planning.
M-7,529,"Other attendees include representation from the Local Authority, including the Cabinet Member for Children, Young People and Families.",People from the Local authority also attended.,"Other attendees include representatives from the Local Authority. This includes the Cabinet Member for Children, Young People, and Families."
M-7,530,"You will need to submit a set of nomination forms, which are available from the Electoral Commission, and a desposit of £500 to the Returning Officer before 4pm on the deadline day for nominations.",Nomination forms are available from the Electoral Commission. You will need to submit a set of nomination forms and a deposit of £500 to the Returning Officer. This must be done before 4pm on the deadline day for applications.,You need to submit nomination forms and a deposit of £500 to the Returning Officer before 4pm on the deadline day. The forms are available from the Electoral Commission.
M-7,531,Other forces that contributed to the strike including high unemployment in the 1920s (over 10% of Sheffield ’ s workforce were unemployed in this period) and ongoing industrial relation problems which had resulted in strikes in the pre Word War One years (c. 1911 to 1914) which had not been resolved.,Other forces that contributed to the strike included high unemployment in the 1920s (over 10% of Sheffield’s workforce were unemployed in this period) and issues with relationships between industrial workers. This had resulted in strikes before the First World War (1911 to 1914) which had not been resolved.,"Other factors leading to the strike included high unemployment in the 1920s, with over 10% of Sheffield's workforce unemployed. There were also ongoing industrial relation issues, resulting in strikes before World War One from 1911 to 1914, which were not resolved."
M-7,532,It is important to ensure that the landlord is fully aware of all the concerns you have and that they have had reasonable time to respond.,Make the landlord aware of your concerns.  Give them reasonable time to respond.,It is important to let the landlord know all your concerns and give them enough time to respond.
M-7,533,"The purpose of the fund is to provide a range of funding, finance, legal and general advice and support to voluntary sector organisations in the city.","The money is to provide funding, advice and support for community groups in the city.  The advice and support may be financial, legal or general.","The fund aims to offer various types of assistance, including funding, finance, legal, and general support, to voluntary sector organizations in the city."
M-7,534,"After a period of public consultation, we adopted the appraisal and accompanying management proposals on 23rd October 2007.","After consulting the public, we adopted the review and accompanying management plans on 23rd October 2007.","After public consultation, we adopted the appraisal and management proposals on October 23, 2007."
M-7,535,"Of greater value are estate agents' or auctioneers' sale particulars which often give a description of the property, its rooms, grounds and outlying buildings.",Estate agents and auctioneers provide sale particulars. Sale particulars often describe the property. They often describe its rooms and its grounds and buildings near the property. This information is more valuable.,"Estate agents' or auctioneers' sale particulars are more valuable because they usually provide descriptions of the property, its rooms, grounds, and outlying buildings."
M-7,536,"We are required to provide particular sets of data to the Minister for the Cabinet Office for matching for each exercise, as detailed here.",We have to provide data sets to the Minister for the Cabinet Office. The Minister for the Cabinet Office must match these data sets for each exercise. This is an example.,"We need to provide specific sets of data to the Minister for the Cabinet Office for matching during each exercise, as explained here."
M-7,537,"Furnace Hill Conservation Area is situated less than 1km north-west from the heart of the city centre, yet still retains a distinct industrial feel.",Furnace Hill Conservation Area is located less than 1km north-west from the middle of the city centre. It still has an industrial feel.,"Furnace Hill Conservation Area is less than 1km north-west from the city centre. Despite this, it still feels industrial."
M-7,538,"There are a range of fees for licensing covering initial applications, renewals and occasions where a new owner takes over the current licence.","There are various fees to license initial applications, renewals and occasions where a new owner takes over the current licence.","There are fees for different licensing situations, such as initial applications, renewals, and when a new owner takes over the current license."
M-7,539,"In line with the legislation, a successful challenge would result in a procurement exercise in which the challenger would be able to take part along with other interested organisations.","According to law, a successful challenge would result in an acquisition exercise.  In this exercise the challenger could take part, as well as other interested organisations.","According to the legislation, if a challenge is successful, the challenger will be able to participate in a procurement exercise along with other interested organizations."
M-7,540,The 2008 Yorkshire and Humber Plan (or Regional Spatial Strategy) sets a target of 11 megawatts (MW) to be achieved in Sheffield by 2010 and 52 MW by 2021.,The 2008 Yorkshire and Humber Plan (or Regional Spatial Strategy) sets a target which ask for 11 megawatts (MW) to be achieved in Sheffield by 2010 and 52 MW by 2021.,The 2008 Yorkshire and Humber Plan aims for 11 megawatts in Sheffield by 2010 and 52 megawatts by 2021.
M-7,541,This type of activity is also regulated by the Environment Agency under waste management laws and is generally prohibited.,This action is forbidden.  It is regulated by the Environment Agency under waste management laws.,This activity is regulated by the Environment Agency under waste management laws and is usually not allowed.
M-7,542,"The compendium was adopted by Cabinet in 2004 following a period of public consultation, and was adopted as a material consideration in planning decisions in the city centre.","After speaking to the public, the process was adopted by Cabinet in 2004 and was considered in planning decisions in the city centre.",The compendium was adopted by Cabinet in 2004 after public consultation. It is considered in planning decisions for the city centre.
M-7,543,"The Panel will not give advice about other aspects of the Streets Ahead programme, except insofar as advice about a tree or trees impacts on another aspect of a scheme ’ s design.","The Panel will not give advice about other aspects of the Streets Ahead programme, except  trees impacts so far on another aspect of a scheme's design.","The Panel will not provide advice on other aspects of the Streets Ahead program. However, they may offer advice on trees if it affects other parts of a scheme's design."
M-7,544,"All these challenges represent an opportunity to realise a vision for the area as a modern, dynamic and high quality gateway to Sheffield and Rotherham, Sheffield City Region, South Yorkshire and the North of England.",A vision for the region as a modern gateway to the North of England can be viewed by dealing with these challenges,"All these challenges offer an opportunity to create a vision for the area. This vision can make the area modern, dynamic, and of high quality. It will serve as a gateway to Sheffield and Rotherham, the Sheffield City Region, South Yorkshire, and the North of England."
M-7,545,"It is a good idea to read this information about your tenancy rights before making a complaint, so that you are aware of what protection you have against eviction by your landlord.",This information about your rights as a tenant will help you to understand what protection you have against being made to leave the property by your landlord. It is a good idea to read it before you make a complaint.,It is a good idea to read about your tenancy rights before complaining. This will help you understand the protections you have against being evicted by your landlord.
M-7,546,For buildings of national architectural or historic interest listed building consent must be applied for in order to make any changes that might affect its special interest.,Listed buildings consent must be applied for before making any changes to buildings of national architectural or historic interest.,"For buildings of national architectural or historic interest, you need to get listed building consent before making any changes that might affect its special interest."
M-7,547,"The documents available on this page give further information about the specification of the new school, the application form, and the application process.","The documents available on this page give more information about the new school, the application form and the application process.",The documents on this page provide more information about the new school's specifications. They also include the application form and details about the application process.
M-7,548,If it doesn ’ t proceed after that time (and there is no obligation to proceed) then other options can be more fully considered at that stage.,"There is no obligation for the process to be carried through after this point.  However, if the process is halted, other options can then be more fully considered.","If it doesn't proceed after that time, other options can be considered instead. There is no obligation to proceed."
M-7,549,"This is because some people may have questions or want to know more about a topic, which is covered in more detail in another module.",This is because some people may have questions or want to know more about a topic. This topic is covered in more detail in another module.,Some people might have questions or want more information about a topic covered in another module.
M-7,550,"Similarly, if you need to temporarily use a different vehicle (for example a courtesy car whilst your vehicle is in for repair) please use the online system to advise us of these changes.",Please use the online system to make us know if you need to use a different vehicle (e.g. your car is being fixed).,"If you need to temporarily use a different vehicle, such as a courtesy car while yours is being repaired, please inform us using the online system."
M-7,551,It does not include activities such as builder ’ s skips and scaffolding where the existing arrangements will be maintained.,It does not include builders' skips or scaffolding. Arrangements for these remain the same.,"It does not include activities like builder's skips and scaffolding, which will keep using the current arrangements."
M-7,552,"Cabinet gave approval to re-procure our waste services currently provided by Veolia, with a view to securing a new and improved service arrangement.",Cabinet gave approval to re-take our waste services with the aim of securing a new and improved service arrangement. Re-taking our waste services is currently provided by Veolia.,"The cabinet approved the re-procurement of our waste services from Veolia, aiming to secure a new and improved service arrangement."
M-7,553,"We are committed to open government, and part of this process is compliance to the Government ’ s Transparency Code for Local Authorities.",We are committed to open government. Abiding by the Government's Transparency Code for Local Authorities is part of this process.,We are committed to open government and follow the Government's Transparency Code for Local Authorities.
M-7,554,We go into schools regularly to check registers and are provided with information about school attendance through the data systems schools use.,We go into schools regularly. We check registers in schools. The schools have data. We get information about school attendance from these data.,We regularly visit schools to check registers. We also get information about school attendance from the data systems used by schools.
M-7,555,"A comprehensive collection from 1960 onwards including alphabetical, classified and Yellow Pages is available at Sheffield Local Studies Library.","A large collection from 1960 onwards including alphabetical, classified and Yellow Pages is available at Sheffield Local Studies Library.","A comprehensive collection from 1960 onwards, including alphabetical, classified, and Yellow Pages directories, is available at the Sheffield Local Studies Library."
M-7,556,Each partnership group receives a twice yearly report on a range of performance and customer satisfaction information against the Promises.,"Twice a year each partnership group receives a report on a range of performance and customer satisfaction information, measured against the Promises.",Each partnership group gets a report twice a year with performance and customer satisfaction information about the Promises.
M-7,557,We have a statutory duty to undertake a Sheffield Housing Market Assessment (SHMA) in order to identify the scale and range of housing required over the course of the Local Plan.,We have a legal duty to undertake a Sheffield Housing Market Assessment (SHMA) in order to identify the scale and range of housing required during the Local Plan.,We must conduct a Sheffield Housing Market Assessment (SHMA) to identify the needed scale and range of housing for the Local Plan.
M-7,558,"In 2002 the Government launched the Housing Market Renewal (HMR) programme, a scheme which aimed to address issues of housing market decline.","In 2002 the Government started the Housing Market Renewal (HMR) programme, a scheme which tried to sort out issues of housing market worsening.","In 2002, the Government started the Housing Market Renewal (HMR) program to fix problems in the housing market."
M-7,559,"International Day Against Homophobia, Biphobia and Transphobia (IDAHOBIT) on 17 May marks the date in 1990 when the World Health Organisation removed homosexuality from their list of mental disorders.","The International Day Against Homophobia, Biphobia and Transphobia (IDAHOBIT) is on May 17th. This marks the date in 1990 when the World Health Organisation removed homosexuality from their list of mental illnesses.","International Day Against Homophobia, Biphobia and Transphobia (IDAHOBIT) on May 17 commemorates the date in 1990 when the World Health Organisation no longer classified homosexuality as a mental disorder."
M-7,560,This approach is modelled on the successful Neighbourhood Strategies process carried out previously in Southey Owlerton.,This approach is based on the successful Neighbourhood Strategies process carried out in Southey Owlerton.,This approach is based on the successful Neighbourhood Strategies process that was previously implemented in Southey Owlerton.
M-7,561,"For consumers, we would always advice that in the event of a complaint contact is made with the trader by you, preferably in the form of a letter (with proof of delivery).","In the event of a problem, we advise consumers to contact the trader via letter (with proof of delivery).","For consumers, we advise contacting the trader about a complaint via letter (with proof of delivery)."
M-7,562,"The pioneering independent record label Warp Records, founded in Sheffield in 1989, has become one of the UK ’ s most respected dance music labels.","Since 1989, Warp Records has been a pioneering and independent label. It is now one of the most respected dance music labels in the UK.","Warp Records, an independent record label founded in Sheffield in 1989, has become one of the UK's most respected dance music labels."
M-7,563,"Over the 5 year life of the capital programme, most of our capital projects are paid for by borrowing (50%) or contributions from our revenue budget to the capital budget (29%).","Over a 5 year period, most of our capital projects are paid for by borrowing (50%) or by giving money from our revenue budget to the capital budget (29%).","Over the 5-year life of the capital program, most of our capital projects are funded by borrowing (50%) or contributions from our revenue budget to the capital budget (29%)."
M-7,564,"If your child attends a state funded infant school and is in key stage 1, they are entitled to ‘ universal infant free school meals ’ regardless of your income.","If your child attends a state funded infant school and is in key stage 1, they are entitled to 'universal infant free school meals' independent of your salary.","If your child is attending a state-funded infant school and is in key stage 1, they are eligible for free school meals regardless of your income."
M-7,565,"To keep children and young people safe, the Government has made it the law for anyone who is looking after someone else's child to inform their local children's services.","In order to keep children and young people safe, the Government has made it the law for anyone who looks after someone else's child full-time to notify their local children's services.","To keep children and young people safe, the Government requires anyone looking after someone else's child to inform their local children's services."
M-7,566,"Under the conditions of your lease, you must contribute towards the cost of any services or work to the building your home is in and the grounds or estate around it.","Under the conditions of your lease, you must pay the cost of any services or work to the building where your home is and you must pay the cost of any services or work to the grounds or property around your home.","According to your lease, you must help pay for any services or improvements to the building and the surrounding area."
M-7,567,It should be noted that the whole process can take a long time and even a simple claim can take over to a year to complete once the process has started.,"The whole process can take a long time, even a simple claim can take over to a year to complete. *","The process can take a long time, even a simple claim can take more than a year to complete once the process starts."
M-7,568,It can also give a carer access to things like concessionary goods and services without having to go into lots of confidential personal detail.,It can also give a carer access to things like money off goods and services without having to give lots of confidential personal detail.,It can also allow a carer to access concessionary goods and services without needing to provide lots of confidential personal details.
M-7,569,"The lease is a legal contract, which sets out the terms and conditions of your agreement between you (the Leaseholder) and Sheffield City Council (the Lessor).",The lease is a legal contract. This legal contract sets out the terms and conditions of the agreement between you (the Leaseholder) and Sheffield City Council (the Lessor).,"The lease is a legal contract that outlines the terms and conditions of your agreement with Sheffield City Council. As the Leaseholder, you will be agreeing with the Lessor, Sheffield City Council."
M-7,570,"It has both residential and commercial / retail areas with a lot of pedestrians and cyclists, who should feel safer from the risk of vehicle collisions.","It has both housing and shopping areas, with many people on foot or bicycle who should feel safer from the risk of colliding with a car.",It has residential and commercial/retail areas with many pedestrians and cyclists. These people should feel safer from the risk of vehicle collisions.
M-7,571,"If you ’ re looking for a city centre venue for your theatrical production, musical event, meeting or presentation, the Library Theatre could be just what you ’ re looking for.","If you’re looking for a city centre place for your theatrical production, musical event, meeting or presentation, the Library Theatre could be just what you’re looking for","If you are searching for a venue in the city centre for your theatrical production, musical event, meeting, or presentation, the Library Theatre might be a good choice for you."
M-7,572,"By the 1980s, Emergency Planning Officers had to be appointed and plans for civil defence in time of nuclear war had to be drawn up.","In the 1980s, people made plans for defence in war.","By the 1980s, Emergency Planning Officers needed to be appointed, and plans for civil defence during a nuclear war had to be created."
M-7,573,"About one third of all deaths are reported to the Coroner and of these, approximately 55% require a post-mortem examination.","About one third of all deaths are reported to the Coroner and of these, approximately 55% need a post-mortem examination","About one-third of all deaths are reported to the Coroner. Of these, about 55% need a post-mortem examination."
M-7,574,They are open to anyone aged 16 or over as long as they are not in full time education and are allowed to work in the UK.,They are open to anyone 16 years of age or above as long as they are not in full time education and they are allowed to work in the UK,They are open to anyone aged 16 or over who is not in full-time education and can work in the UK.
M-7,575,"The photographic recording comprised three main stages of work: an initial record made when the market was in operation, a supplementary record made following the vacation of the building, and a more detailed record of decorative surfaces finishes within the post-war buildings, including Formica sheets and ceramic tiles manufactured by Pilkington.",The photographic recording shows three main stages of work. The first is an initial record made when the market was working. The second is an accompanying record made following the vacation of the building. The third is a more detailed record of decorative surfaces finishes within the post-war buildings. Some examples of decorative surfaces are Formica sheets and ceramic tiles manufactured by Pilkington.,"The photographic recording involved three main stages. First, an initial record was made while the market was operating. Next, a supplementary record was taken after the building was vacated. Finally, a detailed record was created of decorative surfaces, such as Formica sheets and Pilkington ceramic tiles, in the post-war buildings."
M-7,576,"You can either research the planning history yourself, make a planning history request for £25 or seek advice from a planning officer on whether planning permission is required (£85), as described below.","You can research the planning history yourself. Alternatively, you can make a planning history request for £25. You can also ask a planning officer if planning permission is required for £85, as below.","You can research the planning history yourself. Alternatively, you can make a planning history request for £25. Or, you can get advice from a planning officer on whether planning permission is needed for £85."
M-7,577,"They aim to supplement existing sources of school-to-school support for governance offered by local authorities, dioceses, trusts and other partners.","They are supplementing current sources of school-to-school support through governance given by local authorities, churchs, trusts and others.","They aim to add to the existing school-to-school support for governance provided by local authorities, dioceses, trusts, and other partners."
M-7,578,"If we are likely to spend £50,000 or more with a supplier, then we will comply with the formal tendering process, led by a procurement professional.","If we are likely to spend £50,000 or more with a supplier then a professional will lead a formal tendering process on our behalf.","If the cost of supplies from a supplier is likely to be £50,000 or more, we will follow the formal tendering process, which is led by a procurement professional."
M-7,579,The review considered the suitability of the technical standards being used by Local Planning Authorities and proposed a radical reduction in the number of eligible standards.,The review proposed a big reduction in the number of acceptable standards being used by Local Planning Authorities.,The review looked at the technical standards used by Local Planning Authorities. It suggested reducing the number of eligible standards significantly.
M-7,580,It was designed to be used by planning applicants and their teams as well as by Development Management officers and consultees.,it was designed to be used by  both planning applicants and their teams and development management officers and consultees.,It was designed for planning applicants and their teams. It was also meant for Development Management officers and consultees.
M-7,581,"If you own a home and refuse to pay your debt, we can get a Charging Order from the Court, which will stop you from selling your property without paying the debt first.","If you own a home and don't pay your debt, we can get a Charging Order from the Court. This will stop you from selling your property unless you pay the money owed first.","If you own a home and refuse to pay your debt, the court can give us a Charging Order. This order will prevent you from selling your property until you pay the debt."
M-7,582,The standards contained in the cabinet report have been slightly amended to make them clearer and to further specify some items.,The cabinet report contains the standards. These standards have been slightly changed to make them clearer and to further specify some items.,The cabinet report's standards have been slightly changed to make them easier to understand and to provide more details about some items.
M-7,583,"If a strong proposal is received that both the local authority and the Secretary of State wish to take forward, the DfE will provide capital funding and start-up grants subject to value for money assessments.",The DfE will provide investment and start-up grants based on value for money assessments if both the local government and the Secretary of State wish to take forward to the strong proposal received,"If a proposal is strongly supported by both the local authority and the Secretary of State, the DfE will provide funding and start-up grants, but only after assessing the cost-effectiveness."
M-7,584,"Under the government ’ s Pupil Registration Regulations, your child ’ s name may not be removed from the school register without our consent.","According to the government's Pupil Registration Regulations, the name of your child can not be erased from the school register without our consent.","According to the government's Pupil Registration Regulations, we must give our consent before your child's name is removed from the school register."
M-7,585,"Sheffield Care Sector Assessment Centre is approved by City and Guilds, offering awards for organisations in health and social care.",City and Guilds offers awards for organisations in health and social care. City and Guilds accepts the Sheffield Care Sector Assessment Centre.,"Sheffield Care Sector Assessment Centre offers awards to organizations in health and social care, and it is approved by City and Guilds."
M-7,586,"Installation is easy and instructions will be provided at the time of the loan, but if you are having trouble you can use to find a local qualified electrician.","Instructions will be provided, but if you have any problems with installation you can find a local qualified electrician.","Installation is easy, and instructions will be provided when you receive the loan. If you have trouble, you can find a local qualified electrician for help."
M-7,587,"They cover various types of service (home care, care homes, support planners, day services etc) for people with disparate needs (older people, people experiencing mental ill-health, learning disability etc).","They cover various types of service for people with different needs. These services include home care, care homes, support planners, day services, etc. for older people, people experiencing mental ill-health, learning disability etc.","They provide different types of services (home care, care homes, support planners, day services) for people with various needs (older people, mental health issues, learning disabilities)."
M-7,588,"We hold events on Devonshire Green throughout the year, such as specialist markets, music festivals and spectacular live performances.","Throughout the year, we organise events on Devonshire Green, such as specialist markets, music festivals and spectacular live performances.","We hold events on Devonshire Green throughout the year. These include specialist markets, music festivals, and spectacular live performances."
M-7,589,"For organisations that have previously accessed our training but do not have user accounts, or for Individual Employers (IE) employing a Personal Assistant (PA), please contact us for a user account request form.",If you contact us we can give you a user account request form. You will need to do this if your organisation has accessed our training before but does not have an account. You will also need to contact us if you are an Individual Employer (IE) and you employ a Personal Assistant (PA).,"For organisations that have used our training but do not have user accounts, please contact us for a user account request form. 

For Individual Employers employing a Personal Assistant, please contact us for a user account request form."
M-7,590,"One of the ways we assess the effects of our proposals, policies or projects on different people within the city is to carry out Equality Impact Assessments (EIAs).","We carry out Equality Impact Assessments (EIAs). This is one way we check how our suggestions, actions or projects affect people in the city.","We assess the effects of our proposals, policies, or projects on different people in the city by conducting Equality Impact Assessments (EIAs)."
M-7,591,"Where remains will be damaged by a development, we may seek a programme of detailed excavation or, where buildings of archaeological interest are to be affected, a programme of drawn and photographic recording.","If remains are going to be damaged by a development, we may ask for more information about the development. This will require a detailed explanation about the excavation or, where buildings of archaeological interest are to be affected, a programme of drawn and photographic recording.","If a development is going to damage remains, we may ask for a detailed excavation program. For buildings of archaeological interest, we might instead request a program of drawing and photographic recording."
M-7,592,"You will remain responsible for ensuring that the terms of the lease are complied with and you will remain liable for any breaches, regardless of whether the breaches are committed by you, your sub-tenant or other parties connected to your sub-tenant.","You will remain responsible for making sure that the terms of the lease are followed. You will remain liable for any breaches whether commited by you, your sub-tenant or anyone else connected to your sub-tenant, or not.","You must ensure that the lease terms are followed. You will be responsible for any breaches, whether they are caused by you, your sub-tenant, or other related parties."
M-7,593,"The Policy, Performance and Communications service, which is not part of any portfolio, is represented at EMT by the Chief Executive.","The Policy, Performance and Communications service is not part of any wider group. It is represented at EMT by the Chief Executive.","The Policy, Performance and Communications service is represented at EMT by the Chief Executive. It is not part of any portfolio."
M-7,594,"Appeals must be lodged in relation to a regulator initiated variation, a suspension notice or an enforcement notice, not later than two months from the date of the variation or notice and in any other case not later than six months from the date of the decision.","Appeals must be presented in relation to a regulator initiated variation, a suspension notice or an enforcement notice. Normally, it should be submitted no later than two months from the date of the variation or notice, or in any other case no later than six months from the date of the decision.","Appeals must be submitted within two months for a regulator-initiated variation or suspension notice. For other cases, appeals must be submitted within six months from the decision date."
M-7,595,The application must be made using the application form below along with the fee of £100 and any necessary supporting documentation.,"The application must be made using the form below. Additionally, a £100 fee and any necessary supporting information must be provided.","You must use the application form provided, pay a fee of £100, and include any necessary supporting documentation."
M-7,596,The Committee promotes and maintains high standards of conduct by Councillors and Co-opted Members and oversees the Members' Code of Conduct.,The Committee promotes and keeps high standards of conduct by Councillors and cooperating Members. It also oversees the Members' Code of Conduct.,The Committee ensures Councillors and Co-opted Members behave according to high standards. They also oversee the Members' Code of Conduct.
M-7,597,We will keep your information for the shortest possible time and will only share it in the circumstances described above.,We will keep your information for the shortest possible time and will only share it in the circumstances shown above.,We will keep your information for as short a time as possible. We will only share it under the circumstances described above.
M-7,598,"If we pay Housing Benefit to your tenant, we cannot give you any information about their claim, unless they have given us written permission to discuss their claim with you.","If we pay Housing Benefit to your tenant and you want information about their claim, then the tenant has to have told us in writing that we can discuss their claim with you.","If we pay Housing Benefit to your tenant, we cannot share any information about their claim with you. They must give us written permission to discuss their claim with you."
M-7,599,Having an appreciation and understanding of the qualities and characteristics of the surrounding area is important in contributing towards retaining local identity and a sense of place.,The area around here has qualities and characteristics. We should appreciate these qualities and characteristics. We should understand them. This is important to keep local identity and a sense of place.,Understanding the qualities and characteristics of the surrounding area helps in preserving local identity and a sense of place.
M-7,600,"The men acquired a wide range of new skills very different from their pre-war occupations including hand stencilling using specially adapted brushes and tools, screen printing, block printing, spray painting and garment manufacture.","The men got a wide range of new skills that are very different from their jobs before the war. For example, hand stencilling using specially adapted brushes and tools, screen printing, block printing, spray painting and making garments.","The men learned many new skills that were different from what they did before the war. These skills included using special brushes and tools for hand stencilling, screen printing, block printing, spray painting, and making garments."
M-7,601,Weston Park Museum: delve deeper into Museums Sheffield's fascinating collections through the packed programme of activities and free family trails.,Weston Park Musuem: explore Sheffield's fascinating collections through a programme of activities and family walks.,Weston Park Museum offers a variety of activities and free family trails to explore Museums Sheffield's interesting collections.
M-7,602,If a school does not appear on the list it is because it was possible to allocate places for all those who applied expressing preference before the allocation date 18 April 2016.,If a school does not appear on the list it is because all places have been allocated before the allocation date 18 April 2016.,"If a school is not on the list, it means all places were allocated to applicants who expressed a preference before April 18, 2016."
M-7,603,"Sessions are free to attend, and parents will learn a few tips, ideas and strategies that can help to make a big difference in their lives.","Sessions are free, and parents will learn a few tips and methods that can help make a big change for them.","Sessions are free, and parents will learn some tips, ideas, and strategies that can make a significant difference in their lives."
M-7,604,"If a property has a RV of between £20,001 and £100,000 and is facing an increase in it ’ s bill, it is classed as a middle tier loser.","If a property has a RV of between £20,001 and £100,000 and is facing an increase in it’s bill, then it is considerd as a middle tier loser.","If a property's RV is between £20,001 and £100,000 and is facing an increase, it is considered a middle tier loser."
M-7,605,"If you ’ re claiming Pension Credit, contact the Pension Service to claim Housing Benefit with your claim for Pension Credit.","If you are claiming Pension Credit, contact the Pension Service to claim Housing Benefit alongside you Pension Credit.","If you are claiming Pension Credit, contact the Pension Service to claim Housing Benefit at the same time."
M-7,606,"Our eBooks are not currently compatible with the original Amazon Kindle, however our eBooks are compatible with the Amazon Kindle Fire (HD) through the andriod app.","Our eBooks can work with the Amazon Kindle Fire (HD) through the Andriod app,but not available to Amazon Kindle.","Our eBooks are not compatible with the original Amazon Kindle. However, they are compatible with the Amazon Kindle Fire (HD) using the Android app."
M-7,607,"The Sheffield Town Trust distributes about £400,000 per year to groups and organisations ‘ for charitable and public purposes ’ for the benefit of Sheffield and its inhabitants.","The Sheffield Town Trust distributes about £400,000 per year to groups and organisations ‘for charitable and public purposes’. This is done for the benefit of Sheffield and its residents.","The Sheffield Town Trust gives out about £400,000 per year to groups and organizations to help Sheffield and its people for charity and public reasons."
M-7,608,Further Planning restrictions relating to works to the frontages of houses apply to areas of the city in conservation areas and to listed buildings.,Further planning restrictions on the front of houses apply to areas of conversation and listed buildings within the city.,Planning restrictions for works to the frontages of houses apply to conservation areas and listed buildings in the city.
M-7,609,"It also includes housing development opportunities in Attercliffe and at Waverley; the River Don and Sheffield and Tinsley Canal; tram and train networks; two motorway junctions on the M1; retail centres at Attercliffe, Meadowhall and Rotherham; and the new Advanced Manufacturing Park at Waverley.","It also includes new housing development opportunities in: Attercliffe; Waverly; the River Don; Sheffield; Tinsley Canal; tram networks; train networks; two motorway junctions on the M; retail centres at Attercliffe, Meadowhall and Rotherham; and the new Advanced Manufacturing Park in Waverly.","It includes housing developments in Attercliffe and Waverley, projects along the River Don and Sheffield and Tinsley Canal, tram and train networks, two motorway junctions on the M1, retail centers in Attercliffe, Meadowhall, and Rotherham, and the Advanced Manufacturing Park at Waverley."
M-7,610,"We work hard to identify areas such as: age, gender, ethnicity and religion, shared interests, skills, experience, and hobbies, that will help build a bond and rapport between your family and the child.","We work hard to identify areas such as: age, gender, ethnicity and religion, shared interests, skills, experience, and hobbies. Those will help build a bond and link between your family and the child.","We work hard to identify areas like age, gender, ethnicity, and hobbies that can help build a bond and rapport between your family and the child. We also look at shared interests, skills, and experience for the same purpose."
M-7,611,"In their capacity of surveyors they were actively concerned in local enclosures, railways, canals, roads and waterworks.","As land inspectors, they were actively engaged in planning local areas, railways, canals, roads and water systems.","As surveyors, they were actively involved in local projects such as enclosures, railways, canals, roads, and waterworks."
M-7,612,"If you would like to know more about who can hold this information or how it can be used, or to request access to your child's data, please see our Privacy Notice.","If you want to learn about who can hold this information or how it can be used, or to request permission for your child's data, see our Privacy Notice.","If you want to know more about who can hold this information or how it can be used, or if you want to request access to your child's data, please see our Privacy Notice."
M-7,613,Floating support – This offers support to tenants to prevent them losing their accommodation while their tenancy remains with their original landlord.,Floating support – This offers support to tenants to stop them losing their accommodation while their tenancy remains with their original landlord.,Floating support provides assistance to tenants to avoid losing their accommodation while their tenancy is still managed by the original landlord.
M-7,614,"A list of our current documents, including orders, or notification to make an order, with details of the site, are now available.","A list of our current documents, including orders, or instructions about how to make an order, with information about the site is now ready","A list of our current documents, including orders and notifications for new orders with site details, is now available."
M-7,615,There is no reason why a child shouldn ’ t go to school before an appointment or return to school afterwards unless they are unwell.,A child should only miss school if they are unwell.,"A child can go to school before an appointment and return afterwards, unless they are unwell."
M-7,616,"Where an application is valid, it is validated from the date of receipt, regardless of how long it takes us to register the application.","If an application is valid, it is validated from the date of being received. This happens regardless of how long it takes us to register the application.","If an application is valid, it is validated as soon as we receive it, no matter how long it takes to register the application."
M-7,617,"If you are not receiving a qualifying benefit, you will need to provide bank statements for the last 3 months in order for us to consider your application.","If you do not get the right benefit, you will need to show us bank statements for the last 3 months so that we can look at your application.","If you are not receiving a qualifying benefit, you need to provide bank statements for the last 3 months. This will help us consider your application."
M-7,618,"You can complain to the LGO at any time, however they will usually only consider your complaint after it has been looked at under our complaints procedure.","You can complain to the LGO at any time, but they will usually only see your complaint after someone from our complaints program has looked at it.","You can complain to the LGO at any time. However, they will usually only look at your complaint after it has been reviewed under our complaints procedure."
M-7,619,If you have a child aged 0-5 you can come along to a half day group for 8 weeks at a children ’ s centre or community venue near you.,If you have a child aged 5 or under you can attend a half day group for 8 weeks at a children’s centre or community venue near you.,"If you have a child aged 0-5, you can attend an 8-week half-day group at a nearby children's centre or community venue."
M-7,620,Unfortunately the records of some hospitals have patchy survival and for several there are no detailed records of patients.,Unfortunately the records of some hospitals have been either partly or completely lost.,"Unfortunately, the records of some hospitals are incomplete regarding patient survival. For several hospitals, there are no detailed patient records at all."
M-7,621,We want to reassure you that we take fire safety very seriously and we are doing everything we can to make sure our residents are safe.,We would like to remind you that we take fire safety highly seriously and we are doing anything we are able to make sure our residents are safe,We take fire safety very seriously and are doing everything we can to ensure your safety as a resident.
M-7,622,All routes blend theory with classroom experience and lead to Qualified Teacher Status (QTS) and many also offer additional academic qualifications on top of QTS.,All paths blend theory with classroom experience and lead to Qualified Teacher Status (QTS). Many paths also offer additional qualifications on top of QTS.,All routes combine theory with classroom experience and lead to Qualified Teacher Status (QTS). Many also provide additional academic qualifications alongside QTS.
M-7,623,Any pitch identified within the circle on the plans attached below requires a Football Street Trading Consent on match days at each of the football grounds.,Football Street Trading Consent is needed on match days. If your pitch is within the circle on these plans you must take action.,Any pitch inside the circle marked on the attached plans needs a Football Street Trading Consent on match days at each football ground.
M-7,624,"We are currently looking at options to improve the lighting under the bridges, and to connect the route across to the Five Weirs Walk on Weedon Street.",We are currently looking at options to improve the lighting under the bridges. Also we are looking to connect the path across to the Five Weirs Walk on Weedon Street,We are considering ways to improve the lighting under the bridges. We are also planning to connect the route to the Five Weirs Walk on Weedon Street.
M-7,625,"Services include all project stages from site planning and concept design, planning and Building Regulations to site construction.",Services include all planning and Building Regulations to site construction include all project sections from site planning and creating concept design.,"Services cover all stages including site planning, concept design, planning and Building Regulations, and site construction."
M-7,626,"We are required under Sections 38-43 of the Localism Act 2011 to publish its pay policy; we have routinely, on an annual basis, published data on all posts which have a starting salary above £50,000.","Sections 38-43 of the Localism Act require us to publish pay policy. Every year we publish data on all jobs with a £50,000+ starting salary.","We must publish our pay policy according to Sections 38-43 of the Localism Act 2011. We have been publishing annual data for all posts with a starting salary over £50,000."
M-7,627,There are no easy solutions but the most effective approach is to remain calm and professional and to have a strategy for escalating the steps you take.,There are no easy solutions but the best approach is to stay calm and professional. It is good to have a strategy in place for controlling the steps you take.,"There are no easy solutions. However, the most effective approach is to stay calm and professional. Also, have a plan to escalate the steps you take."
M-7,628,"Whether your child isn ’ t listening, they aren ’ t going to bed on time, or your teenager is pushing boundaries, we can help.","Whatever the problem - if your child isn't listening, won't go to bed on time, or your teenager is challenging - we can help.","If your child is not listening, if they aren't going to bed on time, or if your teenager is testing boundaries, we can assist you."
M-7,629,"Sheffield is a city with a distinctive character and setting, comprising a diverse range of communities and neighbourhoods.","Sheffield is a city with a special character and setting, comprising diversified communities and neighbourhoods.",Sheffield is a city with a unique character and environment. It has many different communities and neighborhoods.
M-7,630,"This section sets out detailed specification in relation to amenity and housing standards, highway geometry, drainage, structures, street lighting, utilities, street trees, materials, adoption criteria, waste, and management.","This part sets out detailed specifications for all the following subjects: housing facilities and housing standards, highway geometry, drainage, structures, street lighting, utilities, street trees, materials, adoption criteria, waste, and management.","This section outlines detailed specifications for amenity and housing standards, highway geometry, drainage, structures, street lighting, utilities, street trees, materials, adoption criteria, waste, and management."
M-7,631,Review applications are made against a premises with an existing licence if they are not operating in accordance with one or more of the 4 licensing objectives.,Review applications are made if a licensed premises is not meeting any of the 4 licensing objectives.,Review applications are made for premises with an existing license if they are not operating according to one or more of the four licensing objectives.
M-7,632,"In 2001 the Southey and Owlerton Area Regeneration (SOAR) Board started working with local people and partners, jointly with the Southey and Owlerton Area Panel to develop a Neighbourhood Strategies process.","In 2001, the Southey and Owlerton Area Regeneration (SOAR) Board and the Southey and Owlerton Area Panel started developing a Neighbourhood Strategies process with local people and partners.","In 2001, the SOAR Board began working with local people and partners to develop a Neighbourhood Strategies process along with the Southey and Owlerton Area Panel."
M-7,633,"Whilst we are still willing to negotiate savings with Veolia, the existing contract is no longer financially sustainable hence the decision to re-procure our waste services.","Although we are still willing to negotiate savings with Veolia, our existing contract with them is no longer cost efficient which is why we have decided to re-procure our waste services.","We are still open to negotiating savings with Veolia. However, the current contract is no longer financially sustainable. Therefore, we have decided to re-procure our waste services."
M-7,634,The roots of English Poor Law legislation can be traced to Tudor times and early laws passed to deal with problems presented by vagrants and beggars.,The start of the English Poor Law was in Tudor times.  In Tudor times early laws were written to deal with problems facing homeless people and beggars.,"English Poor Law legislation dates back to Tudor times, with early laws aimed at addressing issues caused by vagrants and beggars."
M-7,635,"We can normally supply copies (either prints from microfiche or photographic prints) for private study purposes, subject to the usual copyright regulations.","We can usually give copies for private studies, as long as they follow copyright rules.","We can usually provide copies for private study, either from microfiche prints or photographic prints, as long as they follow the usual copyright regulations."
M-7,636,"If a path is not shown it does not mean that it is not public, it may have rights but they are not yet recorded or formalised.",Paths that are shown on the map are public paths.  Paths that are not shown might still be public paths.  A path that has rights of access will not be shown if the rights have not yet been recorded or legalised.,"If a path is not shown, it doesn't mean it's not public. It may have rights that aren't recorded or formalized yet."
M-7,637,Part A of this policy requires that 10% of predicted energy needs for schemes of 5 or more dwellings is provided by renewable or low-carbon energy.,"According to part A of this policy, where there are schemes of 5 or more dwellings, 10% of predicted energy needs must be provided by renewable or low-carbon energy.",Part A of this policy requires that 10% of the expected energy needs for buildings with five or more homes be met using renewable or low-carbon energy.
M-7,638,The report concludes by making 4 specific recommendations for how we can take this approach forward over the next 12 months.,The report ends by making 4 suggestions for how we can advance this approach over the next year.,The report ends with four specific suggestions on how we can move forward with this approach in the next 12 months.
M-7,639,Displaying the clock without there being an activated permit on our system could result in a parking ticket being issued.,"If you put the clock out but you don't have an activated permit, we might give you a parking ticket.","If you display the clock without an active permit on our system, you might receive a parking ticket."
M-7,640,The Framework enables us to assess all family members so that we can identify the right support for families and work together with other professionals to support them.,The Framework enables us to test all family members so that we can identify the right help for families and work together with other professionals to support them.,The Framework helps us assess all family members. This allows us to identify the right support for families. We also work with other professionals to support them.
M-7,641,Organisations who advertise debt solutions such as Debt Management Plans (DMP) and Individual Voluntary Arrangements (IVA) make a profit from setting up these procedures.,People advertise debt solutions such as Debt Management Plans (DMP) and Individual Voluntary Arrangements (IVA). They make money from setting these up.,Organizations that advertise debt solutions like Debt Management Plans (DMP) and Individual Voluntary Arrangements (IVA) earn money by setting up these programs.
M-7,642,"If you are disabled or an older person and finding it difficult to do everyday tasks, you may be able to apply for a grant for adaptations to your home would make life easier.","If you are disabled or an older person and finding it difficult to do everyday tasks, you may be able to ask for a grant for changes to your home.","If you are disabled or an older person having difficulty with everyday tasks, you may be able to apply for a grant to adapt your home, which would make life easier."
M-7,643,"Information which would allow for the identification of the individual is not included, as this may be a breach of the Data Protection Act 1998.","Data that can identify the person isn't included, as this may breach the Data Protection Act 1998.",Personal information that could identify an individual is not included. This is to avoid breaching the Data Protection Act 1998.
M-7,644,You can also receive written guidance as to whether planning permission is required by submitting one of the 2 enquiry forms below.,"If you are unsure whether planning permission is required, you can receive written guidance by filling out one of the 2 enquiry forms below.",You can also get written guidance on whether planning permission is needed by submitting one of the two forms below.
M-7,645,"Just below half of the money (49%) comes from central government, 10% comes from locally retained business rates including Top Up Grant.","A little less than half of the money (49%) comes from central government, 10% comes from local business rates including Top Up Grant. *","About half of the money (49%) comes from central government. Additionally, 10% comes from locally retained business rates including Top Up Grant."
M-7,646,"This scheme links retail premises, businesses, South Yorkshire Police, City Centre Ambassadors and our CCTV to each other via personal radios.","Through personal radios, this scheme links shops, businesses, South Yorkshire Police, City Centre Ambassadors and our CCTV to each other.","This scheme connects retail premises, businesses, South Yorkshire Police, City Centre Ambassadors, and our CCTV using personal radios."
M-7,647,If you have been given A or B prioirty status you will be eligible to request for a Sheffield City Council property to be furnished once you have had a successful bid.,"If you have been given A or B prioirty, you will be able to request a property provided by Sheffield City Council to have furniture included once you have had a successful bid","If you have A or B priority status, you can ask for a Sheffield City Council property to be furnished after you get a successful bid."
M-7,648,The clearance of the old Castle Markets and the removal of through traffic from the former inner ring road (Exchange Street / Castlegate / Blonk Street) together with changes in retail occupancy has created new space and opportunities.,"New space and opportunities have been created by the removal of the old Castle Market, an end through traffic from the former inner ring road (Exchange Street/Castlegate/Blonk Street) and vacancies in shop premises.",Clearing the old Castle Markets and removing through traffic from the former inner ring road has created new space and opportunities.
M-7,649,"The Phase 1 Study was completed on 9 November 2012 and provides an initial assessment of transport emissions only, and the main contributors to these emissions, including the likely impact of improvements to the vehicle fleet by 2015.","The Phase 1 Study was completed on 9 November 2012. It provides a first assessment of emissions only from transport. It considers the main contributors to these emissions, and the likely impact of improvements to the vehicle fleet by 2015.","The Phase 1 Study was completed on November 9, 2012. It gives an initial look at transport emissions and the main sources of these emissions. It also includes the expected impact of better vehicles by 2015."
M-7,650,"For more information on fostering please see our Fostering Brochure, or have a look at some of the stories from foster carers.","For more information on fostering please read our brochure, or have a look at the stories from foster carers.","For more information on fostering, see our Fostering Brochure. You can also read stories from foster carers."
M-7,651,The statement says how we are consulting people and organisations on the preparation of the Sheffield Plan and also on planning applications.,The statement shows how we consult people and organisations to prepare the Sheffield Plan and planning applications.,The statement explains that we are consulting people and organizations about the Sheffield Plan and also about planning applications.
M-7,652,"On some of our sites, we have carried out site investigations, so people building on them can have more certainty about the costs that would be involved in development.","We have do the site investigations on some of our site. So, people who are building on them can be more sure about the costs that would be involved in development.","On some of our sites, we have conducted site investigations. This helps people building on these sites have more certainty about the costs involved in development."
M-7,653,"Minor adapations can be made to your kitchen to help with moving cupboards, altering switches, controls and taps, and changing the height of work surfaces or appliances if you are the person with the main responsibility for preparing meals or laundry.","If you are the person with the main responsibility for preparing meals or laundry then minor changes can be made to your kitchen. These changes aim to help with moving cupboards, changing switches, controls and taps, and adapting the height of work surfaces or appliances.","Minor adaptations can be made to your kitchen to help with moving cupboards, altering switches, controls, and taps, or changing the height of work surfaces or appliances. These changes are useful if you are mainly responsible for preparing meals or doing laundry."
M-7,654,You must not use the vehicle whilst it is in the parking bay in connection with the selling of goods or offering for hire the driver ’ s or any other person ’ s skill or services.,"Whilst the vehicle is in the parking bay, you must not use it for the selling of goods. You must not either offer the driver’s or any other person’s skill or services for hire.",You must not use the vehicle while it is parked to sell goods or offer the driver's or anyone else's skills for hire.
M-7,655,"As part of the Streets Ahead contract, the city ’ s street tree stock will be managed and maintained over a 25 year period to ensure a varied and suitable stock of street trees for generations to come.",The city’s street tree stock will be managed and maintained over a 25 year period. This will happen to guarantee a varied and adequate stock of street trees for generations to come. This is part of the Streets Ahead contract.,"Under the Streets Ahead contract, the city will manage and maintain its street tree stock for 25 years. This will ensure that future generations have a diverse and appropriate variety of street trees."
M-7,656,"A collector ’ s licence authorises the licensee to operate as a mobile collector in the area of the issuing local authority, permitting them to collect any scrap metal as appropriate.",A collector's licence allows the holder to work as a mobile collector in the area of the relevant local force. It also allows them to collect any scrap metal as they see fit.,A collector's licence allows the licensee to operate as a mobile collector within the area of the issuing local authority and permits them to collect any scrap metal that is appropriate.
M-7,657,"The scheme seeks to improve traffic flows along Handsworth Road in the vicinity of the ASDA junction, just above the A630 Parkway.",Handsworth Road near ASDA will be better.,"The scheme aims to improve traffic flow on Handsworth Road near the ASDA junction, above the A630 Parkway."
M-7,658,We would like to thank the Boardman Tasker Trust for their kind donations as every year the Alan Rouse Climbing Collection receives copies of the entries for the Boardman Tasker Prize for Mountain Literature.,We would like to thank the Boardman Tasker Trust for their kind donations. Every year the Alan Rouse Climbing Collection receives copies of the entries for the Boardman Tasker Prize for Mountain Literature.,"We would like to thank the Boardman Tasker Trust for their kind donations. Every year, the Alan Rouse Climbing Collection receives copies of the entries for the Boardman Tasker Prize for Mountain Literature."
M-7,659,"When you move out you must ensure that vacant possession is given to the Council, and that your rent is paid in full and up-to-date, the keys are handed in and the property (including garden where appropriate) is left in a satisfactory condition.","When you move out the property must be left empty. Make sure your rent has been paid in full and is up-to-date, hand in your keys, and leave the property, including the garden, in a fair state.","When you move out, you must give the Council vacant possession. Ensure your rent is fully paid. Hand in the keys. Leave the property, including the garden if applicable, in good condition."
M-7,660,"We are working to support the regeneration of our great city, by developing its public spaces, supporting our local neighbourhoods and making them great places to live, support the generation of investment through business and help protect and enhance our green environments in Sheffield.",We are working to support regeneration of the city by attracting business investment,"We are working to support the regeneration of our city by improving public spaces. We also aim to make local neighbourhoods great places to live. Additionally, we are helping to generate investment through business support. Lastly, we are protecting and enhancing Sheffield's green environments."
M-7,661,Updated information from the Joint Strategic Needs Assessment is used to help identify the key health and wellbeing priorities.,New information from the Joint Strategic Needs Assessment helps to find the main health and wellbeing priorities.,Updated information from the Joint Strategic Needs Assessment helps identify the key health and wellbeing priorities.
M-7,662,It is in the interest of the candidate to ascertain that the car they intend to use is insured for the purpose of taking the Taxi / Private Hire test as they will be required to sign a document to that effect.,It is a good idea for the candidate to determine whether the car they will use is insured for taking the Taxi/Private Hire test. They will be required to sign a document that confirms the car is insured.,It is important for the candidate to check that the car they plan to use is insured for the Taxi/Private Hire test. They will need to sign a document confirming this.
M-7,663,Sheffield ’ s steel companies experienced major growth during the war resulting in a significant increase in the industrial labour force.,Sheffield’s steel companies grew during the war. The result was a large increase in industrial workers. *,"Sheffield's steel companies grew a lot during the war, leading to a bigger industrial workforce."
M-7,664,They regularly visit all schools in Sheffield to carry out routine health screening and carry out a scheduled immunisation programme.,They regularly visit all schools in Sheffield to carry out an immunisation programme and a routine health screening.,They regularly visit all schools in Sheffield to perform routine health screening. They also carry out a scheduled immunisation programme.
M-7,665,"The Physical Education, Swimming and Outdoor Learning (PESOL) Team focuses on the health, safety and wellbeing of young people through a broad range of activities.","The Physical Education, Swimming and Outdoor Learning (PESOL) Team focuses on the health, safety and wellbeing of young people through varied activities","The PESOL Team works on the health, safety, and wellbeing of young people by organizing various activities."
M-7,666,"Following extensive consultation and Sheffield Cabinet endorsement in December 2004, this Action Plan provides a 10-year vision of the area and will be used by the City Council to guide future development in the area.","After discussions with local people and Sheffield Cabinet support in December 2004, this Action Plan provides a 10-year plan for the area. This plan will be used by the City Council to guide any changes in the area.","In December 2004, after consulting widely and getting approval from the Sheffield Cabinet, this Action Plan was created to outline a 10-year vision for the area. The City Council will use this plan to guide future development."
M-7,667,"Domestic abuse is about power and control and can involve physical, emotional, sexual and financial abuse, as well as forced marriage, ‘ honour-based ’ violence, stalking, harassment, isolation and denial.","Domestic abuse is about power and control.  It can involve physical , emotional, sexual and financial abuse. Domestic abuse also includes forced marriage, 'honour-based' violence, stalking, harassment, isolation and denial.","Domestic abuse involves power and control and can include physical, emotional, sexual, and financial abuse. It can also involve forced marriage, 'honour-based' violence, stalking, harassment, isolation, and denial."
M-7,668,"The 4 archive and local studies services in South Yorkshire (Barnsley, Doncaster, Rotherham and Sheffield) have worked together to compile a single guide to the main genealogical material in their offices and elsewhere.","The four archive and local studies services in South Yorkshire (Barnsley, Doncaster, Rotherham and Sheffield) have a single guide to the main genealogical material in their offices, and elsewhere.","The 4 archive and local studies services in South Yorkshire (Barnsley, Doncaster, Rotherham, and Sheffield) have collaborated to create a single guide. This guide includes the main genealogical material from their offices and other locations."
M-7,669,By signing the registration form you agree to abide by the search room regulations which are designed to protect the unique and irreplaceable documents in our care.,By signing the registration form you agree to follow the search room rules. These rules are designed to protect the unique and irreplaceable documents in our care,"By signing the registration form, you agree to follow the search room rules. These rules are in place to protect the unique and irreplaceable documents in our care."
M-7,670,You cannot use the (PCOL) service if you are seeking possession under Section 21 or if you are using the accelerated possession procedure.,You cannot use the (PCOL) service if you are seeking possession under Section 21 or if you are using the fast track possession procedure.,"You cannot use the (PCOL) service if you are seeking possession under Section 21. Also, you cannot use it if you are using the accelerated possession procedure."
M-7,671,That steps are taken to prevent and control the spread of disease among the animals and that isolation facilities are in place.,Steps are taken to prevent and control the spread of disease among the animals. Places where sick animals can be kept away from the main population are available.,"Steps are taken to prevent and control the spread of disease among the animals, and isolation facilities are available."
M-7,672,"Building upon a strong history of partnership working, the direct contribution of partners to the strategies and delivery plans that we developed was also vital to ensuring the quality of the projects and maximising the resources available to the city.",A strong history of partnership working helped. Our partners provided vital help in planning the projects.  This help ensured the projects were high quality and as much funding was obtained for the city as possible.,"Building on our history of working together, the partners' direct involvement in developing the strategies and delivery plans was crucial for ensuring project quality and maximizing the resources available to the city."
M-7,673,"However, it is for us to decide on the Members ’ Allowances Scheme that is put in place, having regard to the Panel ’ s recommendations.",We decide the Members’ Allowances Scheme based on the Panel’s recommendations.,We decide on the Members’ Allowances Scheme based on the Panel’s recommendations.
M-7,674,This study looks at the highways and transport impacts of a possible major retail development at Manor Top District Shopping Centre.,This study looks at the effects of roads and transport for a possible large shopping development. This will be at Manor Top District Shopping Centre.,This study examines the effects of a potential large retail project on the highways and transportation in Manor Top District Shopping Centre.
M-7,675,Minute books including names of jurors; highway act proceedings; fines; orders; appeals; costs; later including bonds and legal aid certificates.,Minute books with names of jurors; highway act events; fines; orders; plead; costs; later including bonds and legal aid certificates.,"Minute books include jurors' names, highway act proceedings, fines, orders, appeals, and costs. Later, they also include bonds and legal aid certificates."
M-7,676,We must receive a completed application form before we can book the area for you as provisional bookings over the telephone cannot be taken.,"Provisional bookings cannot be taken over the telephone, therefore we must have a completed application form to book the area.",We need to receive a completed application form before we can book the area for you. Provisional bookings over the phone are not possible.
M-7,677,"However, we strongly advise buyers and sellers to take independent professional legal advice before entering into any contract or other legally binding document.","Before signing any contract or other legally binding documents, we strongly advise buyers and sellers to take independent professional legal advice.",We strongly advise buyers and sellers to seek independent professional legal advice before signing any contract or legally binding document.
M-7,678,The Final Report (April 2005) submitted by the consultants takes account of the views expressed together with further work on the delivery of various proposals.,The Final Report (April 2005) submitted by the consultants includes both views and future proposals.,The Final Report (April 2005) submitted by the consultants includes the views expressed and additional work on the proposals.
M-7,679,"Therefore, it is advisable that you only provide details that you are happy to be published and viewed by other parties.",It is recommended that you only give details that you are happy to be published and viewed by other people.,Only provide details that you are okay with others seeing.
M-7,680,"People making money from acting as letting agents or property management agents in the private rented sector, are required by law to join an approved redress scheme.",People who work as renting agents or property management agents in the private rented sector are requied by law to join an approved correction scheme.,People who earn money by working as letting agents or property management agents in private rentals must join an approved redress scheme by law.
M-7,681,You are responsible for ensuring that all waste left by students leaving the premises is disposed of properly and legally.,You must make sure that all waste left by leaving students is disposed of legally and properly.,You must dispose of all waste left by students properly and legally.
M-7,682,"The database consists of physical site records including reports, schedules, maps, original hand-written historical documents and photographs built up over 50 years and, since 1990 a computerised database, which uses Recorder 6 software and comprises of over 511,000 species records.","In the database, there are physical site records. People collected these records for 50 years. There are reports, timetables, and maps. There are original historical documents that people wrote by hand. There are photographs. The database was computerised in 1990. It uses Recorder 6 software. It contains more than 511,000 records of species.","The database includes physical site records such as reports, schedules, maps, and photographs collected over 50 years. Since 1990, it also has a computerized part using Recorder 6 software. This computerized part contains more than 511,000 species records."
M-7,683,Custom build is suitable for a range of different people - from first time buyers to families who need more living space or older people looking to downsize.,"Custom build is convenient for a range of different people. It can benefit first time buyers to families who need more living space, or older people looking to downsize","Custom build is suitable for various types of people, including first-time buyers, families needing more space, and older individuals looking to downsize."
M-7,684,If your organisation has never accessed learning and development through Sheffield City Council before then you will need to request an application form from us so that we can assess your eligibility to access the learning and development opportunities we offer.,If your organisation has never accessed learning and development through Sheffield City Council before then you will need to request an application form from. Then we can evaluate your eligibility to access the learning and development opportunities we offer.,"If your organization has never accessed learning and development through Sheffield City Council, you need to request an application form from us to check your eligibility."
M-7,685,For the late 16th / early 17th century have been published in the Yorkshire Archaeological Society Record Series volumes 3 and 54 (available at Sheffield Local Studies Library (ref.,For the late 1500s to the early 1600s are recorded in volumes 3 and 54 of the Yorkshire Archaeological Society Record Series (available at Sheffield Local Studies Library under the reference number,"For the late 16th and early 17th centuries, publications are available in Yorkshire Archaeological Society Record Series volumes 3 and 54. These can be found at Sheffield Local Studies Library (ref.)."
M-7,686,"Key workers work evenings and weekends and spend several hours each week with each family, and are flexible with visit times in response to the needs of the families.","Key workers spend several hours a week with each family. They work evenings, weekends as they visit families when they are needed.",Key workers work evenings and weekends. They spend several hours each week with each family. They also adjust their visit times to meet the families' needs.
M-7,687,"We deal with this issue either at the planning stage or when a takeaway is in operation, checking the equipment being used.",We deal with this issue either at the planning stage or in operation by checking the equipment being used.,We handle this issue either during the planning stage or when a takeaway is operating. We check the equipment being used.
M-7,688,This aims to support our Workforce Diversity Strategy ensuring Sheffield City Council ’ s workforce is representative of the local population.,"This aims to be in line with our Workforce Diversity Strategy, making sure that the workforce of Sheffield City Council fairly represents all the different types of people in the local population.",This supports our Workforce Diversity Strategy by making sure Sheffield City Council's workforce reflects the local population.
M-7,689,Guidance is provided on the requirement that major applications with surface water drainage submit a SuDS Design Statement.,"Help is available on the need for major applications with surface water drainage,  aiming to make a SuDS Design Statement.",Major applications with surface water drainage are required to submit a SuDS Design Statement. Guidance on how to do this is provided.
M-7,690,The first part on the eastern side of Beauchief Abbey Lane contains several listed buildings including the Grade II * listed Church of St Thomas a Beckett (known as Beauchief Abbey).,"Several of the buildings on Beauchief Abbey Lane are protected by listing, including the Church of St Thomas a Becket, which is a grade II listed building.","The eastern side of Beauchief Abbey Lane has several listed buildings. One of them is the Grade II * listed Church of St Thomas a Beckett, also known as Beauchief Abbey."
M-7,691,"If the tenancy began between 15 January 1989 and 27 February 1997, your landlord had to have given you a document called a Notice of an Assured Shorthold Tenancy (or ‘ Section 20 ’ Notice) if the landlord wanted the tenancy to be an Assured Shorthold.","If the landlord wanted the tenancy to be an Assure Shorthold, he had to have given you a document called a Notice of an Assured Shorthold Tenancy (or 'Section 20' notice). This applies if the tenancy began between 15 January 1989 and 27 February 1997.","If the tenancy started between 15 January 1989 and 27 February 1997, your landlord needed to give you a Notice of an Assured Shorthold Tenancy (or 'Section 20' Notice) if they wanted the tenancy to be an Assured Shorthold."
M-7,692,It may be that you want to get a better understanding of your child ’ s education or you may have an interest in the sector more generally.,"You want to understand more about your child’s education? Or, you may have an interest in schools and education more generally.","You might want to better understand your child's education. Alternatively, you could be interested in the sector more broadly."
M-7,693,"Archaeological and structural investigation of the Castle Market site, aimed at creating a new green space on the Castle site and defining potential small development sites.","The Castle site's Archaeological and Structural studies are aimed at creating a new green space on site, creating a possibility for small development sites.",Archaeological and structural investigation will be done at the Castle Market site. The goal is to create a new green space there and identify potential areas for small developments.
M-7,694,"You will need to build relationships with families facing difficult times, show a lot of patience and be a good listener.","You will need to build relationships with families in hard times, show a lot of patience and be a good listener.",You need to connect with families facing difficulties. Show lots of patience and be a good listener.
M-7,695,Individual Governors may not act independently of the rest of the Governing Board; decisions are the joint responsibility of the Governing Board.,"Decisions are the joint responsibility of the Governing Board,not Individual Governors.",Individual Governors must work together with the Governing Board. Decisions are the responsibility of the entire Governing Board.
M-7,696,"This means that you, as a landlord, must not interfere with their occupation of the premises and that the tenants are able to live in their home in peace, comfort and privacy.","This means that you, as a landlord, must not interfere with their use of the premises and that the tenants are able to live in their home in peace, comfort, and privacy.","As a landlord, you must not disturb the tenants' occupancy. The tenants should be able to live in peace, comfort, and privacy."
M-7,697,"The initial application fee is £40 and the annual fee due on the anniversary of the date of registration is £20.If you fail to pay your annual fee, we may cancel your registration, a notice will be sent to you formally in this instance.","The starting application fee is £40. Beginning one year after registration and repeating annually, you will need to pay the yearly fee of £20.If you fail to pay your yearly fee, we may cancel your registration. A notice will be sent to you formally if this happens.","The initial application fee is £40. The annual fee, which is due on the anniversary of your registration date, is £20. If you fail to pay your annual fee, we may cancel your registration. In this case, we will send you a formal notice."
M-7,698,"However, when emergencies happen, utility companies have a legal right to conduct new roadworks even if the road has just been resurfaced.","Utillity companies have a legal right to carry out emergency roadworks, even if the road has just been resurfaced.","When emergencies occur, utility companies have the legal right to do new roadworks, even if the road was just resurfaced."
M-7,699,The premises will be approved for the registration of civil partnerships only and must be regularly available to the public for use for that purpose.,The building will be approved for the registration of civil partnerships only. It must be regularly available to the public for use to do this.,The premises will only be approved for registering civil partnerships. They must be regularly available to the public for that purpose.
M-7,700,"The Council, in partnership with the Department for Education (DfE), is seeking proposals from prospective sponsors for a new special school.","The Council, along with the Department for Education requires proposals from potential sponsors for a new special school.","The Council, working with the Department for Education, is looking for proposals from potential sponsors for a new special school."
M-7,701,"In addition to UK stamping, Sheffield Trading Standards works as part of the Yorkshire and Humber Regional Notified Body.",Sheffield Trading Standards carries out UK stamping.  Sheffield Trading Standards is also part of the Yorkshire and Humber Regional Notified Body.,"In addition to UK stamping, Sheffield Trading Standards合作于Yorkshire and Humber Regional Notified Body."
M-7,702,"Our budgets have been cut in recent years and this may continue, so to pay for and improve our website, we must explore different ways to generate income.","Our budgets have been cut in recent years, and this may well continue in the future. Therefore, we must find different ways to raise money to fund our website.","Our budgets have been reduced in recent years, and we might continue to face budget cuts. Therefore, to pay for and improve our website, we need to find new ways to earn income."
M-7,703,"Where a household consists of 2 occupiers and one has been detained in prison, a discount may be granted, on receipt of confirmation of the date admission to prison.","If a household consists of 2 occupiers and one has been detained in prison, a discount may be granted, on receipt of confirmation of the date of admission to prison.","If a household has two occupants and one has been sent to prison, a discount might be given after we receive confirmation of the prison admission date."
M-7,704,"Part of the current HAPs is to identify which of these target sites need to be maintained, which need restoration, and which are suitable for the creation of habitat.","There are three important tasks carried out under the HAPs.  First, identifying which of these target sites needs to be looked after; second, working out which need restoration; and finally, deciding which might be suitable for creating places for wildlife.","We need to determine which target sites should be maintained, which need restoration, and which are appropriate for creating new habitats."
M-7,705,Further consideration was then given to the 'Leadmill Triangle' extension and the area was then approved on 5th February 2001.,"The 'Leadmill Triangle' extension was further considered, before approval on 5th February 2001.","Further consideration was given to the 'Leadmill Triangle' extension. The area was approved on February 5, 2001."
M-7,706,We are a part of the European network for delivering information relating to doing business in the European Economic Area.,We are part of the European network for giving data on doing business in the European Economic Area.,We are part of a European network that provides information about doing business in the European Economic Area.
M-7,707,"Making Space workers can provide care while the carer goes shopping, visits family or friends, attends hospital appointments and so on.","Workers from Making Space can help when the carer is not around. For example, when the carer goes shopping, visits family or friends, or goes to hospital appointments.","Space workers can provide care for you while the carer is shopping, visiting family or friends, or attending hospital appointments, and so on."
M-7,708,"The Sheffield Flood of 1864 remains the greatest civilian disaster of Victorian Britain, yet is relatively unknown outside the city.","The Sheffield Flood of 1864 is still the greatest civilian disaster of Victorian Britain. However, little is known about it outside the city.","The Sheffield Flood of 1864 was the biggest civilian disaster in Victorian Britain, but it is not widely known outside of the city."
M-7,709,Good design does not have to equate to additional cost when integrated from the beginning and the Panel is keen to review schemes when the comments can make a positive difference.,If good design is thought about at the beginning it does not have to mean additional costs. The Panel is keen to review schemes that can make a positive difference.,Good design can be included from the start without adding extra costs. The Panel is willing to review plans if the feedback can improve them positively.
M-7,710,The blocks were originally built with dry risers which allow the fire service to connect their hoses at different floors and for these to be charged with water on any floor.,The blocks were originally built with pipes which allow the fire service to connect their hoses and charge them with water at any floor.,The blocks were originally built with dry risers. These dry risers allow the fire service to connect their hoses at different floors. Water can then be supplied to the hoses on any floor.
M-7,711,The learning and development opportunities in the Directory are provided by the HR Learning and Development Service for Sheffield City Council based at the Moorfoot Learning Centre.,The training offers in the Directory are provided by the HR Learning and Development Service for Sheffield City Council. This service is located at the Moorfoot Learning Centre.,The learning and development opportunities in the Directory are provided by the HR Learning and Development Service for Sheffield City Council. They are based at the Moorfoot Learning Centre.
M-7,712,Buildings are listed because they are identified as having special architectural or historic interest and may be important due to their age or condition.,Buildings are listed because they are of special architectural or historical interest.  Listed buildings may be important due to their age or condition.,Buildings are listed because they have special architectural or historic interest. They may also be important due to their age or condition.
M-7,713,The ecologist will attend site with the arboricultural team and visually inspect the tree as well as carrying out inspections in the canopy of the tree.,The ecologist will attend site with the arboricultural team. They will visually inspect the tree. They will also carry out inspections in the canopy of the tree.,The ecologist will go to the site with the arboricultural team. They will look at the tree visually and also inspect the canopy.
M-7,714,"Our Vision in Sheffield is to strengthen families, so that all children, young people and families have the opportunity to live safe, happy and healthy lives.","We want to make families stronger, safer, happier and healthier.","Our Vision in Sheffield is to make families stronger. This way, all children, young people, and families can have the chance to live safe, happy, and healthy lives."
M-7,715,"We will manage the housing benefit application and give them free regular support, to help them make their payments on time.",We will take care of the housing benefit application and  to help them make their payments on time free of charge.,We will handle the housing benefit application and provide free regular support to help them make their payments on time.
M-7,716,This role will link with the development of the Healthy Minds programme which aims to provide better mental health support to schools.,"This role will connect with the development of the Healthy Minds programme, which aims to provide better mental health support to schools.",This role will connect with the Healthy Minds programme. The programme aims to offer better mental health support to schools.
M-7,717,In the unlikely event of these items being mistakenly published please contact us and we will correct it straight away.,"If these items are accidentally published, please let us know and we will fix it straight away.","If these items are mistakenly published, please contact us immediately and we will correct them right away."
M-7,718,"In addition, most student areas of the city are subject to further controls to stop new development unless there is less than 20% HMOs within 200m of the house.","Also, most student areas of the city face more controls to stop new constructions unless there is less than 20% HMOs within 200m of the house.","In addition, most student areas have controls to prevent new development unless less than 20% of houses within 200 meters are HMOs."
M-7,719,"However, sometimes our Children and Families service may assist and support a child or young person living with a family member or with a family friend.",A child or young person living with a family member or with a family friend are sometimes supported by our Children and Families service.,"Sometimes, the Children and Families service may help and support a child or young person living with a family member or a family friend."
M-7,720,"It is important that you can show that your landlord agrees to you leaving, otherwise, he may be able to claim the rent due from you to the end of the contract.","It is important that you can show that your landlord agrees to you leaving. If that does not happen, he may be able to claim the rent due from you to the end of the contract.","It is important to show that your landlord agrees to you leaving. Otherwise, your landlord may claim the remaining rent until the end of the contract."
M-7,721,We publish details of our external spending to individual payments to suppliers and organisations with a value over £250.,"We release details of our external spending to individual payments, suppliers and organisations with a value over £250.",We publish details of payments over £250 to suppliers and organizations.
M-7,722,"Water based paints are able to be disposed of with general waste, but all other paints are classified as hazardous waste and will need to be taken to Blackstock Road Household Waste Recycling Centre.","Water based paints can be thrown away with general waste, but all other paints are dangerous to the environment and will need to be taken to Blackstock Road Household Waste Recycling Centre.",Water-based paints can be thrown away with regular garbage. Other paints are considered hazardous and must be taken to the Blackstock Road Household Waste Recycling Centre.
M-7,723,"The Children ’ s Health and Wellbeing programme is focused on reducing health inequalities for children across the city through more effective joined-up working across health, social care and education.","The Children’s Health and Wellbeing programme is focused on reducing health issues for children across the city through more effective joined-up working across health, social care and education","The Children's Health and Wellbeing program aims to reduce health inequalities for kids in the city by improving teamwork among health, social care, and education sectors."
M-7,724,"The remainder of our capital projects is funded by grants (13%), the sale of surplus assets (6%) and other contributions (2%).","Grants (13%), the sale of surplus assets (6%) and other contributions (2%) fund the remainder of our capital projects (e.g. building new facilities).","Our capital projects are funded by grants (13%), the sale of extra assets (6%), and other contributions (2%)."
M-7,725,There are examples of ephemera from the 18th century but most of the items in the collections are from the 19th century to the present day.,The majority of the collectible items are from the 19th century to the present day. Although there are some items from the 18th century.,"There are some examples from the 18th century, but most items in the collection are from the 19th century to today."
M-7,726,"The general usage of the land has changed since the war, and slum clearance programmes led to the growth in light industrial and warehousing uses becoming predominant.","Land use has changed since the war when the slums were removed. After this, factories and warehouse became common.","Since the war, the land's use has changed. Slum clearance programs resulted in light industrial and warehousing uses becoming more common."
M-7,727,"The 'island' which is approximately 750 metres long, the focus of the conservation area, was created by a man made goit (a mill race) and is important in the historic development of Sheffield.","The 'island' which is about 750 metres long and is the focus of the preserved district, was built by a people-created goit (a mill race) and is vital in the historic development of Sheffield.","The island, about 750 meters long, is the focus of the conservation area. It was created by a man-made goit (a mill race). This island was important in the historic development of Sheffield."
M-7,728,This could include requesting that the applicant or any other person associated with the organisation submits a disclosure of unspent criminal convictions at our request.,This could include asking the applicant and anyone else associated with the organisation to submit a disclosure of unspent criminal convictions.,We might ask the applicant or someone else linked to the organization to share details of any criminal convictions they have had but were not punished for.
M-7,729,One of the main exceptions to this is if you are a resident landlord who has been sharing living accommodation with an occupier throughout their stay.,One of the main exceptions to this is if you are a resident landlord who has been sharing living accommodation with a tenant throughout their stay.,One of the main exceptions is for resident landlords who have shared living space with an occupier during their stay.
M-7,730,"Set up under the 1834 Poor Law Amendment Act, developed their own hospitals or infirmaries to accommodate the sick and infirm poor.",Development of their own hospitals or similar institutions is set up under the 1834 Poor Law Amendment Act to accommodate the sick and infirm poor.,"Set up under the 1834 Poor Law Amendment Act, they developed their own hospitals or infirmaries for the sick and infirm poor."
M-7,731,"Sheffield Fellowship KS2 Programme: works with schools, parents and Sheffield Hallam University to provide English, maths and personal development support for young people in Year 5 and Year 6.","Sheffield Fellowship KS2 Programme: works with schools, parents and Sheffield Hallam University.","The Sheffield Fellowship KS2 Programme works with schools, parents, and Sheffield Hallam University to offer support in English, maths, and personal development for Year 5 and Year 6 students."
M-7,732,This will take traffic around the roundabout and give greater protection to pedestrians crossing at the existing crossing.,This will take traffic around the roundabout and give more protection to people crossing at the existing crossing.,This will direct traffic around the roundabout and provide better safety for pedestrians at the existing crossing.
M-7,733,"Where a club who holds a Club Premises Certificate wishes to amend the licence, an application to vary the Club Premises Certificate under the Licensing Act 2003 can be made to us.",An application to change the Club Premises Certificate under the Licensing Act 2003 can be made to us if the club  has a Club Premises Certificate and wishes to change the licence.,"If a club with a Club Premises Certificate wants to change the license, they can apply to us to vary the Club Premises Certificate under the Licensing Act 2003."
M-7,734,"The protected species that are common to this area are identified in the Wildlife and Countryside Act, 1981 and The Conservation (Natural Habitats, etc) Regulations 1994, which includes schedules of European protected species of animals and plants.","The protected species that are common to this area are named in the Wildlife and Countryside Act, 1981 and The Conservation (Natural Habitats, etc) Regulations 1994. Such regulation includes laws of European protected species of animals and plants.","Protected species found in this area are listed in the Wildlife and Countryside Act 1981 and the Conservation (Natural Habitats, etc) Regulations 1994. This includes European-protected animals and plants."
M-7,735,"Once you've read the guidance booklet and are sure you meet the criteria, you can download and complete the application form.","After you've read the guidance booklet and know that you meet the criteria, you can download and complete the application form.","After reading the guidance booklet and confirming you meet the criteria, you can download and complete the application form."
M-7,736,"We provide qualified interpreters who provide face to face and telephone interpretation in Arabic, Bengali, Chinese, Somali and Urdu and other languages spoken in Sheffield.","We offer professional interpreters who provide translation face-to-face and over the telephone. The languages offered include Arabic, Bengali, Chinese, Somali and Urdu and other languages spoken in Sheffield.","We provide qualified interpreters for face-to-face and telephone interpretation in Arabic, Bengali, Chinese, Somali, and Urdu, as well as other languages spoken in Sheffield."
M-7,737,"Within the SHA the NHS was split into a number of Trusts, including Primary Care Trusts (in effect, small health authorities), to provide health care at the first point of request.","Within the SHA, the NHS was split into a number of Trusts, including Primary Care Trusts (i.e., small health authorities). This was done to provide health care at the first point of request.","In the SHA, the NHS was divided into several Trusts, such as Primary Care Trusts (which functioned like smaller health authorities), to offer healthcare when people first seek help."
M-7,738,"However the majority cover the 19th and 20th centuries, reflecting Sheffield ’ s dominance of the cutlery industry during those centuries.",However most cover the 19th and 20th centuries. This shows Sheffield’s importance in the cutlery industry during those centuries.,"Most of them cover the 19th and 20th centuries, which were when Sheffield was very important in the cutlery industry."
M-7,739,"Developed by disabled people for disabled people, the Access Guides improve choice, control, independence and inclusivity.","Access Guides are made by disabled people for disabled people, to improve choice, control, independence and equality for all.","The Access Guides are created by disabled people for disabled people. They help improve choice, control, independence, and inclusivity."
M-7,740,We have produced a guide to showcase the most innovative and successful HMR projects and share our learning with others who are interested in neighbourhood regeneration.,We made a guide to show the most creative and successful HMR projects to share with others interested in neighbourhood improvement.,We have created a guide to highlight successful HMR projects and share our knowledge about neighbourhood regeneration with others.
M-7,741,"As it has not always been possible to allocate whole numbers of constituencies to individual councils, they have grouped some county and council areas into sub regions.","Since it has not always been possible to allocate whole numbers of constituencies to individual councils, they have grouped some county and council areas into sub regions","Sometimes, whole numbers of constituencies cannot be allocated to individual councils. Therefore, some county and council areas are grouped into subregions."
M-7,742,Please be aware we are not responsible for private (not adopted) roads or roads managed and maintained by Highways England.,"Be aware we are not responsible for private roads or roads managed and maintained by Highways England, excluding adopted roads.",We are not responsible for private roads or roads managed by Highways England.
M-7,743,Cemeteries usually consist of 2 sections - consecrated (for Anglican burials) and unconsecrated (for nonconformists and others).,Cemeteries usually have 2 sections: a consecrated section (for Anglican burials) and an unconsecrated (for nonconformists and others).,Cemeteries typically have two sections: one for Anglican burials and another for nonconformists and others.
M-7,744,"Voluntary Aided Schools, Foundation Schools, Trusts and Academies are free to set their own calendar but are asked to adopt our model for consistency.","Voluntary Aided Schools, Foundation Schools, Trusts and Academies are free to define their own calendar. However, they are asked to use our model to keep timetables consistent.","Voluntary Aided Schools, Foundation Schools, Trusts, and Academies can set their own calendar. However, they are asked to use our model for consistency."
M-7,745,"We have set certain standard conditions which will apply to every Sexual Entertainment Venue licence granted, renewed or transferred by the authority, unless they have been expressly excluded or varied.","We have set standard conditions which will apply to every Sexual Entertainment Venue licence granted, renewed or transferred by the authority. They will not apply if they have been clearly excluded or varied","We have set standard conditions that will apply to all Sexual Entertainment Venue licences, unless they are specifically excluded or changed."
M-7,746,"Other pollutants of less concern include Sulphur Dioxide (SO2), Carbon Monoxide (CO), Ozone (O3), Lead (Pb) and 1,3-Butadiene.","Sulphur Dioxide (SO2), Carbon Monoxide (CO), Ozone (O3), Lead (Pb) and 1,3-Butadiene are other contaminants of less concern.","Other pollutants of less concern are Sulphur Dioxide (SO2), Carbon Monoxide (CO), Ozone (O3), Lead (Pb), and 1,3-Butadiene."
M-7,747,"Due to capacity restrictions, we can accommodate only one guest per award winner but sometimes there is limited space for additional guests.","Because of restrictions on the number of people allowed in the venue, we can normally accommodate only one guest per award winner.  However, there is sometimes  limited space for additional guests.","Due to space limits, we can only accommodate one guest per award winner. Sometimes, there is limited space for extra guests."
M-7,748,"It would be useful to collect any information you have about the care and support you receive, such as prescriptions or doctor ’ s letters.",Information you have about the care and support you receive(e.g. prescriptions or doctor’s letters) is required.,"It would be helpful to gather any information you have about the care and support you receive, such as prescriptions or doctor's letters."
M-7,749,Section 35 of the Data Protection Act allows us to disclose personal information in connection with any legal proceedings.,Section 35 of the Data Protection Act allows personal information in connection with any legal case to be made available.,Section 35 of the Data Protection Act lets us share personal information if it's related to any legal proceedings.
M-7,750,"If your job involves handling food or any other high risk occupation, such as working with children, or other vulnerable groups it is imperative that you make contact with us.","If your job involves handling food or any other hazardous task, such as working with children, or other vulnerable groups, you must make contact with us.","If your job involves handling food or working with children or other vulnerable groups, it is important to contact us."
M-7,751,In the documents on this page you can find out about the fees and charges you will have to pay when making an application for building regulations.,The documents provided on this page will explain the fees and charges you will need to pay when making an request for building regulations,"On this page, you can find information about the fees and charges for applying for building regulations."
M-7,752,For full information on the EU Services Directive and Points of Single Contact for other member states from the European Commission.,For detailed information on the EU Services Directive and Points of Single Contact as well as gaining information on other member states from the European Commission.,"For more details on the EU Services Directive and Points of Single Contact for other European Commission member states, visit the European Commission's website."
M-7,753,By understanding how landscapes have evolved we can manage future change and preserve landscape features that give places their unique character and identity.,"By understanding how landscapes have changed in the past, we can manage future changes and preserve landscape features that give places their character.","By understanding landscape evolution, we can manage future changes and preserve features that give places their unique character and identity."
M-7,754,"You must specify when making your application, which activities you wish to hold at your premises and the hours and days they will take place.",Tell us which activities you wish to hold and when they will take place. You need to do this when you make your application.,"You must specify the activities, hours, and days when making your application."
M-7,755,"But if you can only guess at the date of a person ’ s birth, marriage or death, you search the indexes quarter by quarter until the right name is found.","If you do not know exactly when the person was born, married or died, search each quarterly index in turn until you find the right name.","If you can only guess the date of a person's birth, marriage, or death, you should search the indexes quarter by quarter until you find the correct name."
M-7,756,"If you have eligible care and support needs, we ’ ll help you to decide how your needs can be met and the outcomes you want to achieve.","If you have qualified care and assist requires, we would advise you to determine how your demands could be satisfied and the results you would like to accomplish","If you have care and support needs, we will assist you in deciding how to meet them and what outcomes you want to achieve."
M-7,757,Having a set of standard letters for when specific concerns arise can be helpful and show progression from a general to a specific concern.,It can be helpful to have some standard letters for when key concerns arise. These can show change from a general to a specific concern.,Having standard letters for specific concerns can be helpful. These letters show progression from general to specific issues.
M-7,758,You are required by law to pay your business rates instalments on time and we are required by law to make sure these payments are made.,You are asked by law to pay your business rates instalments on time. We are asked by law to make sure these payments are made.,You must pay your business rates on time. We must ensure these payments are made.
M-7,759,"Stonewall ’ s Education Equality Index is about celebrating difference, preventing and tackling homophobic, biphobic and transphobic bullying in schools and supporting LGBT (lesbian, gay, bisexual and trans) young people in their local community.","Stonewall’s Education Equality Index is about celebrating difference and preventing and tackling homophobic, biphobic and transphobic annoying in schools. It also aims to support LGBT (lesbian, gay, bisexual and trans) young people in their local community.","Stonewall's Education Equality Index focuses on celebrating differences, preventing, and addressing homophobic, biphobic, and transphobic bullying in schools, and supporting LGBT young people in their local community."
M-7,760,The project uses the current data for Great Crested Newt distribution in southern Sheffield to identify the best possible sites to create new ponds.,The project used research data about Crested Newts to plan where new ponds should go,The project uses current data on Great Crested Newt distribution in southern Sheffield to find the best sites for creating new ponds.
M-7,761,"Any applicant, responsible authority or person making representation is able to appeal our decision to a Magistrate ’ s Court within 21 days of the notice of decision.","Any person, responsible authority or representative applying, is able to appeal our decision to a Magistrate’s Court within 21 days of the notice of decision.","Any applicant, responsible authority, or person making a representation can appeal our decision to a Magistrate's Court within 21 days of receiving the notice of our decision."
M-7,762,"If you ’ re no longer a council tenant and have left one of our properties with rent arrears, the money you owe is called ‘ Former Tenancy Arrears ’.",You owe 'Former Tenancy Arrears' if you are no longer a council tenant but still owe rent.,"If you are no longer a council tenant and have left one of our properties with outstanding rent, the unpaid rent is called 'Former Tenancy Arrears'."
M-7,763,If you are a new parent you can also download our ‘ Top Tips for New Parents ’ document that has some helpful suggestions.,"If you are a new parent, you can also download our 'Top Tips for New Parents' document. It has some helpful tips.","If you are a new parent, you can also download our 'Top Tips for New Parents' document, which has some helpful suggestions."
M-7,764,"It seeks to address recent local declines and, in some cases, extinction of Great Crested Newts, which is attributed to the loss of pond habitat or decline in pond quality.","It seeks to fix recent local declines and, in some cases, extinction of Great Crested Newts, which is seen because of the loss of ponds or a decline in their quality","It aims to address recent local declines and, in some cases, the extinction of Great Crested Newts. This is due to the loss of pond habitat or a decline in pond quality."
M-7,765,Many postgraduate training courses come with significant financial incentives paid by NCTL - to see the current offer and check your eligibility visit Get into Teaching where general and personalised support and advice about teacher training on all routes is available.,Many postgraduate training courses offer significant financial incentives paid by NCTL - for current offers and to check your eligibility visit Get into Teaching where general and personalised support about teacher training is available.,"Many postgraduate training courses offer financial incentives paid by NCTL. To find out more and check your eligibility, visit Get into Teaching. There, you can get general and personalized advice about teacher training."
M-7,766,"Before the Second World War maps were produced as a County Series at a scale of 6 inches to 1 mile (1: 10,560) and 1: 2,500 (25 inches to 1 mile).","Before the Second World War, maps were produced as a County series at a scale of 6 inches to 1 mile (1:10,560) and 25 inches to 1 mile (1:2,500).","Before the Second World War, maps were made in a County Series at scales of 6 inches to 1 mile (1:10,560) and 1:2,500 (25 inches to 1 mile)."
M-7,767,Even if you park in a disabled bay in one of these car parks you must display a valid permit as well as your blue badge.,You must display a valid ticket as well as your blue badge even if you park in a disabled bay in one of these car parks.,"Even if you park in a disabled bay, you must show a valid permit and your blue badge."
M-7,768,"Our booklet lists sources available within Sheffield Local Studies Library and Sheffield Archives for the study of slavery, the slave trade, the abolition movements and emancipation up to the mid 19thcentury.","Our booklet lists sources available within Sheffield Local Studies Library and Sheffield Archives for the study of this topic. It includes sources for slavery, the slave trade, the abolition movements and emancipation up to the mid 19th century.","Our booklet lists sources available at Sheffield Local Studies Library and Sheffield Archives for studying slavery, the slave trade, the abolition movements, and emancipation up to the mid-19th century."
M-7,769,If you would like to book a place on the ‘ Mental Capacity Act Workshop ’ or the ‘ Managing Authority Workshop ’ please email esther.palfreyman @ sheffield.gov.uk.,To book a place on the ‘Mental Capacity Act Workshop’ or the ‘Managing Authority Workshop’ please email esther.palfreyman@sheffield.gov.uk,"If you want to book a spot on the 'Mental Capacity Act Workshop' or the 'Managing Authority Workshop', please email esther.palfreyman @ sheffield.gov.uk."
M-7,770,"Bradfield Parish Council, Ecclesfield Parish Council and Stocksbridge Town Council all charge additional parish charges.","Parish Councils of Bradfield, Ecclesfiled and Stockbridge implies additional charges for churches","Bradfield Parish Council, Ecclesfield Parish Council, and Stocksbridge Town Council all charge additional parish fees."
M-7,771,The amount of rates payable is dependant on the multipliers that the Government tells us to apply when calculating rates bills.,The amount of fees payable rely on the multipliers that the Government tells us to apply when calculating rates bills.,The amount of rates you need to pay depends on the multipliers that the government tells us to use when calculating the rates bills.
M-7,772,"A group of Master Plans are then put together to form an Area Development Framework, this time for Brightside Shiregreen.",A local development is formed for Brightside Shiregreen by putting together high level plans.,A group of Master Plans are combined to create an Area Development Framework for Brightside Shiregreen.
M-7,773,"We usually recover an overpayment of Housing Benefit by accepting a full repayment, or by taking a weekly amount from your future Housing Benefit (also known as ‘ claw-back ’).",To take back overpayment of Housing Benefit we either accept full repayment or deduct a weekly amount from your future Housing Benefit (also known as 'claw-back').,"We usually get back any extra Housing Benefit paid by asking for a full repayment. Alternatively, we can take a weekly amount from your future Housing Benefit (also known as 'claw-back')."
M-7,774,"Should a collector wish to use a fixed site, they will need to obtain a site licence from the relevant local authority.","Should a collector wish to use a fixed site, they will need to get a site licence from the relevant local authority. * *","If a collector wants to use a fixed site, they need to get a site licence from the local authority."
M-7,775,"The majority of the plans are the work of the second William Fairbank, his sons William and Josiah, and Josiah ’ s son, William Fairbank.","Most of the plans are by the second William Fairbank, his sons William and Josiah, and Josiah’s son, William Fairbank.","Most of the plans were created by the second William Fairbank, his sons William and Josiah, and William's son Josiah."
M-7,776,Irrespective of the above we have the right to apply for an injunction to have the unauthorised work removed or altered where it considers its contravention presents a danger.,"We have the right to apply for an instruction to have the unauthorised work removed or changed where it considers its violation presents a danger,. irrespective of the above.","Regardless of the above, we can ask for an injunction to remove or alter unauthorised work if we believe it presents a danger."
M-7,777,Our Grade II listed building with its beautiful Art Deco features is located in the heart of the Sheffield City Centre.,Our Grade 2 listed building with its beautiful Art Deco features is in the middle of Sheffield City Centre.,"Our Grade II listed building, which has beautiful Art Deco features, is in the middle of Sheffield City Centre."
M-7,778,"We also work on schemes to improve local areas more widely, revitalising local centres and neighbourhoods in an effort to boost the local economy and housing market.","We also work on ways to improve local areas more widely, rebuilding local centers and neighborhoods to boost the local economy and housing market.","We also work on schemes to improve local areas. These schemes aim to revitalize local centers and neighborhoods, which helps to boost the local economy and housing market."
M-7,779,"Before 1949, only around 1% of moorland in the Peak District was publicly accessible and there were only 12 ‘ legal ’ paths.","Before 1949, only around 1% of moorland in the Peak District was open to the public. At this time there were only 12 ‘legal’ paths.","Before 1949, only about 1% of moorland in the Peak District was open to the public. There were also only 12 officially recognized paths."
M-7,780,"A tree survey will be required as a part of a planning application, as will a phase 1 and 2 site investigation to deal with the potential contamination from the previous development of the site.",Previous development of the site might have caused contamination. The planning application requires step 1 and step 2 site investigations to deal with this. A planning application also requires a tree survey.,A tree survey is needed for a planning application. A phase 1 and 2 site investigation are also required to handle potential contamination from the previous development of the site.
M-7,781,"If you genuinely cannot show proof of address, you can still join but with limited borrowing rights – see our Adults without ID section.",Without a proof of address you can still join but may not be able to borrow items. See our Adults without ID section for more details.,"If you cannot prove your address, you can still join, but with limited borrowing rights. See our Adults without ID section for more details."
M-7,782,The Housing Market Area profiles are a series of reports and summaries that provide information on the housing markets and social characteristics of the 13 Housing Markets Areas (HMAs) in Sheffield.,The Housing Market Area profiles are a set of reports providing information on the housing markets and social characteristics of the 13 Housing Markets Areas (HMAs) in Sheffield.,The Housing Market Area profiles are reports and summaries that provide information on the housing markets and social characteristics of the 13 Housing Markets Areas in Sheffield.
M-7,783,"Instead of submitting the City Policies and Sites document and Proposals Map to Government, we have decided to commence work on a new Sheffield Plan.",We did not submit the City Policies and Sites document and Proposals Map to Government. We have decided to start work on a new Sheffield Plan.,We have chosen to start working on a new Sheffield Plan instead of submitting the City Policies and Sites document and Proposals Map to Government.
M-7,784,In July 2017 the council worked with Sheffield University to carry out independent tests on cladding in 20 council tower blocks in Sheffield.,"In July 2017, the Council worked with Sheffield University to carry out independent tests on the cladding of 20 council tower blocks in Sheffield.","In July 2017, the council collaborated with Sheffield University to conduct independent tests on cladding in 20 council tower blocks in Sheffield."
M-7,785,The IRO Manager writes an annual report reviewing things that have gone well during the year and instances where IROs have had to challenge the Local Authority to ensure positive outcomes for children and young people in care.,The IRO manager writes a report every year. This report reviews things that have gone well during the year. Sometime the IRO has to challenge the Local Authority to make sure that the children and young people in care get the best outcomes. The report also looks at times when this has occurred.,The IRO Manager writes an annual report. This report reviews successes from the year and situations where IROs challenged the Local Authority to achieve positive outcomes for children and young people in care.
M-7,786,If you do not have a payment card / are waiting for one to be provided you can use your letter to pay at any Post Office and PayPoint.,You can pay with your letter at any Post Office or PayPoint if you do not have a payment card.,"If you don't have a payment card, or are waiting for one, you can use your letter to pay at any Post Office or PayPoint."
M-7,787,"The group helps to ensure that we deliver new housing and develop housing policies and strategies that meet the needs of all Sheffield ’ s residents, as well as having a role in supporting the Sheffield Housing Company, which aims to deliver 2,300 new homes over the next 15 years.","The group helps to ensure that we give new houses and strategies that suit all Sheffield’s residents, as well as having a role in supporting the Sheffield Housing Company.","The group helps us deliver new housing and develop housing policies and strategies to meet the needs of all Sheffield's residents. Additionally, they support the Sheffield Housing Company, which aims to build 2,300 new homes over the next 15 years."
M-7,788,"The planning system does not exist to protect the private interests of one person against the activities of another, although private interests may coincide with the public interest in some cases.","The planning system does not exist to protect one person's private interests against someone else's actions.  It is there to do what is best for the public.  However, there may be cases where what is best for an individual person overlaps with what is best for the public.","The planning system is not in place to protect the private interests of one person from another's activities. However, private interests can align with the public interest sometimes."
M-7,789,If we send your landlord a ‘ relevant notice ’ then you will have protection against a section 21 notice to leave for the next 6 months.,If we send your landlord a 'important notice' then you will have cover against section 21 (notice to leave) for the next 6 months.,"If we send your landlord a 'relevant notice,' you will be protected against a section 21 notice to leave for the next 6 months."
M-7,790,"The area was originally a mixture of back to back housing surrounding courtyards, mixed with cutlery and small tool workshops.",The area was originally a combination of housing surrounding courtyards.,The area originally had a mix of back-to-back housing around courtyards and small workshops for cutlery and tools.
M-7,791,"Where an applicant is proposing to use a Planning Obligation, it is recommended that either a draft Unilateral Obligation or a statement of the proposed Heads of Terms is submitted with the application, whichever is most appropriate.","It is recommended to submit either a draft Unilateral Obligation or a statement of the proposed Heads of Terms, whichever is most appropriate, along with a Planning Obligation.","If an applicant plans to use a Planning Obligation, it is suggested to submit either a draft Unilateral Obligation or a statement of proposed Heads of Terms with the application. Choose what is most appropriate."
M-7,792,"We will meet you at a local venue where our friendly, approachable team will walk with you to different training providers or workplaces.",We will meet you near where you live.  A member of our team will then walk with you to different training providers or workplaces.,We will meet you at a local venue. Our team will then guide you to different training providers or workplaces.
M-7,793,The new company was formed to acquire the stainless steel interests of Thomas Firth and John Brown Limited and the English Steel Corporation (ESC) who would jointly own the company.,"The new company acquires the stainless steel interests of Thomas Firth and John Brown Limited, and the English Steel Corporation (ESC). Together they own the company.","The new company was formed to acquire the stainless steel interests of Thomas Firth and John Brown Limited and the English Steel Corporation (ESC). Together, Thomas Firth and John Brown Limited and the English Steel Corporation will own the company."
M-7,794,"Sheffield Trading Standards are responsible for the enforcement of laws controlling the accuracy, description, price, quality, quantity, and safety of goods and services.","Sheffield Trading Standards are responsible for the control of laws involving the accuracy, description, price, quality, quantity, and safety of goods and services.","Sheffield Trading Standards enforce laws about goods and services, including accuracy, description, price, quality, quantity, and safety."
M-7,795,"If your landlord is successful in getting a Possession Order, the Court will usually give you 2 weeks to leave your home, though if you are in exceptional hardship, the Court might be give up to 6 weeks to leave.","If your landlord is granted a Possession Order, the Court will usually give you 2 weeks to leave your home. If you are in exceptional hardship, the Court might give you up to 6 weeks to leave.","If your landlord gets a Possession Order, the Court will usually give you 2 weeks to leave your home. However, if you are in exceptional hardship, the Court might give you up to 6 weeks to leave."
M-7,796,"For example, if your landlord had not complied by failing to give you some of the prescribed information on time, then the compensation would be likely to be near the bottom end of the range.","For example, if your landlord had failed to give you some of the relevant information on time, then the compensation would be likely to be near the bottom end of the range.","If your landlord did not provide you with some of the required information on time, the compensation would likely be at the lower end of the range."
M-7,797,"You can collect the card when you sign your tenancy agreement, – and it helps make sure you get a fresh start in your new home.","You can get the card when you sign your house owners agreement,– and it helps to make sure that you get a fresh start in your new home.",You can collect the card when you sign your tenancy agreement. It also helps ensure you get a fresh start in your new home.
M-7,798,"By implementing the above strategy, we were able to guarantee that the right projects were delivered in the right places, and that the projects met the aspirations of the original neighbourhood visions.","By using this strategy, we were able to guarantee that the right projects were delivered in the right places, and that they met the desires of the original neighbourhood ideas.","By implementing the above strategy, we ensured that the correct projects were delivered to the right locations. We also made sure that these projects met the original aspirations of the neighborhood."
M-7,799,"Given the introduction of Building for Life 12 and the changes to the scoring system, we no longer intends to publish annual monitoring data on performance of new housing developments against the Building for Life criteria.",We used to publish data every year to compare how new housing developments relate to Building for Life criteria. Building for Life 12 has been introduced. The scoring system has changed. So we are not going to publish monitoring data every year.,"With the introduction of Building for Life 12 and changes to the scoring system, we will no longer publish annual monitoring data on the performance of new housing developments against these criteria."
M-7,800,"Some parking would be removed on Scott Road, but our surveys indicate that there will be enough parking between Passhouses Road and Barnsley Road for the number of vehicles that are usually parked.",Some parking would be removed on Scott Road. But our surveys show that there will be enough parking between Passhouses Road and Barnsley Road for number of vehicles that are normally parked,"Some parking will be removed on Scott Road. However, there will be enough parking between Passhouses Road and Barnsley Road for the usual number of vehicles."
M-7,801,"If you ’ re looking for a particular song or need the sheet music, you may find it in our song collections in the Library Catalogue, which include popular guitar, folk and classical.","You may find a certain song or sheet music you're looking for in our song section in the Library Catalogue. It has popular guitar, folk and classical.","If you're looking for a particular song or need the sheet music, you may find it in our song collections listed in the Library Catalogue. The catalogue includes popular guitar, folk, and classical music."
M-7,802,"Whilst minor funding contributions may have been available from sources such as the Heritage Lottery Fund (with likely match funding requirements), when these have been explored we have found no investment sources available which could have matched the very large funding package needed to deliver on any of the costed options.",Minor funding contributions may have been available from sources like the Heritage Lottery Fund (with likely match funding requirements). Investigation found no investment sources which could have matched the very large funding amount needed to deliver on any of the costed options.,"Minor funding contributions, like those from the Heritage Lottery Fund, typically require matching funds. After exploring these options, we found no investment sources that could provide the matching funds needed for the very large funding package required to implement any of the costed options."
M-7,803,"Such properties will not be included in the Valuation List, and we will not charge any Rates on them, whether they are being used or not.","Such properties, whether in use or not, will not be included in the Valuation List and Council Tax will not be charged on them.","Such properties will not be included in the Valuation List. We will also not charge any Rates on them, whether they are being used or not."
M-7,804,"For most of us being a parent or carer is one of the most rewarding and enjoyable experiences, and it also brings challenges.","For most of us being a parent or carer is one of the most rewarding and enjoyable experiences, but it can also be difficult.","Being a parent or carer is usually very rewarding and enjoyable. However, it also comes with challenges."
M-7,805,"The Sheffield School of Art (still in existence today as Sheffield Hallam University ’ s Department of Art and Design) traces its history back to 1837, when a School of Design was established in Sheffield in 1843 under the protection of the Board of Trade.","Sheffield Hallam University's Department of Art and Design was previously The Sheffield School of Art. It started in 1837, and then in 1843 a School of Design was built under the protection of the Board of Trade.","The Sheffield School of Art, now part of Sheffield Hallam University's Department of Art and Design, started in 1843. It was established as a School of Design in Sheffield under the Board of Trade's protection."
M-7,806,"However, we ’ ll contact you on an annual basis to offer support or an opportunity to meet to discuss the education being offered to your child.","Nonetheless, we’ll mail you regarding an annual foundation which give the chance to your children to enter school.",We will contact you yearly to offer support or an opportunity to meet and discuss the education for your child.
M-7,807,"We value information about consumer problems reported via the Citizens Advice Consumer Service, as these often determine where we concentrate our resources.","We value data about consumer issues given via the Citizens Advice Consumer Service, as it often decides how we focus our resources.",We value information about consumer problems from the Citizens Advice Consumer Service. These reports often help us decide where to focus our resources.
M-7,808,"This guide is intended for planners, commissioners and developers of older people's accommodation and support services in Sheffield.",This guide is made for people who make decisions around older people's support services and accommodation in Sheffield,"This guide is for planners, commissioners, and developers of older people's accommodation and support services in Sheffield."
M-7,809,The revised Brief was approved by our Cabinet on 24th March 2005 and will be regarded by ourselves as a material consideration for the determination of planning applications.,Our Cabinet approved the revised Brief on 24th March 2005.  We will take the contents of the Brief into account when we check planning applications.,"Our Cabinet approved the revised Brief on March 24, 2005. We will consider this Brief as an important factor when deciding on planning applications."
M-7,810,"Fieldwork on this phase is now complete, but as work continues on the post-excavation assessment, SYAS hopes we will learn more about this industrial activity and about the people who lived and worked here.",South Yorkshire Archaeological Society (SYAS) has now completed the fieldwork for this phase of the excavation.  The Society is still working on evaluating the findings from the fieldwork.  We hope that the results will tell us more about this industrial activity and about the people who lived and worked here.,"Fieldwork for this phase is now finished. However, as the post-excavation assessment continues, SYAS hopes we will learn more about the industrial activity and the people who lived and worked here."
M-7,811,"A concentration of some former 11 metal trades buildings remain however, including the impressive and important Stag Works and Portland Works, both Grade II listed.",A concentration of some former 11 metal trades buildings remain with the impressive and important Stag Works and Portland Works. Both Grade ll listed.,Some former metal trades buildings are still concentrated there. Both the Stag Works and Portland Works are impressive and important. They are Grade II listed.
M-7,812,"As mentioned before, your case will be much stronger if you can get other witnesses who are prepared to keep similar records and appear in Court.","As mentioned before, your case will be much stronger if you can get other witnesses, who are prepared to keep similar notes and attend Court.","It is better to have other witnesses who can keep similar records and appear in court, as this will strengthen your case."
M-7,813,"The group explores how domestic abuse affects parent and child, how to develop effective communication skills with children and young people, and also looks into strategies for keeping mothers and young people safe.","The group explores 1) how domestic abuse affects parent and child, 2) how to talk to children and young people, and 3) ways of keeping mothers and young people safe.","The group studies how domestic abuse affects parents and children. They also learn effective communication skills with children and young people. Additionally, they examine strategies to keep mothers and young people safe."
M-7,814,"No information contained on this page or any other written or oral information made available to any interested party or its advisers shall form the basis for any warranty, representation or term of any contract by ourselves with any third party.","No information on this page or any other spoken or written information we provide will form the basis of any guarantee, claim or contract by ourselves with anyone else.","No information on this page or any other written or oral information given to interested parties or their advisors can be used as a basis for any warranty, representation, or contract term with us."
M-7,815,The Sheffield School Nursing Team comprises of qualified nurses and support workers employed by the Sheffield Children ’ s NHS Foundation Trust.,The Sheffield School Nursing Team is made up of qualified nurses and support workers employed by the Sheffield Children’s NHS Foundation Trust.,The Sheffield School Nursing Team consists of qualified nurses and support workers who are employed by the Sheffield Children's NHS Foundation Trust.
M-7,816,We are the only body who hold all the up to date authoritative information to complete the Con29R (Required) Form in full.,We are the only group who hold all the up to date authoritative information to complete the Con29R (Required) Form in full.,We are the only organization that holds the latest and most authoritative information to complete the Con29R (Required) Form in full.
M-7,817,The Sheffield Biological Records Centre (SBRC) is held and managed by ourselves and is currently based at Meersbrook Park Offices in Sheffield.,The Sheffield Biological Records Centre (SBRC) is held and managed by ourselves. It is currently based at Meersbrook Park Offices in Sheffield,The Sheffield Biological Records Centre (SBRC) is managed by us and is currently located at Meersbrook Park Offices in Sheffield.
M-7,818,"In addition we also send out a monthly ‘ Developments in Adult Social Care Bulletin ’ containing brief details of news, research reports, journal articles and government policy relating to adult social care.","In addition we also send out a monthly ‘Developments in Adult Social Care Bulletin’. It has brief details of news, research reports, journal articles and government policy relating to adult social care.","We also send out a monthly 'Developments in Adult Social Care Bulletin.' It includes brief details about news, research reports, journal articles, and government policies related to adult social care."
M-7,819,"We need to change the culture of how we use our roads, so that people are not afraid to cycle or allow their children to do so.","We must change the way we use our roads, so people aren't afraid of cycling, or letting their kids cycle.","We need to change our road usage culture. This will make people feel safe cycling, and also allow their children to cycle."
M-7,820,"The priorities for the programme are protecting the building fabric, reducing the cost and number of responsive repairs required and improving the energy efficiency of homes.","Protecting the building, having low costs, low repairs, and low energy is the goal for the programme.","The programme's priorities include protecting the building fabric, reducing the cost and frequency of responsive repairs, and enhancing the energy efficiency of homes."
M-7,821,"A fully qualified arboriculturalist with over 14 years ’ experience working in arboriculture, he is responsible for providing professional and independent arboricultural surveys and advice for a number of sectors, including Local Authorities and Estate Managers, Architects and Developers, Homebuyers and Safety surveys for Homeowners and Landowners.","A fully qualified arboriculturalist (tree surgeon or cutter) with over 14 years’ experience is responsible for providing professional and independent tree surveys, Safety surveys for Homeowners and Landowners and advice for a number of sectors. The sectors are Local Authorities and Estate Managers, Architects and Developers, Homebuyers.","He is a fully qualified arboriculturalist with over 14 years of experience. He provides professional and independent surveys and advice for Local Authorities, Estate Managers, Architects, Developers, Homebuyers, and Safety surveys for Homeowners and Landowners."
M-7,822,"The Panel is made up of a group of experts from a range of built environment professions including sustainability, urban design, architecture and landscape architecture.","The Panel is made up of experts from a range of professions including sustainability, urban design and architecture including landscape architecture.","The Panel consists of experts from various built environment fields such as sustainability, urban design, architecture, and landscape architecture."
M-7,823,"Volunteers should provide an hour ’ s support per week, with a minimum commitment of 6 weeks, with the option to continue.","Volunteers should provide one hour support per week for at least 6 weeks, with the option to continue.",Volunteers should offer one hour of support each week. They need to commit for at least six weeks. They can continue after that.
M-7,824,"Dust can be fine particles of dry matter generated from all manner of everyday activities including industry, agriculture, construction sites, transport or mineral workings.","Dust can be small particles of dry material which can be collected from many types of daily activities such as industry, farming, construction sites, transport or mineral incidents.","Dust consists of small dry particles created from various activities such as industry, agriculture, construction, transport, or mining."
M-7,825,"If you have protected the deposit but have not fully complied with the prescribed information requirements, to be able to use the Section 21 route you must serve the correct prescribed information on the tenant and then serve a Section 21 Notice.","If you have protected the deposit but have not fully followed the pre-defined information requirements,  you must give the correct information to the tenant and then give a Section 21 Notice to be able to use this option.","If you have protected the deposit but not fully followed the required information rules, you must send the correct prescribed information to the tenant first. Then, you can send a Section 21 Notice."
M-7,826,"However some printed annual reports, company magazines and trade catalogues and some photographs are available at the Local Studies Library, Central Library, Surrey Street, Sheffield.","However the Local Studies Library (within the Central Library on Surrey Street, Sheffield) has some annual reports, photographs, and company and trade magazines.","Some printed annual reports, company magazines, and trade catalogues are available at the Local Studies Library. Central Library on Surrey Street, Sheffield, also has some photographs available."
M-7,827,There are a number of sources within Sheffield Libraries and Archives for studying Sheffield ’ s involvement in the Transvaal War of 1880-1881 and the South African War of 1899-1902 (collectively known as the Boer Wars).,Studying Sheffield’s role in the Transvaal War of 1880-1881 and the South African War of 1899-1902 (generally known as the Boer Wars) can be done through a number of sources within Sheffield Libraries and Archives.,You can study Sheffield's involvement in the Transvaal War of 1880-1881 and the South African War of 1899-1902 at Sheffield Libraries and Archives. These wars are collectively known as the Boer Wars.
M-7,828,"As one of the most accessible locations in the city, Manor Top is on the Supertram network with a dedicated tram stop, has 16 bus services and is easily accessible from the motorway network.","Manor Top has its own tram stop and 16 bus services, and is easily reached from the motorway network.",Manor Top is one of the most accessible locations in the city. It has a dedicated tram stop on the Supertram network and is served by 16 bus services. It is also easily accessible from the motorway network.
M-7,829,"If you receive a summons, you must pay the amount shown on the summons (including the court costs) if you are able to do so.","If you receive a summons, if you are able to do so you must pay the amount shown on the summons (including the court costs)","If you receive a summons, you must pay the amount shown, including court costs, if you can afford to do so."
M-7,830,There also has to be an ability to pay back the borrowing and refurbishing the library would not produce an income that would divert funds from other Council services at a time of government cuts.,There also has to be an ability to pay back the borrowing. Improving the library would not produce an income that would move away funds from other Council services at a time of government cuts.,"There must also be a way to repay the borrowed items. Refurbishing the library will not generate income, and at a time when government funding is being reduced, we cannot divert money from other Council services."
M-7,831,"If we receive a complaint, we ’ ll visit the operator to ensure that they ’ re using equipment that is approved, burning a suitable fuel and that it is being used effectively.",If we receive a complaint we will visit the operator to ensure they are effectively using approved equipment with suitable fuel.,"If we receive a complaint, we will visit the operator. We will check if they are using approved equipment, burning suitable fuel, and using it effectively."
M-7,832,"If you are convicted of a relevant offence after your licence has been granted, either you must notify the court that you are a personal licence holder and either produce your licence to the court or provide an explanation as to why you are unable to do so.","If you are convicted of a relevant offence after your licence has been granted, you must inform the court that you are a personal licence holder. You also need to bring your licence to the court or explain why you are unable to do so.","If you are convicted of a relevant offence after your licence is granted, you must notify the court that you are a personal licence holder. You then need to either show your licence to the court or explain why you cannot produce it."
M-7,833,We may cancel your priority if you have not bid for or refused offers of suitable properties which meet your housing needs.,We may cancel your priority. This may happen if you have not bid for or refused offers of properties suitable to your needs.,We may cancel your priority if you do not bid for or refuse offers of suitable properties that meet your housing needs.
M-7,834,It should be noted that the development will be required to connect into off-site surface water drainage in the nearby green space of Woodthorpe Ravine.,It should be said that the development will be required to connect into off-site surface water drainage in the nearby green space of Woodthorpe Ravine.,The development needs to connect to off-site surface water drainage in the nearby Woodthorpe Ravine green space.
M-7,835,"We work with Partners to reduce alcohol related harm, including levels of alcohol related crime and antisocial behaviour and to implement the Sheffield Alcohol Strategy which prioritises early intervention, screening, reducing alcohol related harm and disorder, and ensuring there is a suitable treatment pathway available for those in need of support.",We work with our partners to reduce the harm caused by people drinking. This includes crime and other bad behaviour caused by people drinking.  We also carry out the Sheffield Alcohol Strategy.  The most important task in the Strategy is to help people who have a drinking problem.  We want to to check if people have a drinking problem and then give them the right help as soon as possible. We want to reduce the number of people affected by a drinking problem.,"We work with Partners to reduce alcohol-related harm, such as crime and antisocial behavior. We also implement the Sheffield Alcohol Strategy, which focuses on early intervention, screening, and reducing alcohol-related harm and disorder. Additionally, we ensure there is a treatment pathway available for those who need support."
M-7,836,"This includes all commercial selling of pet animals, including pet shops and businesses selling animals over the internet.",This includes all commercial selling of pet animals. It includes pet shops. It includes businesses selling animals over the internet. *,This includes the commercial sale of pet animals from pet shops and businesses selling animals online.
M-7,837,We need to make sure streets and buildings are named and numbered appropriately so properties can be found quickly and efficiently by emergency and postal services etc.,We need to make sure streets and buildings are correctly named and numbered. This will help emergency services and Royal Mail to find buildings quickly and easily.,We need to ensure that streets and buildings are named and numbered correctly. This will allow emergency and postal services to find properties quickly and efficiently.
M-7,838,"The directories are a very useful source for the family historian, the alphabetical listing sorts names in an easy to read format.",Directories are useful sources for the family historian with the alphabetical listing makes it easier to find names,The directories are very useful for family historians. Names are listed alphabetically in an easy-to-read format.
M-7,839,The school is independent from ourselves and the Governing Body is responsible for setting and applying their own admission criteria.,"The school is separate from us, and the Governing Body handles their own admission criteria.",The school operates independently. The Governing Body sets and applies its own admission criteria.
M-7,840,The plans will be sent to our legal department who will prepare the transfer documents or lease and send them on to your solicitor; your purchase should then be completed within about 9 weeks.,The plans will be sent to our legal department who will prepare the transfer documents or lease and send them on to your solicitor.  Your purchase should then be completed within about 9 weeks *,The plans will be sent to our legal department. They will prepare the transfer documents or lease and then send them to your solicitor. Your purchase should then be completed within about 9 weeks.
M-7,841,"If your complaint is about an academy and you feel it has not been resolved satisfactorily by the academy ’ s governors or trustees, you can also make your complaint to the School Complaints Team, who will refer it to the Education Funding Agency.","If your complaint is about a school, and you feel it has not been resolved satisfactorily by the school’s governors or trustees, you can also make your complaint to the School Complaints Team. They will pass it on to the Education Funding Agency.","If your complaint is about an academy and you are not satisfied with how it was resolved by the academy's governors or trustees, you can also contact the School Complaints Team. They will then pass your complaint to the Education Funding Agency."
M-7,842,"Tempest Photography attend each ceremony when available and provide an opportunity for children to have a professional portrait photo taken, wearing one of our Sheffield CU graduation caps and gowns.","Tempest Photography provide the chance for children to have a professional portrait photo taken,  wearing one of our Sheffield CU graduation caps and gowns",Tempest Photography attends each ceremony when possible. They offer children a chance to take professional portrait photos while wearing one of our Sheffield CU graduation caps and gowns.
M-7,843,Instructional DVDs are free to borrow for 3 weeks and if you are visually impaired you may borrow CDs and DVDs free of charge.,"Instructional DVDs are free to borrow for 3 weeks. If you have vision problems, you can borrow CDs and DVDs for free.","Instructional DVDs can be borrowed for free for 3 weeks. If you are visually impaired, you can borrow CDs and DVDs for free."
M-7,844,"Our energy partner, The Energy Helpline, then runs an online energy auction with UK energy suppliers to bid for your custom by offering their cheapest and best tariff.","Our energy partner, The Energy Helpline, then runs an online energy auction with UK energy suppliers. This is done to bid for your custom. They offer their cheapest and best price.","Our energy partner, The Energy Helpline, runs an online energy auction where UK energy suppliers bid for your custom by offering their cheapest and best tariff."
M-7,845,We have not yet appointed contractors for many of the projects and so at this stage cannot give customers start dates for the work.,We have not yet hired workers for many of the projects so are unable at this stage to provide customers with start dates for the work.,"We have not yet appointed contractors for many of the projects, so we cannot give start dates to customers at this stage."
M-7,846,"To view the current position regarding public rights of way review work, including claimed paths, see our Definitive Map Review Work and Registers document.",To view the current position about public rights of way review work see our Definitive Map Review Work and Registers document. The document includes information about  claimed paths.,"To view the current status of public rights of way review work, including claimed paths, see our document titled ""Definitive Map Review Work and Registers."""
M-7,847,"A forced marriage is defined as ‘ a marriage conducted without the valid consent of one or both parties, where duress is a factor ’.","A forced marriage means ‘a marriage performed without the true consent of one or both parties, where force is a factor’.","A forced marriage is defined as a marriage where one or both parties do not give valid consent, and duress is involved."
M-7,848,The protocol information is given for the assistance of organisers of functions to be attended by the Lord Mayor and the Lord Mayor ’ s Consort.,The protocol information is given for the help of organisers of functions to be participated by the Lord Mayor and the Lord Mayor’s Consort.,The protocol information is provided to help organize events where the Lord Mayor and the Lord Mayor's Consort will attend.
M-7,849,"If you receive any correspondence (including letters, text messages and emails) from us about non-payment of your Council Tax, do not ignore it!","If we contact you about non-payment of your Council Tax, do not ignore it!  You may be contacted by letter, text message or email.","If you receive any letters, text messages, or emails from us about non-payment of your Council Tax, do not ignore them!"
M-7,850,"The sessions are designed to be learner led, and there is a strong emphasis placed on choice, therefore allowing Forest Schoolers to take ownership of their own learning, guided along the way by Level 3 qualified Leaders.","Because the sessions are designed to be learner led,forest Schoolers are allowed to take charge of their own learning, guided along the way by Level 3 qualified Leaders .","The sessions are designed to be led by the learners. There is a strong emphasis on choice, which lets Forest Schoolers take ownership of their learning. Level 3 qualified Leaders guide them along the way."
M-7,851,We anticipate this archive will help those who visit it to form their own views and develop their understanding of the tragedy.,We anticipate this archive will help people to form their own opinions and develop their understanding of the tragedy.,We expect this archive to help visitors form their own views and deepen their understanding of the tragedy.
M-7,852,"We are required to provide particular sets of data to the Minister for the Cabinet Office for data matching, which involves comparing computer records held by one body against other computer records held by the same or another body to see how far they match, which is usually personal information.",We need to provide particular sets of data to the Minister for the Cabinet Office for data matching. This data matching involves comparing computer records against each other to see how far they match/ This is usually personal information.,"We are required to provide specific sets of data to the Minister for the Cabinet Office for data matching. This process involves comparing computer records from one body to those from the same or another body to see how well they match. Usually, this personal information includes details like names, addresses, and dates of birth."
M-7,853,"As landowner we favour uses that are in alignment with planning policy, but no formal advice has been produced for the site.","As landowner we prefer land uses that comply with planning policy, but no formal advice has been produced for this site.",We prefer uses that match planning policy. No formal advice has been created for the site.
M-7,854,You may find it helpful at this stage to have a copy of the full statement of the centre or school Complaints Procedure as this explains in detail what procedures are followed.,You may find it helpful at this time to have a copy of the full statement of the centre or school Complaints Procedure. These documents explains in detail what actions are followed.,You may find it helpful to have a copy of the full Complaints Procedure from the center or school. This document details the steps followed in handling complaints.
M-7,855,"We are committed to recruiting a talented workforce that reflects the diversity of the community we serve as set out in our Equality, Diversity and Inclusion Policy, we're welcoming diversity.",We are committed to recruiting a talented worker that encourages the diversity of the community we serve.,"We are committed to hiring a diverse workforce that reflects the community we serve, as outlined in our Equality, Diversity and Inclusion Policy. We welcome diversity."
M-7,856,"If your child is in hospital, wherever possible they will be supported to continue with their education through our team of teachers.","If your child is in hospital, our team of teachers can help them. They will continue to educate the child if possible.","If your child is in the hospital, they will be helped to continue their education whenever possible, using our team of teachers."
M-7,857,"The Act puts in place an improved, more comprehensive structure of gambling regulation, and creates a new independent regulatory body, the Gambling Commission.","The Act puts in place an improved, more complete structure of gambling regulation, and creates a new independent regulatory body, the Gambling Commission.",The Act establishes a better and more complete system for gambling regulation. It also creates a new independent regulatory body called the Gambling Commission.
M-7,858,"For most tenancies, the new landlord has to give you a written notice that the property has been sold, and it must give his name and address.","Generally for tenancies, the new landlord must give you a written notice that the property has been sold, with their name and address.","For most tenancies, the new landlord needs to provide a written notice about the property being sold. This notice should include their name and address."
M-7,859,By the mid-1850s he was receiving commissions for decorative schemes such as the sixty foot frieze for the Sheffield Mechanics ’ Institute and for interiors of houses commissioned by some of Sheffield ’ s leading citizens.,By the mid-1850s he was being paid to decorate buildings.  He created the 60 feet frieze for the Sheffield Mechanics' Institute.  He was also paid to decorate houses owned by some of Sheffield's most important citizens.,"By the mid-1850s, he was getting paid to create decorative designs, like a 60-foot frieze for the Sheffield Mechanics' Institute, and for the inside decorations of homes for some important people in Sheffield."
M-7,860,"The Pet Advisory Committee suggest setting aside a designated area for your garden, using a command word before they go to the toilet and praising them when finished.",The Pet Advisory Committee suggests separating a special area in your garden. The use a command word to initiate toileting and congratulate them when they have finished.,The Pet Advisory Committee suggests setting aside a designated area in your garden. Use a command word before your pet goes to the toilet. Praise your pet when they finish.
M-7,861,"If you are made to leave unlawfully, you could also apply for damages and / or an injunction to get back in through the civil courts.","If you are made to leave unlawfully, you could also apply for compensation and/or an injunction to get back in. You can make this application through the civil courts.","If you are forced to leave unlawfully, you can apply for damages or an injunction to re-enter through civil courts."
M-7,862,"Carers are people who provide support or who look after a family member, partner or friend who needs help because of their age, physical or mental illness, or disability.","People may need help and support because of their age, physical or mental illness, or disability. Carers are people who give this support to a family member, partner or friend.","Carers are individuals who support a family member, partner, or friend who requires assistance due to age, illness, or disability."
M-7,863,"This states: the identity of the deceased; the medical cause of death; the time, place and circumstances at or in which the injury was sustained; and the conclusion as to the death.","This shows who the dead person is, why they died, when they died, where they died, the situation of the injury, and the overall reason for the death.","This states: the deceased's identity; the medical cause of death; when, where, and how the injury occurred; and the conclusion about the death."
M-7,864,"Nevertheless, it continues to be an active business area with the renaissance of the city development offering opportunities for substantial transformation and improvement.","In any case, it is still an active business area with the reappearance of the city development that offers opportunities for large transformation and improvement.","Nevertheless, it remains an active business area. The city's redevelopment offers opportunities for significant transformation and improvement."
M-7,865,Not every house that is occupied on 3 storeys by 5 or more people requires a licence so may not appear on our list of licensed houses.,"Not every house( occupied on 3 storeys by 5 or more people) requires a licence, so it may not appear on our list of licensed houses.",Not every house occupied by five or more people on three storeys needs a license and therefore might not appear on our list of licensed houses.
M-7,866,"They can also take part in the Sheffield Children ’ s Book Awards, including receiving free packs of the shortlisted books and attending the ceremony.",They can also take part in the Sheffield Children’s Book Awards. This includes receiving free packs of the shortlisted books and going to the ceremony.,They can participate in the Sheffield Children's Book Awards. They can receive free packs of the shortlisted books and attend the ceremony.
M-7,867,As a final step you can take your complaint to the Local Government Ombudsman (LGO) The LGO is an independent body who investigates complaints about councils.,As a final step you can take your complaint to the Local Government Ombudsman (LGO). The LGO is an independent institution which investigates complaints about councils.,"As a final step, you can take your complaint to the Local Government Ombudsman (LGO). The LGO is an independent body that investigates complaints about councils."
M-7,868,Any objections for September 2017 must be made before 15 May 2016 - you will need to contact the office of the schools adjudicator.,Objections for September 2017 must be made before the deadline on the 15th of May 2016. You will need to contact the school's judge's office.,Any objections for September 2017 must be made before 15 May 2016. Contact the school's adjudicator's office to do this.
M-7,869,We work closely with our partners and other private and public sector organisations in Sheffield to ensure that we deliver effectively the needs of our customers.,We work together with partners in both the private and public sector in Sheffield to make sure that we can meet the demands of our customers,We work closely with partners and organizations in Sheffield to effectively meet our customers' needs.
M-7,870,"There may be legal reasons why we cannot disclose CCTV footage to you, for example where third parties may be identified from the footage.",There may be legal reasons why we cannot give up CCTV footage to you. One example would be where others may be identified from the footage.,"There may be legal reasons we cannot show you the CCTV footage, such as if third parties could be identified in it."
M-7,871,"If the tenancy was entered into after 28th February 1997, and either: the landlord serves a notice on the tenant, saying the tenancy is not an Assured Shorthold Tenancy; or the tenancy agreement says that the tenancy is not an Assured Shorthold.","If the tenancy was occupied after 28th February 1997, and either: the landlord gives notice to the tenant. He should say that the tenancy is not an Assured Shorthold Tenancy; or the tenancy agreement says that the tenancy is not an Assured Shorthold.","If the tenancy was started after February 28th, 1997, and either the landlord tells the tenant that the tenancy is not an Assured Shorthold Tenancy, or the agreement states that it is not an Assured Shorthold Tenancy, then these conditions apply."
M-7,872,"Where there are no local councils, CIL Regulation 59F requires us to use 15% of CIL to “support the development of the relevant area ”.","Where there are no local councils, CIL Regulation 59F requires us to use 15% of CIL to “support the growth of the relevant area”","When there are no local councils, CIL Regulation 59F requires us to use 15% of the CIL to support the development of the relevant area."
M-7,873,"The conservation area is primarily along the junctions of three roads which pass through the village, Church Street / Town End Road; an ancient cross Pennine route linking Ecclesfield to the neighbouring parish of Bradfield, and Stocks Hill / Yew Lane and St Mary's Lane / High Street.",There is a protected area. This area is along the junctions of three roads. These  junctions pass through the village. One junction is between Church Street and Town End Road. This is an old route across the Pennines. It links Ecclesfield to Bradfield. Bradfield is the next parish. Another junction is between Stocks Hill and Yew Lane. The third junction is between St Mary's Lane and the High Street.,"The conservation area is mainly located at the junctions of three roads that pass through the village: Church Street and Town End Road; an ancient cross Pennine route connecting Ecclesfield to the neighboring parish of Bradfield; and Stocks Hill and Yew Lane, as well as St Mary's Lane and High Street."
M-7,874,The scheme will involve improved defences at over 50 works locations along an 8km stretch of the River Don between the Wicker and the Blackburn Brook at the M1.,The programme will involve better defences at over 50 maintenance locations between the Wicker and the Blackburn Brook at the M1.,The scheme will improve defenses at over 50 work locations along an 8 km stretch of the River Don between the Wicker and Blackburn Brook near the M1.
M-7,875,You can appeal parking and bus lane fines within 28 days (it takes 24 hours before the issued tickets and their details are displayed in the system).,It takes 24 hours before the issued tickets and their details are displayed in the system. You can complain about parking and bus lane fines within 28 days.,You can appeal parking and bus lane fines within 28 days. It takes 24 hours for the tickets and their details to appear in the system.
M-7,876,They have been used in establishing what heights; scale and massing may be acceptable before detailed designs are developed as part of a planning application.,"As part of a planning application we will develop detailed designs, based on what heights, scale and assembling are acceptable.","They have been used to determine acceptable heights, scale, and massing before developing detailed designs as part of a planning application."
M-7,877,"If you live in a flat, maisonette or tower block, many large blocks of flats and maisonettes have a dry store facility in which you can place your unwanted bulky items.",You may use the dry store facility located on flats and maisonettes for unwanted large items.,"If you live in a flat, maisonette, or tower block, many large apartment buildings have a dry store facility where you can keep your unwanted bulky items."
M-7,878,"If sites have a significant local ecological impact, the applicant will be required to submit a Biodiversity survey and report.","Some sites have a significant local environmental impact. In this case, the applicant will have to submit a Biodiversity survey and report.","If a site has a significant local ecological impact, the applicant will need to submit a Biodiversity survey and report."
M-7,879,"We appropriately, fairly and lawfully collect, store and process personal information so that we can provide you with services you need.","We  collect, store and process personal information so that we can give you the services you need.","We collect, store, and process your personal information appropriately, fairly, and legally to provide you with the services you need."
M-7,880,"The installation should take no longer than half a day, although the contractor may need to return for commissioning purposes.",The installation should only take half a day. The contractor may need to return for commissioning purposes.,"The installation should take no longer than half a day. However, the contractor may need to return later for commissioning purposes."
M-7,881,"All of the aspects of our monitoring relate to the CQC ’ s 5 key questions: safe, effective, caring, responsive and well-led.","Our monitoring aims to be safe, effective, caring, responsive and well-led. These are the CQC’s 5 key questions.","All of our monitoring aspects relate to the CQC's 5 key questions: safe, effective, caring, responsive, and well-led."
M-7,882,You must submit a detailed application about the problems you are experiencing at the premises and copies of the application must be served on the premises licence holder and all the responsible authorities.,You must submit a detailed application about the problems you are having at the premises. Copies of the application must be given on the premises licence holder. Copies of the application must be given on all the responsible authorities.,You must provide a detailed application about the problems you are experiencing at the premises. You also need to give copies of the application to the premises licence holder and all responsible authorities.
M-7,883,You can also access our training if you are an Individual Employer (IE) employing a Personal Assistant (PA) to help you meet your care and support needs.,You can also access our training if you are an Individual Employer (IE) employing a Personal Assistant (PA) to help you archive your care and support needs.,You can also access our training if you are an Individual Employer using a Personal Assistant.
M-7,884,"Stocksbridge Town Council covers 3 areas, namely Stocksbridge, Deepcar and Bolsterstone and is part of the Stocksbridge and Upper Don Ward.","Stocksbridge Town Council covers 3 areas, which are Stocksbridge, Deepcar and Bolsterstone. Stocksbridge Town Council is part of the Stocksbridge and Upper Don Ward.","Stocksbridge Town Council covers three areas: Stocksbridge, Deepcar, and Bolsterstone. It is part of the Stocksbridge and Upper Don Ward."
M-7,885,"It will be nationally and internationally recognised as a mixed, modern and dynamic commercial area, benefiting from well-designed and well-integrated infrastructure which inspires indigenous business growth and attracts inward investment.","It will be nationally and internationally recognised as a mixed, modern and dynamic commercial area. It will benefit from well designed and integrated infrastructure. This inspires local business growth and attracts inward investment.","It will be recognized both nationally and internationally as a mixed, modern, and dynamic commercial area. The area will have well-designed and well-integrated infrastructure. This infrastructure will encourage the growth of local businesses and attract investments from outside."
M-7,886,"Temporary diversions and closures cost the applicant between £900 and £2,000 and permanent diversions are likely to cost the applicant around £4,900 plus VAT.","Temporary diversions and closures cost the person who has applied between £900 and £2,000. Permanent diversions are likely to cost the person who has applied around £4,900 plus value added tax.","Temporary diversions and closures cost around £900 to £2,000. Permanent diversions are likely to cost about £4,900 plus VAT."
M-7,887,Planning applications should also be accompanied by a signed declaration that the equipment and installation has been designed to be in full compliance with the requirements of the radio frequency (RF) public exposure guidelines of the International Commission on Non-Ionizing Radiation Protection (ICNIRP).,Planning requests need an accompanying signed declaration that equipment and setting up is in full agreement of the radio frequency (RF) public exposure guidelines.,"When submitting planning applications, you should also include a signed declaration stating that the equipment and installation meet all the requirements of the radio frequency (RF) public exposure guidelines set by the International Commission on Non-Ionizing Radiation Protection (ICNIRP)."
M-7,888,We produce a quarterly ‘ Sheffield Adult Social Care Provider Bulletin ’ highlighting the latest Sheffield commissioning plans as well as health and social care issues affecting local providers.,We produce a quarterly ‘Sheffield Adult Social Care Provider Bulletin’ highlighting the latest issues affecting local providers.,We create a quarterly 'Sheffield Adult Social Care Provider Bulletin'. It highlights the latest Sheffield commissioning plans and issues related to health and social care for local providers.
M-7,889,The document below lists the main sources at Sheffield Archives & Local Studies which can be used to investigate the history of HMS Sheffield.,The document below lists the main sources at Sheffield Archives & Local Studies and these can be used to look into the history of HMS Sheffie.,The document below lists the main sources at Sheffield Archives & Local Studies for investigating the history of HMS Sheffield.
M-7,890,Letterbox Service which is a confidential service to facilitate the exchange of letters between adopters and birth families.,Letterbox Service (a private service allowing exchange of letters between adopters and birth families),Letterbox Service is a confidential way to help adopters and birth families exchange letters.
M-7,891,"The conditions attached to a site licence will normally relate to the internal arrangement of the site and its facilities, but a licence may not be granted unless the site also has the benefit of planning permission.","The conditions attached to a site licence will normally be linked to the internal arrangement of the site and its facilities, However, a licence may not be given if the site also had no benefit of planning permission.","The conditions for a site licence usually involve how the site is arranged and its facilities. However, a licence will not be granted unless the site also has planning permission."
M-7,892,You can expect to have regular meetings which are a chance for you to talk through any problems and share information about children in your care.,You will have regular meetings to talk about children in your care.,"You can expect to have regular meetings. In these meetings, you will have the chance to discuss any problems and share information about the children in your care."
M-7,893,"Through the partnering arrangement, we provide the checking service for approval of applications for work being carried out anywhere in England and our LABC partner local authority will work with you to provide site inspections through to completion of your project.","Through the partnering arrangement, we provide a checking service for the approval of applications for work being carried out anywhere in England. Our LABC partner local authority will also work with you to provide site inspections from the beginning through to the completion of your project.","Through the partnering arrangement, we offer a checking service for approving work applications across England. Our LABC partner local authority will assist you with site inspections until your project is completed."
M-7,894,"Penistone Road is an important corridor in Sheffield, in terms of its significant investment, transport and leisure roles as well as serving the communities around it.","Penistone Road's significant investment, transport and leisure roles make it an important street in Sheffield, serving the communities around it.","Penistone Road is important in Sheffield for investments, transportation, and leisure. It also serves the nearby communities."
M-7,895,"The Peace Gardens are an award winning public space situated along Pinstone Street, near the Winter Garden and within walking distance of the Millennium Galleries.","The award-winning Peace gardens are located the Winter Garden and within walking distance of the Milleniumn Galleries, and are a public space.",The Peace Gardens are a public space located along Pinstone Street. They are near the Winter Garden and close to the Millennium Galleries. They have won an award.
M-7,896,"That suitable food, drink and bedding materials will be provided and that the animals are exercised and visited regularly.","Food, drink, and bedding materials will be provided to the animals and they are exercised and visited regularly.","Suitable food, drink, and bedding will be provided, and the animals will be exercised and visited regularly."
M-7,897,"It has been designated as a 'best practice guide' in Sheffield, for use in the development and evaluation of residential development proposals using the Building for Life model.","It is a 'best practice guide' in Sheffield, for use in the development and evaluation of residential development proposals using the 'Building for Life' model.",It has been chosen as a 'best practice guide' in Sheffield. This guide is used to help develop and assess residential projects that follow the Building for Life model.
M-7,898,We believe that the additional capacity provided by Local Leaders of Governance (LLGs) in their work with Sheffield governing boards will further accelerate school improvement in the city.,We think the further help given by Local Leaders of Governance (LLSs) in their work with Sheffield governing boards will increase school improvement in the city.,We think that the extra help from Local Leaders of Governance will speed up school improvements in Sheffield.
M-7,899,"Of course, this does not mean that in every case they will come round to your point of view but it will help both you and the centre or school to understand both sides of the question.","Of course, this does not mean that in every case they will agree with your point of view; but it will help both you and the centre or school to understand both sides of the question.","Of course, they may not always agree with your point of view. However, it will help both you and the center or school to understand both sides of the question."
M-7,900,The report is based around the following 4 visions that are considered by the Green Commission to be deliverable for the people of Sheffield in the medium term.,We based this report around these 4 ideas. The Green Commission think that we can complete these plans for the people of Sheffield quite soon.,The report focuses on four visions that the Green Commission believes can be achieved for Sheffield's people in the medium term.
M-7,901,Improving Access to Psychological Therapies Service (IAPT) provides access to psychological therapies for people suffering from mild to moderate depression and anxiety.,"The ""Improving Access to Psychological Therapies Service"" (IAPT) gives access to treatments for people suffering from depression and anxiety.",IAPT provides access to psychological therapies for people with mild to moderate depression and anxiety.
M-7,902,Abandonment notices are notices landlords sometimes put on the door of a property they believe to have been abandoned by the tenant.,Abandonment notices are notices landlords sometimes put on the door of a property they believe have been abandoned by the tenant.,Landlords sometimes put abandonment notices on properties they think tenants have left.
M-7,903,Further information on the role of the Forum can be found in the Education Funding Agency ’ s Schools forum: a guide for schools and academies.,You can find out more about what the Forum does in the Education Funding Agency's Schools forum: a guide for schools and academies,Further information about the Forum's role can be found in the Education Funding Agency's Schools forum guide for schools and academies.
M-7,904,This allows us and utility companies to coordinate highway works with the aim of minimising disruption and ensuring public safety.,"This allows us and utility companies to carry out highway works with the minimum possible disruption, as well as ensuring public safety.",This helps us and utility companies plan highway works together. The goal is to reduce disruptions and guarantee public safety.
M-7,905,After a period of public consultation a conservation area appraisal and management proposals document was adopted on the 3rd March 2008.,A conservation area appraisal and management proposals document was put in place on the 3rd March 2008 after a period of asking the public.,"After public consultation, a document for managing the conservation area was adopted on March 3, 2008."
M-7,906,"We ’ ll help you to organise your support, and we ’ ll review your Care and Support Plan regularly to make sure your support is helping you to remain independent, safe and well.","We will help you to sort out your support, and we will review your Care and Support Plan regularly to make sure that this is helping you to remain independent, safe and well.","We will organize your support and review your Care and Support Plan regularly to ensure it helps you stay independent, safe, and well."
M-7,907,"Using an inventory, which you go through and check with the tenant, should also encourage a tenant to look after the things which are provided as part of the tenancy.","You chould provide a list of items included with the tenancy, and check it with the tennant.  The tenant should be encouraged to take care of these items.","Using an inventory, where you check with the tenant, can help encourage them to take care of the items provided during their tenancy."
M-7,908,Under the South Yorkshire Act an application is required to erect a retaining wall that retains earth or material not less than 1.5m and not forming part of a permanent building.,"Under the South Yorkshire Act, you must make an application to build a retaining wall of 1.5m or above in height that is not part of a permanent building. This applies whether the wall is made of earth or other materials.","Under the South Yorkshire Act, an application is needed to build a retaining wall that holds back at least 1.5 meters of earth or materials, which are not part of a permanent building."
M-7,909,We have a duty in Law to ensure that parents / carers are making sure that their child is receiving a suitable education.,We have legal obligation to ensure that parents/carers are making sure their child is being given a good education.,We must ensure that parents or carers provide a suitable education for their child according to the law.
M-7,910,Although the original Borough covered a large area it included considerable areas that were unsuitable for development and already the population was expanding into the surrounding districts.,"Although the original Borough covered a large area, it included major places that were unsuitable for development and already the population was expanding into nearby areas.","Although the original Borough was large, it included many unsuitable areas. The population was also growing into nearby districts."
M-7,911,"You should be able to show what the issues are, that you have highlighted concerns to parents / carers and what has been tried.","You need to show what the problems are, that you have raised concerns to parents/carers and what has been tried.","You should be able to demonstrate the issues, inform the parents or carers about your concerns, and show what actions have been taken."
M-7,912,"The Sites and Monuments Record (SMR) holds information on all the known archaeological sites in Barnsley, Doncaster, Rotherham and Sheffield.","The Sites and Monuments Record (SMR) holds information on known archaeological areas in Barnsley, Doncaster, Rotherham and Sheffield.","The SMR records information about all known archaeological sites in Barnsley, Doncaster, Rotherham, and Sheffield."
M-7,913,"In all cases where archaeological remains are possible, it is likely we will recommend that at least a desk-based assessment is prepared by a professional archaeological contractor (we are archaeological advisors and do not undertake commercial archaeological work).","Where archaeological remains are possible, we might recommend a desk-based assessment. This will be done by a professional archaeological contractor because we are advisors and do not do commercial work ourselves.","If there is any possibility of archaeological remains, we will likely recommend that a professional archaeological contractor prepare a desk-based assessment. As archaeological advisors, we do not perform commercial archaeological work."
M-7,914,Talk to the licensee or certificate holder to determine whether there are any steps they may be willing to take to rectify the situation.,Please talk to the licensee or certificate holder to determine whether there are any steps needed to amend the situation,Talk to the licensee or certificate holder. They may be willing to take steps to fix the situation.
M-7,915,"All elements of the transaction from the initial ordering to the invoicing and payment can be carried out electronically via email, fax and web in order to streamline processes and reduce costs.","All parts of the transaction can be done electronically via email, fax and web to speed up processes and reduce costs. All parts of the transaction involve from the initial ordering to the invoicing and payment.","All aspects of the transaction, from ordering to invoicing and payment, can be done electronically via email, fax, and the web. This helps to streamline processes and reduce costs."
M-7,916,This is more likely if you have been in a longer-term relationship and there are children of that relationship that will be living with you.,This is more likely if you have been in a longer-term relationship and have children from that relationship who will be living with you.,This is more likely if you have been in a long-term relationship and have children from that relationship living with you.
M-7,917,"As well as Planning for emergencies we also have to ensure that the Council can continue to deliver its key services during an incident, no matter how large or small.","As well as Planning for emergencies we also have to ensure that the Council can continue to perform its key services during an incident, no matter how major or minor.","We need to plan for emergencies and ensure that the Council can keep providing its key services, regardless of the incident's size."
M-7,918,"The Community Infrastructure Levy (CIL) is a planning charge, introduced by the Planning Act 2008 as a tool for local authorities in England and Wales to help deliver infrastructure to support the development of their area.","The Community Infrastructure Levy (CIL) is a planning charge, from the Planning Act 2008. Local authorities in England and Wales use it to help deliver buildings and services in their area.",The Community Infrastructure Levy (CIL) is a planning charge introduced in 2008 by the Planning Act. It helps local authorities in England and Wales fund the infrastructure needed to support the development of their areas.
M-7,919,"For example we can recommend a more suitable payment method, change the date of your payment or give you advice on claiming benefits or allowances that you may be entitled to.","For example, we can recommend a different payment method or change the date of your payment.  We can also advise you on claiming benefits or allowances for which you may qualify.","We can recommend a better payment method, change your payment date, or advise you on claiming benefits or allowances you might be entitled to."
M-7,920,"The HR Learning and Development Service has a wide range of training available to those who work in social care organisations from the independent, private and voluntary sector.","The HR Learning and Development Service has a wide range of training available. Training is available to those who work in social care. It is also available to those from the independent, private and voluntary areas. *","The HR Learning and Development Service offers various training programs for people who work in social care organizations, including those from independent, private, and voluntary sectors."
M-7,921,"The Act 2013 also specifies that a licence will be issued by the local authority in whose area a scrap metal site is situated, or (in respect of a mobile collector) in the area that the collector operates.",The law says that a council should license any local scrap metal sites and areas where a mobile scrap metal collector works.,"The Act 2013 states that a licence will be issued by the local authority in the area where the scrap metal site is located. For a mobile collector, the licence will be issued by the local authority in the area where the collector operates."
M-7,922,"Landlords can amend the model agreement to suit the particular tenancy, but any additional clauses should be lawful and fair.","Landlords can change the example agreement to suit the tenacy, providing additions are lawful and fair.","Landlords can change the model agreement to fit their specific tenancy needs. However, any extra clauses they add should be legal and fair."
M-7,923,"Our short history of Sheffield covers: the castle and the manor, the industrial revolution, the rise of the steel city, the First and Second World Wars and Sheffield ’ s recent history.","Our short history of Sheffield covers; the castle and the manor, the industrial revolution, the rise of the steel city, the First and Second World Wars and recent history.","Our brief history of Sheffield includes the castle and manor, the industrial revolution, the rise of the steel city, the First and Second World Wars, and recent history."
M-7,924,"When returning a seized vehicle, which had been retained during an investigation or prosecution, the owner will be notified and will be given 10 working days to collect the vehicle, before it is sold or destroyed.","When returning a vehicle which has been confiscated and kept during an investigation or prosecution, the owner will be told and given 10 working days to collect it. If it is not collected within 10 days it will be sold or destroyed.","When returning a seized vehicle, the owner will be notified. They will have 10 working days to collect the vehicle. If not collected within this time, the vehicle may be sold or destroyed."
M-7,925,"Part IIA of the Environmental protection Act 1990 deals with land, which in its current use, has the potential to cause significant harm.",Part 11A of the Environmental Protection Act 1990 deals with potentially harmful uses of land.,Part IIA of the Environmental Protection Act 1990 covers land that could cause significant harm due to its current use.
M-7,926,"Sheffield City Council offer a range of support for those with disabilities including travel and transport permits, grants and relief.","Sheffield City Council offer a range of support for those with disabilities including travel and transport permits, grants and support. *","Sheffield City Council offers support for people with disabilities, which includes travel and transport permits, grants, and relief."
M-7,927,If you look at the image below on the left permit holders are not allowed to park between 9am and 5pm Monday to Saturday as pay and display restrictions apply during those hours.,"If you look at the image below on the left, permit holders are not allowed to park between 9am and 5pm Monday to Saturday because pay and display restrictions apply at these times","On the left, you can see an image. Between 9am and 5pm on Monday to Saturday, permit holders are not allowed to park there because pay and display restrictions apply during these hours."
M-7,928,"If you are unable to make payment immediately, call our staff to discuss any financial problems that you may have and in many cases we are able to agree alternative payment arrangements.","If you cannot pay immediately, call our staff to discuss any financial problems that you may have. In many cases, we can allow for different ways of payment.","If you cannot make the payment right away, call our staff to talk about any financial problems you're facing. In many cases, we can agree on alternative payment arrangements."
M-7,929,"The West Bar Interim Planning Guidance (West Bar IPG) was adopted at City Centre, South and East Planning Board (30 May 2006) and Cabinet (12 July 2006) as a material consideration in determining planning applications for this City Centre site.","The West Bar Interim Planning Guidance (West Bar IPG) was adopted at City Centre, South and East Planning Board (30 May 2006) and Cabinet (12 July 2006) as a material consideration in the proccessing of planning applications for this City Centre site.","The West Bar IPG was adopted on May 30, 2006, at the City Centre, South, and East Planning Board. It was also approved on July 12, 2006, by Cabinet. This guidance is considered when deciding planning applications for the City Centre site."
M-7,930,Providing care is an integral part of life and many people have told us through consultation they want to care but it is not always easy.,"Through consultaion with carers, we know that care is often integrated with everyday life, but is not always easy to do this.","Providing care is important in life. Many people have said they want to care for others, but it isn't always easy."
M-7,931,If you are reporting a change in earnings and are paid weekly you must send us your most recent 5 wage slips; if you are paid fortnightly you must send us your most recent 3 wage slips; if you are paid monthly you must send us your most recent 2 wage slips.,If your earnings change and you are paid once a week you must send us your most recent 5 pay checks; if you are paid every 2 weeks you must send us your recent 3 pay checks; if you are paid once a month you must send us your most recent 2 pay checks.,"If you are paid weekly, send us your most recent 5 wage slips. If you are paid fortnightly, send us your most recent 3 wage slips. If you are paid monthly, send us your most recent 2 wage slips."
M-7,932,"Within each quarter of each year, you will find: Name in strict alphabetical order: surname, first name and initial (s) of middle name (s) Registration district GRO volume and page.","Per quarter of a year, you'll find: Name in alphabetical order: Surname, first name and initial(s) of middle name(s) Registration district GRO volume and page.","Within each quarter of the year, you will find: names listed strictly in alphabetical order (surname, first name, and initials of the middle name if any), registration district, General Register Office (GRO) volume, and page number."
M-7,933,An electricity sub- station occupies a small area of the site to the south and the land will be sold subject to the lease of this property.,There is an electrical sub-station at the site to the south. The land will be sold according to the agreement of this property.,An electricity sub-station covers a small part of the southern area of the site. The land will be sold while leasing this property.
M-7,934,"To the rear, the boundaries extend behind the adjacent homes at which point the grass gives way to self-set shrubs and trees.","The rear boundaries extend behind neighbouring homes, where grass gives way to shrubs and trees.","Behind the house, the boundary goes past the neighboring homes. There, the grass turns into shrubs and trees that grow on their own."
M-7,935,"During your fostering career we, together with Health Services and other organisations, will provide training courses to help support you in your role.","When you are fostering, we, and Health Services and other organisations, will train you to help support you as a fosterer.","During your fostering career, we will provide training courses, along with Health Services and other organizations, to support you in your role."
M-7,936,"To ensure that our volunteering programmes continue effectively, we would like to clarify that whilst we will be asking schools to supply UPN numbers to track progress of the same children, and capture progression from other reading interventions.","To ensure all volunteering programmes continue effectively, we are asking schools to supply UPN numbers to track and capture each child's progression from other reading interventions.","To ensure our volunteering programs continue to work well, we need schools to provide UPN numbers to track the progress of the same children. We will also collect data on their progression from other reading interventions."
M-7,937,"Mobile consent holders are not permitted to trade within a 500 metre radius of any static traders, other mobile traders, or shops, trading in similar goods / articles.","Mobile holders are not allowed to trade within a radius of 500 meters of any static traders other mobile traders, or shops, trading in similar goods/articles.","Mobile consent holders cannot trade within 500 meters of static traders, other mobile traders, or shops selling similar goods."
M-7,938,"Nevertheless, air pollution problems persisted into the 20th century, partly due to the fact that most smoke pollution came from less regulated domestic coal fires rather than industrial processes.","Nevertheless, air pollution problems continued into the 20th century. This was partly due to the fact that most smoke pollution came from less regulated domestic coal fires rather than industrial processes",Air pollution problems continued into the 20th century. This was partly because most smoke pollution came from unregulated domestic coal fires instead of industrial processes.
M-7,939,"Parking outside the shops will be able to accommodate 9 vehicles in marked bays, which is the maximum number of vehicles our surveys have shown parked at any one time.","The parking area outside the shops will have enough bays available to hold 9 vehicles, which is the maximum number our surveys have shown parked at any one time.",There will be parking outside the shops in marked bays for up to 9 vehicles. This number is based on our surveys showing the maximum number of vehicles parked at once.
M-7,940,"During this time, the responsible authorities will work with you to ensure your proposals are in line with the four licensing objectives.",Relevant people will work with you in this time. This is to ensure your ideas are in line with the four licensing objecives.,"During this time, the responsible authorities will help you to make sure your proposals match the four licensing objectives."
M-7,941,Our aim is for developers and commissioners to use this document and the interactive maps to help identify the neighbourhoods where older people's accommodation and support services are most needed.,This document and the interactive maps aim to help developers and administrators locate the neighbourhoods where older people's accommodation and support services are most needed.,Our goal is for developers and commissioners to use this document and the interactive maps to identify neighborhoods that need more housing and support services for older people.
M-7,942,"You can find a list of CAB's in Sheffield, other local support agencies and organisations who work nationally in our Debt Problems leaflet, available at the top of this page.","You can find a list of CAB's in Sheffield, other support agencies in Sheffield and organisations who work all over the country in our Debt Problems leaflet. Details are shown at the top of this page.","You can find a list of CAB's in Sheffield, other local support agencies, and national organizations working on debt problems in the Debt Problems leaflet at the top of this page."
M-7,943,"An Equality Impact Assessment (EIA) is a way of systematically assessing the effects that a policy, project or decision is likely to have on different people within the city.","An EIA (Equality Impact Assessment) is a way of testing the effects a policy, project or decision could have on different people within the city.","An Equality Impact Assessment (EIA) is a method to systematically evaluate how a policy, project, or decision might affect various groups of people in the city."
M-7,944,"Thank you to the Health Trainers, Community Support workers, Learn Direct and Job Centres across the city who are referring participants into the project.","Thank you to the Health Trainers, Community Support workers, Learn Direct and Job Centres across the city who are pointing people towards the project.","Thank you to the Health Trainers, Community Support workers, Learn Direct, and the Job Centres across the city for referring participants to the project."
M-7,945,"This is essentially a technical publication which provides a true and fair view of our financial position, and our income and expenditure for the year.","This technical publication gives a true and fair view of our financial position, what we earn and what we spend in the year.",This is a technical publication that gives an accurate view of our financial position and income and expenses for the year.
M-7,946,"For every additional complete year you have been a council tenant you will get a further 1% discount (up to a maximum of 70% discount or £77,900 - whichever is the lower).","For every extra year you have been a council tenant you will get an additional 1% discount (up to a maximum of 70% discount or £77,900 - whichever is lower).","For each extra full year you are a council tenant, you get an additional 1% discount. The maximum discount is 70% or £77,900, whichever is lower."
M-7,947,If you request a consultation we can recommend what needs to be done in order to preserve the item (s) and will provide you with a bespoke written report and a no-obligation price to carry out any necessary works.,"Please ask for a consultation if you would like a report saying what should be done to save the item(s), and giving a suggested price for the work.","If you request a consultation, we can suggest how to preserve the items. We will also give you a custom written report and a no-obligation price for any necessary work."
M-7,948,"You can choose not to see each other before your ceremony, and can ‘ make an entrance ’ to the Arundel, Norfolk or Hallam room escorted by a relative or friend.","You can choose not to see each other before your ceremony. You can also ‘make an entrance’ with a relative or friend to the Arundel, Norfolk or Hallam room.","You can choose not to see each other before the ceremony. You can then 'make an entrance' to the Arundel, Norfolk, or Hallam room, accompanied by a relative or friend."
M-7,949,"We ’ ll need to have meaningful pre-application discussions with you, with enough time allowed for preparation of essential information and assessment of outline proposals.","We’ll need to have useful discussion with you before the application process, so that we'll have enough time allowed for preparation of important information and review of outline proposals.",We will need to have important discussions with you before you apply. This will give you enough time to prepare necessary information and for us to assess your outline proposals.
M-7,950,Researchers should remember that baptisms may occur years after birth and that there may be gaps in the recorded information during the Commonwealth period (1648-1660) as some ministers were ejected from their parishes.,Researchers should remember that baptisms may occur years after birth and that there may be gaps in the recorded information during the Commonwealth period (1648-1660) as some ministers were removed from their parishes.,"Researchers should remember that baptisms can happen years after a birth. There may also be gaps in the recorded information during the Commonwealth period (1648-1660), as some ministers were ejected from their parishes."
M-7,951,This review has now been completed and the report produced confirms that evidence for Iron Age and Romano-British field systems continues into the proposed application area.,The final report confirms that evidence for Iron Age and Romano-British field systems continues into the proposed application area.,"The review is finished, and the report shows that there is evidence of Iron Age and Romano-British field systems in the proposed application area."
M-7,952,We have produced an open letter to tenants detailing their responsibilities that apply to shared houses of 3 or more persons.,"In the case of houses shared by 3 or more people, we have composed an open letter for tenants specifying their responsibilities.",We have written an open letter for tenants that outlines their responsibilities for shared houses with 3 or more people.
M-7,953,"This continued until 1974, when the NHS was reorganised with the aim of bringing together hospital and community health services.",This continued until 1974. Then the NHS was reorganised with the aim of merging hospital and community health services.,"It continued until 1974. In that year, the NHS was reorganized with the goal of combining hospital and community health services."
M-7,954,We also take group shots with the VIPs who attend the ceremony and these are sent in to school or are shared on Facebook and Twitter if we receive the appropriate photo consent.,Group shots are taken with the VIPs who attend the ceremony and will be sent to the school or shared online if consent is received.,"We also take group photos with the VIPs who attend the ceremony. If we get the right photo consent, these photos are sent to the school or shared on Facebook and Twitter."
M-7,955,"Service charges for leaseholders are paid annually and vary depending on the cost incurred to the block during the service charge year, which runs from 1st October to 30th September.",Annually paid ( year from 1st October to 30th September) service charges for leaseholders vary depending on the cost caused to the block during the service charge year.,"Service charges for leaseholders are paid once a year. The charges vary based on the costs incurred by the block during the service charge year, which lasts from October 1st to September 30th."
M-7,956,Try and chat to friends or colleagues who have experience in the role – you ’ d be surprised how many governors you know.,Try and chat to friends or colleagues who have practice in the role – you’d be surprised how many governors you know,Talk to friends or colleagues who have experience in the role. You might know more governors than you think.
M-7,957,We will produce a Sheffield Plan that will apply to the whole city except for areas in the Peak District National Park.,"The Sheffield plan will apply to the whole city, except for areas with the Peak District National Park","We will create a Sheffield Plan that covers the entire city, excluding areas in the Peak District National Park."
M-7,958,"Tend to record the appointment of governors as well as administrative matters such as staffing issues, local education authority policies, and some matters relating to pupils, such as exclusions.","Tend to record the appointment of governors and things such as worker problems, local education authority policies, and exclusions relating to pupils.","Governors' appointments and staffing issues, local education authority policies, and pupil-related matters like exclusions are often recorded."
M-7,959,"Issues that go to EMT that require a political decision then go onto a Cabinet Management Team / EMT meeting, then onto Cabinet, and where necessary onto a meeting of Full Council.","Political issues that go to EMT will carry on to a Cabinet Management Team/EMT meeting, before moving onto Cabinet and where necessary onto a session of Full Council.","Issues going to EMT that need a political decision first go to the Cabinet Management Team/EMT meeting. Then they go to Cabinet. If needed, they go to a Full Council meeting."
M-7,960,"Local people and businesses will be able to get involved in improving and looking after their centres, talk to us and other agencies about what works and doesn't work and have a say on changes.","Local people and businesses are able to help improve and look after their centres. They are also able to talk to us and other agencies about what what they do and do not like. Finally, they can give their opinion on changes.","Local people and businesses can get involved in improving and maintaining their centers. They can also discuss what works and doesn't work with us and other agencies. Additionally, they can share their opinions on changes."
M-7,961,If you do not already have a username or password for the ‘ Anycomms ’ system please email the Early Years FEL Census Team.,Please email the Early Years FEL Census Team for a username and password for the Anycomms system.,"If you don't already have a username or password for the 'Anycomms' system, please email the Early Years FEL Census Team."
M-7,962,"We offer highway advice to help you design your development, which may save you time and money by speeding up the planning application process.",We offer highway advice to help you design what you plan to build. This advice may save you time and money by speeding up the planning application process.,We offer highway advice to help you design your development. This advice can speed up the planning application process and potentially save you time and money.
M-7,963,The Chain was presented to the City by Alderman George Senior JP on 9 November 1901 as a symbol of office for the Lady Mayoress.,"On 9 November 1901, Alderman George Senior JP gave the Chain to the City. This Chain is a symbol. The Lady was a Mayor. The Chain is a symbol of the Lady as Mayor.","Alderman George Senior JP presented the Chain to the City on November 9, 1901, as a symbol of office for the Lady Mayoress."
M-7,964,"The majority of the conservation area consists of Hillsborough Park itself, sitting within the original boundary of the 18th Century park and garden attached to Hillsborough Hall.","The majority of the conservation area consists of Hillsborough Park itself, situated within the original boundary of the 18th Century park and garden attached to Hillsborough Hall.",Most of the conservation area is Hillsborough Park. It is within the original 18th Century park and garden that belonged to Hillsborough Hall.
M-7,965,"However, as temporary accommodation is not always an ideal option, we do encourage you to make your own arrangements if possible.","Temporary accommodation is not always ideal. Therefore, we do encourage you to make your own arrangements if possible.","However, since temporary accommodation is not always ideal, we suggest you make your own arrangements if possible."
M-7,966,To help our social workers develop those skills they will benefit from our bespoke CPD and leadership development programmes with additional masterclasses which have been carefully designed with our partner Russell Group University to support them to work with purpose in a range of challenging settings to bring about change.,To help our social workers develop those skills they will benefit from our specially made CPD and leadership development programmes. Additional masterclasses have been carefully designed with our partner Russell Group University to help them to work in various difficult settings to bring about change,Our social workers will benefit from special CPD and leadership programs. These programs include masterclasses designed with Russell Group University. They will help social workers work in challenging settings with purpose to bring about change.
M-7,967,"The responsible person or, in his absence, an appropriately qualified deputy appointed by him, shall be available on the premises for a minimum of one hour prior to and throughout each of the proceedings.","No matter the responsible person absent  or not ,he shall be available on the premises for a minimum of one hour prior to and throughout each of the proceedings.","The responsible person, or their appropriately qualified deputy if the responsible person is not available, should be present on the premises for at least one hour before and during each proceeding."
M-7,968,"The main exception is that you have to let your landlord have access to carry out repairs, or to inspect the condition of the flat or house.","If you are renting a house or flat, you must let the owner in to inspect it.  You must also let him in to carry out repairs.",The main exception is that you must allow your landlord to enter your property for repairs or inspections.
M-7,969,The improved outdoor market stalls have raised the quality of the retail offer as well as the general environment and feel of the area.,The improved outdoor market stalls increased retail quality and the general environment.,The improved outdoor market stalls have increased the quality of shopping. They have also improved the overall feel of the area.
M-7,970,"Parking will not be allowed on the road itself, except for in marked bays outside the school, and in 2 new lay-bys near the café at Lane Top.",Parking on the road is prohibited except for marked spaces outside the school and in 2 new areas at the side of the road near the café at Lane Top.,Parking is only allowed in marked bays outside the school and in two new lay-bys near the café at Lane Top. Parking is not permitted on the road itself.
M-7,971,"As well as providing a 'green lung' in this built up area and catering for general amenity, the gardens have outstanding plant collections, making them a centre for horticultural excellence and providing educational opportunities.",Providing a 'green lung' in this area will create a model for gardening excellence and providing educational opportunities.,"The gardens provide a green space in this built-up area for general enjoyment. They also have exceptional plant collections, which make them a center for horticultural excellence. Additionally, they offer educational opportunities."
M-7,972,"If you applied for a role, which involves working with children and vulnerable adults, your job is covered by the Rehabilitation of Offenders Act 1974 (Exceptions) Order 1975 as amended by the 2013 Amendment Order.",Your job is covered by the Rehabilitation of Offenders Act 1974 (Exceptions) Order 1975 as updated by the 2013 Amendment Order if the job involves working with children and vulnerable adults.,"If you applied for a role that involves working with children and vulnerable adults, your job is covered by the Rehabilitation of Offenders Act 1974 (Exceptions) Order 1975, as amended by the 2013 Amendment Order."
M-7,973,"You can report a repair and make an appointment online, you need to have registered for this service before you can use it.","You can report a repair and make an appointment online. But, you need to register for this service before you can use it.","To report a repair and make an appointment online, you need to register for this service first."
M-7,974,Within the 28 days application period we will consult with South Yorkshire Police for any comments and take into account any Regulations.,"During the 28 day application period we will seek comments from South Yorkshire Police, and take any regulations into account.","Within the 28-day application period, we will consult South Yorkshire Police for comments. We will also consider any regulations."
M-7,975,We are also the Land Drainage Authority for Sheffield with permissive powers relating to ordinary watercourses (small brooks and streams).,We are also known as the Land Drainage Authority for Sheffield.  This means that we can choose small rivers and streams as routes for excess water to drain from land.,"We are the Land Drainage Authority for Sheffield. We have the right to manage ordinary watercourses, which are small brooks and streams."
M-7,976,"The volumes include all the archaeology projects undertaken in Barnsley, Doncaster, Rotherham and Sheffield that were reported to the South Yorkshire Archaeology Service (SYAS) in the years covered.","The books include archaeology projects carried out in Barnsley, Doncaster, Rotherham and Sheffield. All these projects were reported to the South Yorkshire Archaeology Service (SYAS) in the years covered.","The volumes include all archaeology projects from Barnsley, Doncaster, Rotherham, and Sheffield that were reported to the South Yorkshire Archaeology Service (SYAS) during the covered years."
M-7,977,"By linking with partners across Social Care and Education, the pilot aimed to create stronger links with our care home providers, their residents and the younger generation.","Through collaboration with social care and education partners, the pilot aims to establish closer ties with our caretaker family providers, residents and young people","The pilot aimed to strengthen connections with care home providers, their residents, and the younger generation by partnering with organizations in Social Care and Education."
M-7,978,"Changes to your property through repair, replacement or alteration need to be in keeping with the character of the building but also to the area itself.","Any repairs, replacements or other changes made to your property need to be in keeping with the character of the building and the area where it is located.","Changes to your property through repair, replacement, or alteration should match the building's character. They should also fit with the character of the area itself."
M-7,979,Our strategy will ensure that every area of the city has green and open spaces of exceptional quality for all current and future generations to use and enjoy.,Our strategy will ensure that the city has green and open spaces of excellent quality for all current and future generations to use and enjoy.,Our strategy will guarantee high-quality green and open spaces in every part of the city for both current and future generations to use and enjoy.
M-7,980,"National coverage at 1: 25,000 and 1: 50,000 is available in the Reference & Information section (within the Central Library) and the maps may also available in the lending libraries.","National area with scale of at 1:25,000 and 1:50,000 is available in the Reference & Information section and the maps may also available in libraries.","National maps at 1:25,000 and 1:50,000 scales are available in the Reference & Information section of the Central Library. They may also be available in the lending libraries."
M-7,981,The Act has also led to the creation of the Local Access Forum and the production of the Rights Of Way Improvement Plan.,The Act has also led to the setting up of the Local Access Forum and the making of the Rights Of Way Improvement Plan.,"The Act has also resulted in the creation of the Local Access Forum. Additionally, it has led to the production of the Rights Of Way Improvement Plan."
M-7,982,"We reserve the right to refuse to promote or to remove any individual advertisement which, in our opinion is considered inappropriate.",We hold the right to refuse to promote or to remove any individual advertisement deemed inappropriate.,We can choose not to promote or remove any advertisement that we think is inappropriate.
M-7,983,"It is the responsibility of the licensee to obtain all other consents required, including Planning Permission, in connection with the proposed extension of their business onto the highway and, where appropriate, any amendment to their existing premises licence.",The licensee has a responsibility to obtain all other permissions required such as Planning Permission in connection with the proposed extension of their business into the highway. Where appropriate they must also obtain any amendment to their existing premises licence.,"It is the licensee's responsibility to get all other necessary approvals, such as Planning Permission, for extending their business onto the highway. They should also get any required amendments to their existing premises licence if applicable."
M-7,984,"However even a resident landlord must still serve the right notice, or wait for any contract to end, before the occupier has to leave.","Before a resident must leave, even a resident landlord must still give appropriate notice, or wait for any contract to end.",Even a resident landlord must give proper notice or wait until the contract ends before the occupier has to leave.
M-7,985,By offering a work experience placement you will be supporting young people with their transition into the world of work.,By offering a work experience placement you will be helping a young person progress into employment.,"By providing a work experience placement, you will support young people in their transition into the workforce."
M-7,986,"Business Rates are payable on most non-domestic properties such as shops, offices, warehouses, industrial units, advertising rights, land used for storage and other commercial purposes.","Business Rates are payable on most non-domestic properties. These properties include shops, offices, storages, industrial units, advertising rights, land used for storage and other commercial purposes.","Business Rates are due for most non-domestic properties, like shops, offices, warehouses, and industrial units. They also apply to land used for storage and other commercial purposes."
M-7,987,A Body of Persons Approval (BOPA) can be issued by us for a specific performance or a limited period of time for performances taking place in Sheffield.,We can give you a Body of Persons Approval (BOPA) for a specific performance or a limited period of time for performances taking place in Sheffield.,"A Body of Persons Approval (BOPA) can be issued by us for a specific performance or for a limited period of time, applicable to performances held in Sheffield."
M-7,988,"In the 19th century, many arrived in Britain as seamen and traders and they settled close to ports such as London, Cardiff and Bristol.","In the 19th Century many came to Britain as seamen and traders. They settled close to ports such as London, Cardiff and Bristol.","In the 19th century, many people came to Britain as seamen and traders. They settled near ports like London, Cardiff, and Bristol."
M-7,989,"It may be more straight forward to sell the house with ‘ vacant possession ’, that is with the tenant gone, unless it is likely that the buyer is also likely to want to rent the property out.","It may be easier to sell the house with ‘vacant possession’, (no tenant) unless it is likely that the buyer will want to rent the property out.","It's easier to sell the house with 'vacant possession,' meaning when the tenant has left. However, if the buyer is likely to rent the property out, selling with a tenant might not be straightforward."
M-7,990,"If there are 3 or more people living together in a flat or a building and they are not all in the same household, for example a shared student house, the building or flat may be classified as an HMO.","The building or flat may be classified as an HMO if there are 3 or more unrelated people living together in it. For example, a shared student house.","If 3 or more people live together in a flat or building but are not from the same household, like in a shared student house, the building or flat might be considered an HMO."
M-7,991,The examples throughout the report are only a selection of the ways in which we work to improve equality and to meet the equality duty.,Examples in the report show a selection of ways we work to improve equality and meet the equality duty.,The examples in the report show some of the ways we work to improve equality and meet our equality duty.
M-7,992,"Enritch Design Ltd: preparation and submission of architectural plans for new homes, extensions, loft conversions and commercial work.","Enritch Design Ltd: preparation and submission of architectural plans for new homes, extensions, loft conversions and commercial work.","Enritch Design Ltd prepares and submits architectural plans for new homes, extensions, loft conversions, and commercial work."
M-7,993,"Local authorities were also responsible for maternity and child welfare, and clinics were set up, with a network of health visitors under the Medical Officer of Health.","With the help of network of visitors under the supervision of Medical officer of Health, clinics were set up. While the local authorities were also responsible for maternity and child welfare.","Local authorities managed maternity and child welfare. Clinics were established, and a network of health visitors worked under the Medical Officer of Health."
M-7,994,"Following the introduction of fire safety legislation controlling the use of highly flammable Nitrate film stock, travelling shows were largely replaced by purpose built cinema halls, which rapidly proliferated.","After introducing legislation on controlling the use of highly flammable film used for cinema, travelling shows were replaced by built cinema halls. These continued to increase in number.","After fire safety laws were introduced to control the use of highly flammable nitrate film stock, traveling shows were mostly replaced by purpose-built cinema halls. These cinema halls spread quickly."
M-7,995,You must make sure the contents of your home are adequately insured as Council Housing Service or the City Council will not compensate you for unexpected damage caused to fittings or personal possessions when Council Housing Service or the Council is not at fault.,you must make sure the contents of your home are adequately insured. Council housing service or the city council will not cover the costs of unexpected damage caused to fittings or personal possessions. Council housing service or the council is not at fault,You must insure the contents of your home adequately. The Council Housing Service or the City Council will not补偿你意外损坏的装修或个人财物，除非Council Housing Service或市议会有过错。
M-7,996,"The Manor Neighbourhood Development Framework (NDF) covers the neighbourhoods of Upper Manor, Lower Manor and Castlebeck.","The Manor Neighbourhood Development Framework (NDF) covers Upper Manor, Lower Manor and Castlebeck.","The Manor Neighbourhood Development Framework (NDF) includes Upper Manor, Lower Manor, and Castlebeck."
M-7,997,"Following public consultation, we are changing the road layout at Charter Square to improve crossing, access and personal safety for pedestrians and cyclists.","Following public consultation, the road layout at Charter Square will be changed to help crossing, access and personal safety for pedestrians and cyclists.","After consulting with the public, we are changing the road layout at Charter Square. The changes aim to improve pedestrian and cyclist crossings, access, and personal safety."
M-7,998,"At Sheffield Archives, not all archive material is stored onsite and we may require notice of the items you wish to see.",Not all of our archive material is actually stored at Sheffield Archives.  You may have to ask for some items before you come to view them.,Not all archive material is stored at Sheffield Archives. They may need advance notice of the items you want to see.
M-7,999,"The Sheffield Provider Portal allows you to access a secure online tool to submit your FEL Headcount Census returns for 2, 3 and 4 year olds quickly and efficiently each term.","The Sheffield Provider Portal allows you to access a secure online tool. This tool allows you to submit your FEL Headcount Census returns for 2, 3 and 4 year olds. The submition is quick and easy and you can do it each term.","The Sheffield Provider Portal lets you use a secure online tool to quickly and efficiently submit your FEL Headcount Census returns for 2, 3, and 4-year-olds each term."
M-7,1000,"All young people will be supported and encouraged to travel independently to and from school or college, when it is assessed as reasonable for them to do so.","If they are considered capable, all young people will be supported and encouraged to travel on their own to and from school or college.",All young people will be supported and encouraged to travel to and from school or college on their own when it is deemed reasonable.
M-7,1001,Teams operate across the city providing support for families with additional needs and working with various partners to identify and address vulnerability within families.,Teams operate across the city giving support to families with additional needs. They work with many partners to identify and deal with vulnerability within families.,Teams work in different parts of the city to support families with extra needs. They also合作与各种伙伴识别和解决家庭中的脆弱性。
M-7,1002,"The Valuation Officer may certify that it should have taken effect from the beginning of the Rating List, but that the list cannot be updated due to backdating restrictions.","The Valuation Officer may certify that it should have taken effect from the beginning of the Rating List. But, the list cannot be updated because backdating is not allowed.","The Valuation Officer might say it should have taken effect from the start of the Rating List. However, updating the list is not possible because of backdating restrictions."
M-7,1003,"The purpose of the revaluation is not to change the amount of money collected in rates nationally, but to make sure that the individual rateable values reflect the changes that have taken place in the property market since the last revaluation.","The idea of the revaluation is not to change the amount of money collected in rates in the country. Instead, they make sure that the individual rate values are fair compared with the changes that have happened in the property market since the last revaluation.",The purpose of the revaluation is to ensure that individual rateable values reflect recent changes in the property market. It does not aim to change the total amount of money collected in rates nationally.
M-7,1004,"All our services are listed in our brochure, with clear descriptions and outlines of benefits, a copy of the brochure is attached to this page.",Our brochure describes all our services and benefits. There is a copy of the brochure on this page.,"All our services are described clearly in our brochure, which includes details of the benefits. A copy of the brochure is attached to this page."
M-7,1005,"Grants for employers if your company is based in South Yorkshire, has no more than 100 employees and you haven ’ t recruited more than 2 apprentices in the past year, may be available for up to £2,420 towards the cost of recruiting and training an apprentice.","If your company is based in South Yorkshire, has no more than 100 workers and you haven’t recruited more than 2 apprentices in the past year, grants for employers may be available for up to £2,420 towards the cost of recruiting and training an apprentice.","Grants of up to £2,420 may be available for employers whose companies are based in South Yorkshire, have no more than 100 employees, and have not recruited more than 2 apprentices in the past year. These grants can help cover the cost of recruiting and training an apprentice."
M-7,1006,"After a confrontation with gamekeepers at William Clough, the main party came up to the plateau and met a group from Sheffield, and the trespass was declared a success.","After a small argument with caretakers at William Clough, the main group came up to the high ground.  There they met a group from Sheffield, and the crossing was declared a success.","After a confrontation with gamekeepers at William Clough, the main party went to the plateau and met a group from Sheffield. They declared the trespass a success."
M-7,1007,"ASWYAS, with help from Penny Spikins at the University of York, added to the number of South Yorkshire SMR records by gathering information from other data sets and documentary sources.","With help from Penny Spikins at the University of York, ASWYAS added to the number of South Yorkshire SMR records by gathering information from other data sets and documentary sources.","ASWYAS, with assistance from Penny Spikins at the University of York, increased the number of South Yorkshire SMR records by collecting information from other data sets and documentary sources."
M-7,1008,"If all the people who live in a property are severely mentally impaired, the property is exempt, unless the property is a 'house in multiple occupation', where the landlord, not the tenants, is responsible for the Council Tax bill.","If all the people who live in a property are severely mentally impaired, the property is exempt. However, if the property is a 'house in multiple occupation', the landlord, not the tenants, is responsible for the Council Tax bill.","If everyone living in a property is severely mentally impaired, the property is usually exempt from Council Tax. However, this does not apply if the property is a 'house in multiple occupation.' In that case, the landlord, not the tenants, pays the Council Tax."
M-7,1009,"The plaque also commemorates the men and women at home who worked endlessly campaigning, raising money and sending supplies, to support the fight against fascism.","Also, the plaque commemorates the people at home. They worked endlessly by campaigning, collecting funds and sending supplies. This was done to support the fight against fascism.","The plaque also honors the men and women at home who worked tirelessly to campaign, raise money, and send supplies to support the fight against fascism."
M-7,1010,Developers will be required to submit an Affordable Housing Statement which sets out how the applicant proposes to meet the affordable housing requirements set out in Core Strategy Policy CS40 and the CIL and Planning Obligations SPD (2015).,Developers have to submit an Affordable Housing Statement.  This will show how the developer plans to fulfil the requirement to build affordable housing set out in the Core Strategy Policy CS40 and in the CIL and the Planning Obligations SPD (2015).,Developers must submit an Affordable Housing Statement. This statement outlines how they plan to meet the affordable housing requirements set in Core Strategy Policy CS40 and the CIL and Planning Obligations SPD (2015).
M-7,1011,"However where we have a different address for the owner, other than the empty property address, we can forward a letter addressed to the owner on your behalf.","However where we have a different address for the owner, other than the empty building address, we can forward a letter addressed to the owner on your behalf. *","If we have a different address for the owner, we can forward a letter to them on your behalf."
M-7,1012,"Where possible, neighbours were rehoused alongside each other in the new complex and each flat opens out onto a 10 foot wide deck.",Neighbours were given different housing next to each other in the new complex and the apartments open onto a 10 foot wide deck.,"When possible, neighbors were rehoused next to each other in the new complex. Each flat has a balcony that is 10 feet wide."
M-7,1013,"This could be an existing community organisation or a new group, but to be established it would need to meet certain criteria; and the Neighbourhood Forum and neighbourhood area boundary will need to be approved by us.","It might already exist, but the Neighbourhood Forum needs to be approved by us to show it meets the standards.","This group could be an existing community organization or a new group. To be established, it needs to meet certain criteria. Additionally, approval from us is needed for the Neighbourhood Forum and the neighborhood area boundary."
M-7,1014,"Even in an emergency, this should only be under the supervision of a doctor, police officer in uniform, a qualified first aider or other similar person.","Even in an emergency, this should only be overseen by a doctor, police officer in uniform, a qualified first aider or other similar person.","In an emergency, this should only happen under a doctor's supervision or a police officer in uniform, a qualified first aider, or a similar person."
M-7,1015,In partnership with South Yorkshire Passenger Transport Executive we are working to reduce traffic delays and improve the reliability of bus services along key bus routes in the city.,We are working with South Yorkshire Passenger Transport Executive to reduce delays and improve reliability of the most important bus routes.,We are working with South Yorkshire Passenger Transport Executive to reduce traffic delays and improve bus service reliability on key routes in the city.
M-7,1016,"We operate a metrological calibration facility which is available on request for the calibration of mass, capacity and linear measures.","For calibration of mass, capacity and linear measures, you may use the metrological calibration facility.","We have a metrological calibration facility available on request for calibrating mass, capacity, and linear measures."
M-7,1017,"Over the years the estate has been home to 31 shops, 4 pubs, 74 garages, a primary and a nursery school, doctor's surgery and pharmacy.","In the estate there has been: 31 shops, 4 pubs, 74 garages, a primary school, a nursery school, a doctor's surgery and a pharmacy.","Over the years, the estate has hosted 31 shops. There have been 4 pubs, 74 garages, a primary school, a nursery school, a doctor's surgery, and a pharmacy."
M-7,1018,"Some prospective tenants cannot be expected to produce a reference because of their general circumstances, for example if they are newly arrived in country.","Some new tenants cannot make a reference because of their general situation, for example if they have newly come to the country.",Some people who might want to rent a place cannot provide a reference because they are new to the country or have other general circumstances.
M-7,1019,"These roles are across the adoption service which includes the recruitment and assessment teams, family finding and adoption support (Families adopters and carers team-FACT).","These jobs are in the adoption service. The adoption service includes the recruitment and assessment teams, family finding and adoption support (Families, adopters and carers team-FACT).","These roles are part of the adoption service. They include teams for recruitment and assessment, family finding, and adoption support (Families Adopters and Carers Team - FACT)."
M-7,1020,"In certain circumstances, however, some people are not counted when working out the number of occupiers so there may be discounts and exemptions.","In certain circumstances, there may be people missing from the count as some people are not counted when working out the number of occupiers.","In some cases, certain people are not counted when determining the number of occupiers, which may lead to discounts and exemptions."
M-7,1021,"To apply for a Licence (under Section 176 of the Highways Act) please contact us in writing at the Bridges Section in the Highways department, with details and structural calculations.","Contact us at the Bridges Section in the Highways department, along with details and structural calculations to apply for a Licence (under Section 176 of the Highways Act) .","To apply for a License (under Section 176 of the Highways Act), please write to the Bridges Section in the Highways department. Include all necessary details and structural calculations."
M-7,1022,"The business rate relief sites are also covered by a Local Development Order, a simplified approach to dealing with planning applications.",The business rate relief sites are also covered by a Local Development Order. The order is a simplified approach to dealing with planning applications.,The business rate relief sites are covered by a Local Development Order. This order provides a simpler way to handle planning applications.
M-7,1023,"This includes offering food, clothing, showers and laundry facilities as well as access to healthcare professionals and support to find somewhere to live.","This includes offering food, clothing, showers and laundry services.  It also includes access to healthcare professionals, and support to find somewhere to live","This includes providing food, clothing, showers, and laundry facilities. It also includes access to healthcare professionals and assistance in finding a place to live."
M-7,1024,Councillors may accept the recommendation or discuss the proposal further before deciding to accept or reject the application.,Councillors are required to accept the advice or discuss the proposal further before deciding to accept or reject the application.,Councillors may accept the recommendation or discuss the proposal further before deciding to approve or reject the application.
M-7,1025,"We aim to maintain engagement in school, employment and training, steering young people away from crime and anti-social behaviour.","We try to keep people in school, jobs and training, keeping young people out of trouble.","We aim to keep young people engaged in school, employment, and training. This helps steer them away from crime and anti-social behavior."
M-7,1026,"The Network is intended to complement existing locality arrangements, such as Local Area Partnerships and Tenants and Residents Associations (TARAs).","The Network is intended to work well with existing location arrangements. For example, the Local Area Partnerships and the Tenants and Residents Associations (TARAs)","The Network is meant to support existing locality arrangements, like Local Area Partnerships and Tenants and Residents Associations (TARAs)."
M-7,1027,"Some keep their own waiting lists and allocate some of their properties independently, outside of the Choice Based Lettings process.",Some keep their own waiting lists and give out some of their properties independently. They do so outside of the Choice Based Lettings process.,"Some keep their own waiting lists. They also allocate some of their properties on their own, outside of the Choice Based Lettings process."
M-7,1028,Offers numerous employment and training opportunities for local residents – ranging from high-tech information industries to hospitality and retail opportunities.,Offers various job and training opportunities for local residents - from high-tech information industries to hospitality and retail.,It offers many employment and training chances for local residents. These opportunities range from high-tech information industries to hospitality and retail.
M-7,1029,"The partnership, led by us with our statutory responsibility for tackling child poverty, will oversee the further development and implementation of this strategy.","The partnership, led by us with our responsibility for tackling child poverty, will lead to the further development and use of this strategy","Our partnership, which has the statutory responsibility for tackling child poverty, will oversee the further development and implementation of this strategy."
M-7,1030,Its development would not have been possible without the personal interest and generosity of the J G Graves Charitable Trust.,Its build is only possible with the personal interest and kindness of the J G Graves Charitable Trust.,The development would not have been possible without the personal interest and generosity of the J G Graves Charitable Trust.
M-7,1031,If the form is returned by email you will need to contact the Licensing Service to make payment using a credit or debit card over the phone.,The form may be returned by email. I this happens  you need to phone the Licensing Service and pay using a credit or debit card.,"If you return the form by email, you need to contact the Licensing Service to pay using a credit or debit card over the phone."
M-7,1032,An independent tree survey carried out in 2006-07 concluded that over 75% of the city ’ s street trees were mature or over mature and that only 5% were young trees.,A survey carried out on independent trees in 2006-07 found that over 75% of the city’s street trees were mature or over mature and that only 5% were young trees.,"In 2006-07, an independent survey found that more than 75% of the city's street trees were mature or over-mature, while only 5% were young trees."
M-7,1033,"In my personal opinion, I don't think the Housing Service is given enough credit for the amount of work they do for their tenants.",I do not believe the Housing Service receives enough praise for the work they do for their tenants.,"In my opinion, the Housing Service does a lot for their tenants but doesn't get enough credit."
M-7,1034,The word 'carer' means someone who looks after a person; a family member or friend because that person would not be able to be safe and well without that help.,the word carer means someone who looks after a person; they are a family member or friend because that person would not be able to be safe and well without that help,"The word 'carer' refers to someone who takes care of a person. This person might be a family member or friend, providing help so that the cared-for individual can stay safe and well."
M-7,1035,Through the town planning development control process and the enforcement of Part IIA of the Environmental Protection Act 1990.,Through the town planning development control process and enforcing of Part IIA of the Environmental Protection Act 1990,"Through the town planning development control process, we enforce Part IIA of the Environmental Protection Act 1990."
M-7,1036,Licences will not be issued to applicants who have had a site licence revoked within three years of the current application.,"If your site licence has been taken away in the past three years, you cannot get a new licence.",Licenses will not be issued to applicants whose site license was revoked within three years of submitting this application.
M-7,1037,Most of the collection at Local Studies is accessed by a card catalogue which is not available through the online catalogue.,Most of the collection at Local Studies is accessed by a card catalogue which is not available via the online catalogue.,Most items in the Local Studies collection can be found using a card catalogue. This card catalogue is not accessible through the online catalogue.
M-7,1038,It allows us to designate for Selective Licensing areas that are suffering from either low housing demand and / or significant and persistent anti-social behaviour.,Selective Licensing areas that are suffering from either low housing demand and/or significant and regular anti-social behaviour can be set aside,It allows us to choose Selective Licensing areas that have either low housing demand or serious ongoing anti-social behavior.
M-7,1039,If you are reporting issues with damp & mould where possible you should supply a minimum of 3 pictures which clearly show the problem.,"If you are reporting issues with damp and mould, you should give us at least 3 pictures which clearly show the problem.","If you are reporting damp and mould issues, please provide at least 3 clear pictures."
M-7,1040,"We work with planners and procurement professionals to ensure that opportunities are fully utilised to support the local economy, open up job opportunities for local people, or improve the skills of local workers when we buy goods or services.","We work with people who are planners or work in job recruitment. Together with these people, we try to help local businesses, give jobs to local people, and to help local workers to learn new skills when we buy things or services.","We work with planners and procurement professionals to support the local economy when buying goods or services. We also aim to provide job opportunities for local people. Additionally, we strive to enhance the skills of local workers through these purchases."
M-7,1041,"Ensure that development addresses river and canal frontages, provides public access where appropriate and adds to their wildlife value.","Make sure that development addresses river and canal frontages, provides public access where appropriate and enriches the wildlife there.","Make sure that development includes access to rivers and canals where suitable. Also, enhance their value for wildlife."
M-7,1042,"For example, the SMR holds copies of reports on archaeological excavation and building recording work carried out locally since about 1990.","For example, the SMR has copies of reports on archaeological excavation and building work conducted locally since about 1990.",The SMR keeps copies of local archaeological reports from around 1990 onwards.
M-7,1043,Our role is to introduce sellers to prospective buyers and following that we will not have any involvement in the process.,We just introduce sellers to future buyers.  We do not do anything else.,"Our job is to connect sellers with potential buyers. After that, we will not be involved in the process."
M-7,1044,"School children, pedestrians and cyclists will feel safer and have improved access because fewer vehicles are parked on the pavement or blocking cycle routes.","School children, walkers, and cyclists will feel safer and have a better way through because fewer vehicles are parked on the paths or blocking cycling routes.","Fewer vehicles on the pavement or blocking cycle routes will make school children, pedestrians, and cyclists feel safer and improve their access."
M-7,1045,You can view an updated working copy of the map on a computer (but not the statements) at Howden House First Point reception.,You can view an updated working copy of the map on a computer at Howden House First Point reception. This copy does not include the statements.,"You can view an updated working copy of the map on a computer at Howden House First Point reception, but the statements are not available there."
M-7,1046,"You can also point out that if someone loses their home because of anti-social behaviour, then this makes it less likely that they would be rehoused by ourselves if they then apply as homeless.","You can also advise that if someone loses their home because of their anti-social behaviour, then this makes it unlikely that they would be provided with new housing by ourselves if they then apply as homeless","You can also note that if someone loses their home due to anti-social behavior, they are less likely to be rehoused by us if they apply for help as homeless."
M-7,1047,"The Successful Centres strategy for the area highlighted the importance of improving the appearance of the streetscape and public realm within the centre, as well as improving Ellesmere Green.","The Successful Centres strategy showed the importance of improving the appearance the centre, as well as improving Ellesmere Green","The Successful Centres strategy emphasized the need to improve the street appearance and public areas in the center, as well as enhancing Ellesmere Green."
M-7,1048,Our goal is to consistently place the child at the centre of our social work practice and to design and provide services that reflect the child ’ s voice and are appropriate to their level of unmet need.,"Our goal is to consistently place the child at the middle of our social work practice. We also create and provide services that reflect the child’s opinion, so it is suitable to their level of unmet need.",Our goal is to always put the child at the center of our social work. We want to create and offer services that show the child's voice and meet their needs.
M-7,1049,"A key part of this is determining the affordable housing requirements for the city, including the different sizes and types of affordable housing needed.",It is important to determine the low-cost housing requirements for the city. This includes the different sizes and types of houses needed.,"A key part of this is figuring out the affordable housing needs for the city, which includes determining the different sizes and types of housing required."
M-7,1050,Millhouses traders' groups have been working independently to organise events that have been very popular with the local community.,Various groups of Millhouses traders have been working separately to organise events. These events have been very popular with the local community.,Millhouses traders' groups have organized popular events independently for the local community.
M-7,1051,"Being asked to leave by parents, family or friends is the top reason why people present to us as homeless or threatened with homelessness, particularly if you are under 25 years old.","People come to us homeless or threatened with homelessness, mainly because they have been asked to leave by parents, family or friends.  This is particularly true for people aged under 25.","People often come to us as homeless or threatened with homelessness because they are asked to leave by their parents, family, or friends, especially if they are under 25 years old."
M-7,1052,"In addition, we also use the EIA process to assess the impact on other issues such as financial exclusion and poverty, voluntary, community and faith sector, carers, cohesion and health and wellbeing.","We also use the EIA process to look at the impact on issues such as financial exclusion and poverty, voluntary, community and faith sector, carers, cohesion and health and wellbeing.","We also use the EIA process to assess impacts on financial exclusion and poverty, the voluntary, community, and faith sectors, carers, cohesion, and health and wellbeing."
M-7,1053,"In England, the public now has a right to roam across 940,000 hectares of mountain, moor, heath and down, which represents around 7% of the country, without keeping to established paths.","In England, you are allowed to travel across 940,000 hectares, around 7% of the country, without using footpaths.","In England, the public can now walk across 940,000 hectares of mountain, moor, heath, and down, which makes up about 7% of the country, without staying on established paths."
M-7,1054,"Part B installations or mobile plants are regulated by the local authority, except waste operations which are regulated by the Environment Agency.",Part B installations or mobile plants are controlled by the local authority. Waste operations are controlled by the Environment Agency.,Part B installations or mobile plants are regulated by the local authority. Waste operations are regulated by the Environment Agency.
M-7,1055,"Once you have submitted your application form and supporting documents to us, we are able to issue your personal licence straight away (unless you have been convicted of 1 or more relevant offences).","Upon submitting your application form and supporting documents, we can issue your personal licence (unless you've committed 1 or more relevant offences).","Once you submit your application form and supporting documents, we can issue your personal licence right away. This is unless you have been convicted of one or more relevant offences."
M-7,1056,"More people died of ‘ flu between 1918 and 1920 than had been killed in World War One, yet this episode in history lies largely untold.","Although this time in history is still largely unknown, it is documented that more people died of disease between 1918 and 1920 than were killed in World War 1.","More people died from the flu between 1918 and 1920 than those who died in World War One. However, this event is not widely known."
M-7,1057,"As the rooms are licensed for ceremonies, we can offer a variety of options from a full wedding package to a ceremony and drinks reception, all seating 120 people.","We offer full wedding packages, drinks reception and many other options. Rooms are licensed for ceremonies. All rooms seat 120 people.","The rooms are licensed for ceremonies, so we offer options from a full wedding package to a ceremony and drinks reception, which can seat 120 people."
M-7,1058,The history of mental health provision in South Yorkshire from the late 19th century is largely told by the history of Middlewood Hospital (formerly South Yorkshire Lunatic Asylum) which was established in Sheffield in 1872.,"The history of Middlewood Hospital (formerly South Yorkshire Lunatic Asylum) ,which was established in Sheffield in 1872, can tell the history of mental health provision in South Yorkshire from the late 19th century.","Middlewood Hospital, which used to be called South Yorkshire Lunatic Asylum, was founded in Sheffield in 1872. Its history reflects much of the history of mental health provision in South Yorkshire from the late 19th century."
M-7,1059,"If you are a school or childcare provider and would like to request group work to support a number of children, please complete the group work request form and send to us.","If you are a school or childcare provider and would like to request group work to support a number of children, please complete the group work request form and send to us.","If you are a school or childcare provider and want to request group work for multiple children, please fill out the group work request form and send it to us."
M-7,1060,"These sites will be assessed through work on the new Sheffield Plan, as part of a comprehensive Green Belt review and will be included in the 2016 SHLAA update.","These sites will be assessed through work on the new Sheffield Plan, as part of a detailed Green Belt Review.  The Review will be included in the 2016 SHLAA update.",These sites will be assessed as part of the new Sheffield Plan and a Green Belt review. They will also be included in the 2016 SHLAA update.
M-7,1061,We may also share this information with organisations responsible for auditing or administering public funds for these purposes.,We may share this information with organisations responsible for auditing or administering public money.,We may share this information with organizations that audit or manage public funds for these purposes.
M-7,1062,"You will be given training, advice and on-going support, and we can arrange for you to meet existing carers who can give you an insight into the practical, real-life aspects of caring.","We make you meet existing carers who can give you information into the practical, real-life aspects of caring.","You will receive training, advice, and ongoing support. We can also arrange for you to meet existing carers who can provide insights into the practical, real-life aspects of caring."
M-7,1063,"Surviving manorial records of the old West Riding of Yorkshire (including the manor of Sheffield), can be searched on the Manorial Documents Register (National Archives).","Surviving manorial records for the old West Riding of Yorkshire, including the Manor of Sheffield, can be searched through the National Archives' Manorial Documents Register.",Surviving manorial records from the old West Riding of Yorkshire (including the manor of Sheffield) can be found on the Manorial Documents Register at the National Archives.
M-7,1064,The main difference in the procedure is that Building Control does not formally assess for approval the information supplied under the Building Notice route.,Building Control does not assess for approval the information given under the Building Notice route.,The main difference is that Building Control does not formally assess the information supplied through the Building Notice route for approval.
M-7,1065,"The only real solid, evidence, is that their home is somewhere else, for example they have a tenancy elsewhere or they own another house where they are living.",The only sound evidence is if they own or rent another home elsewhere.,"The only real evidence is that they have a home somewhere else, such as a tenancy elsewhere or another house where they live."
M-7,1066,"There have been further Acts since 1925 such as the General Rate Act of 1967, which was repeated in the 1974 Local Government Act.","There have been more Acts since 1925. These include the General Rate Act of 1967, which was repeated in the 1974 Local Government Act. *","Since 1925, there have been more Acts, including the General Rate Act in 1967, which was included again in the 1974 Local Government Act."
M-7,1067,"Landlords who do not comply with the requirements of this scheme within 30 days will be liable to pay a fine payable to the tenant, of up to three times the amount of the deposit.","Landlords who do not follow the requirements of this scheme within a month will be liable to pay a fine, of up to three times the deposit amount, to the tenant.",Landlords who do not follow the rules of this scheme within 30 days may have to pay a fine. The fine goes to the tenant and can be up to three times the deposit amount.
M-7,1068,"The Access Guides, from Disabled Go, have detailed access information for over 2,000 venues in Sheffield, including shops, community halls, places of worship, Council buildings, hospitals, universities, bus and train stations, hotels, and more.","The access guides, from disabled go, have detailed access information for over 2000 venues in Sheffield. These include shops, community halls, places of worship, council buildings, hospitals, universities, bus and train stations, hotels, and more.","Disabled Go's Access Guides provide detailed access information for over 2,000 venues in Sheffield. These venues include shops, community halls, places of worship, Council buildings, hospitals, universities, bus and train stations, hotels, and more."
M-7,1069,"If you are in Sheffield Teaching Hospitals, Sheffield Health and Social Care Trust and NHS Sheffield you will need to contact your training manager.","If you work for Sheffield Teaching Hospitals, or Sheffield Health and Social Care Trust or NHS Sheffield, contact your training manager.","If you work at Sheffield Teaching Hospitals, Sheffield Health and Social Care Trust, or NHS Sheffield, you need to contact your training manager."
M-7,1070,"This involved officers from regeneration teams, planning, highways, architects, quantity surveyors, property surveyors, solicitors and finance to name a few.","This involved officers from many areas including regeneration teams, planning, highways, architects, quantity inspector, property inspector, solicitors and finance.","This involved officers from various teams such as regeneration, planning, highways, architecture, quantity surveying, property surveying, solicitors, and finance."
M-7,1071,"You can also book out Hector's House or two other separate outdoor education spaces, which all include a simple shelter in the event of bad weather.",You can also book Hector's House or two other separate outdoor education places. They all include a simple shelter in the case of bad weather.,You can also book Hector's House or two other separate outdoor education spaces. Each of these includes a simple shelter for bad weather.
M-7,1072,"Although they may be appropriate for you, we strongly advise that you always take independent advice on all the options for dealing with debt before contacting any DMP / IVA provider.",We strongly advise that you always take independent advice on all the options for handling debt before contacting any DMP/IVA provider. This way you can be certain that they are suitable for you.,We strongly advise you to seek independent advice on all debt options before contacting any DMP or IVA provider.
M-7,1073,SUDS are particularly appropriate for Sheffield's topography where poorly managed run off creates local and larger-scale flooding problems downstream.,SUDS are particularly appropriate for those parts of Sheffield's landscape where poorly mananged run-off creates both local and larger scale flooding.,SUDS are suitable for Sheffield because of its terrain. Poorly managed runoff causes flooding problems both locally and downstream.
M-7,1074,"However, it was only in 1841 that the names of individuals were included; the previous censuses (1801, 1811, 1821 and 1831) were nothing more than headcounts and are of limited use to the family historian.","However, it was only in 1841 that the names of individuals were included; the previous censuses were just headcounts and are of limited use to the family historian.","The names of individuals were first included in the census in 1841. Before that, censuses in 1801, 1811, 1821, and 1831 were just headcounts. These earlier censuses are not very useful for family historians."
M-7,1075,We also have a ‘ Housing Market Renewal Developer Manual ’ that explains a wide range of design quality issues pertinent to residential areas.,We also have a ‘Housing Market Renewal Developer Manual’. It explains a large range of design quality issues connected to residential areas.,We also have a 'Housing Market Renewal Developer Manual' that explains many design quality issues related to residential areas.
M-7,1076,To the North West the area rises steeply up Brocco Street and continues along the middle section of Solly Street taking in historic buildings such as St Vincent's Church.,"Historic buildingss, such as St Vinent's Church, can be seen as the terrain inclines steeply to the North West, up Brocco Street and onto Solly Street.","To the North West, the area goes up steeply along Brocco Street. Then it continues along the middle part of Solly Street, including historic buildings like St Vincent's Church."
M-7,1077,If you have got a tree in your garden please keep an eye on its condition and contact your local housing office if you are concerned about it.,"If you have a tree in your garden, then please watch it. If you are worried about it, then contact your local housing office.","If you have a tree in your garden, please check its condition regularly. Contact your local housing office if you are worried about it."
M-7,1078,"We upload our LSG to the NSG on a monthly basis, which enables third party organisations, such as utility companies, to meet their statutory requirements to provide appropriate street works notifications.","We upload our LSG to the NSG every month. This enables other organisations, such as utility companies, to fulfil their compulsory requirements to provide correct street works notice.","We upload our LSG to the NSG every month. This allows third party organizations, like utility companies, to fulfill their legal obligations for street works notifications."
M-7,1079,"They can also be adapted: you might want to add to them to make them more specific to your own organisation, or you might want to break them up and integrate elements of the training into existing courses, staff development days or team meetings.","They can also be adapted: you might want to add to them to make them more specific to your own organisation, or you might want to break them up and involve elements of the training into existing courses, staff development days or team meetings.","You can adapt them. You might add details to make them more specific for your organization. Or you might break them down and include parts in existing courses, staff development days, or team meetings."
M-7,1080,"However, there may be restrictions on copying the larger format plans in order to prevent possible damage to the material.","There may be restrictions on copying larger scale plans however, to prevent damage.",There may be restrictions on copying larger format plans to avoid possible damage to the material.
M-7,1081,"In the case of a fixed term tenancy, that is where the contract is still in place, which is no longer the tenant ’ s ‘ only or principal home, ’ then the tenancy will end automatically at the end of the contract.",A fix term tenancy will end automatically when the contract finishes if there is an existing contract which is no longer the tenants 'only or principal home'.,"If the fixed-term tenancy contract is still in place and the tenant's home is not their 'only or principal home,' then the tenancy will end automatically at the contract's end."
M-7,1082,"From September 2017, eligible 3 and 4 year olds will be able to double their Free Early Learning, known as' 30 Hours Free Childcare '.","From September 2017, qualified children age 3 and 4 would be able to double their Free Early Studying, known as '30 Hours Childcare for free'.","From September 2017, eligible 3 and 4 year olds can get an extra 15 hours of free childcare, making it 30 hours total."
M-7,1083,The Sheffield Chartists planned to take control of the Old Town Hall and other town centre locations while at the same time riots were to take place in Dewsbury and Nottingham.,"The Sheffield Chartists planned to take control of the Old Town Hall and other town centre locations, while also planning riots in Dewsbury and Nottingham","The Sheffield Chartists planned to take control of the Old Town Hall and other town center locations. At the same time, riots were planned in Dewsbury and Nottingham."
M-7,1084,After a period of public consultation we adopted both the conservation area appraisal and management proposals on 19th March 2007.,After a period of public consultation we adopted both the conservation area evaluation and management proposals on 19th March 2007.,"After public consultation, we adopted the conservation area appraisal and management proposals on March 19, 2007."
M-7,1085,"This helps cover the cost of all certificates and badges (including the Silver and Bronze certificates you may have previously received), contributes towards the cost of the ceremony, and the administration involved.",This helps cover the cost of all certificates and badges (including the Silver and Bronze certificates you may have previously received). It also contributes towards the cost of the ceremony and the organization involved.,"This helps cover the costs of all certificates and badges, including any Silver or Bronze certificates you already have. It also contributes towards the ceremony costs and administration."
M-7,1086,The matching service is intended as an additional form of advertising and we request that you keep us informed about the progress of the sale so we can monitor the effectiveness of the service.,The matching service is another form of advertising and we ask that you inform us about the progress of the sale so we can check the effectiveness of the service.,The matching service is extra advertising. We ask you to tell us about the sale's progress. This helps us see how well the service works.
M-7,1087,"Regenerating Sheffield, ensuring all new development is sustainable, raising design quality and launching a new City Plan.","Regenerating Sheffield, making sure all new development is sustainable, improving design standards and launching a new City Plan.","Regenerating Sheffield, making sure new developments are sustainable, improving design quality, and starting a new City Plan."
M-7,1088,"We can normally supply copies for private study purposes, subject to access restrictions and the usual copyright regulations.","We can normally supply copies for your personal use, if the access rights and copyright procedures permit","We can usually provide copies for private study, but this is subject to access restrictions and copyright regulations."
M-7,1089,"Selling the house does not in itself help you get the house back, but you are entitled to use the usual steps of proper Notice and applying to Court to get a tenant to leave.","If you are selling your house with a sitting tenant, you also need to give proper Notice and make an application to Court to get the tenant to leave.","Selling the house alone doesn't help you get it back. However, you can use formal notices and apply to court to ask a tenant to leave."
M-7,1090,"Completed Early Help Assessment Part 1 forms should be sent to the local MAST office, either by post or by secure email.","Completed Earlt Help Assessment Part 1 forms must be sent to the local MAST office, by post or by safe email.",Completed Early Help Assessment Part 1 forms should be sent to the local MAST office. You can send them by post or by secure email.
M-7,1091,"He suffers with mental health problems, has paranoia and split personality, and has a mental health worker that visits him regularly.",He suffers mental health problems such as paranoia and split personality. A social care worker visits him regularly.,"He has mental health problems, including paranoia and a split personality. He also has a mental health worker who visits him regularly."
M-7,1092,"Even if you give the landlord a notice which does not meet the above requirements, for example 1 week ’ s verbal Notice - and the landlord agrees to it – then it may still mean you have to leave.","If the notice you give the landlord does not meet the requirements above - for example 1 week's spoken notice - you may still have to leave, even if the landlord agrees it.","Even if you give the landlord a notice that doesn't meet the requirements, like a 1-week verbal notice, and the landlord agrees, you might still have to leave."
M-7,1093,We're currently looking for suitable potential land in the city and we'll release the list of suitable options once they've been agreed.,We are looking for land in the city that is suitable.  When we have found some we will publish a list of choices for the future.,"We are currently searching for suitable land in the city. Once we agree on the options, we will release the list."
M-7,1094,"Currently, funding for local services is levied through the Council Tax which is based on the value of domestic property.","As of now, funding for local services is got through Council Tax. This Tax is based on the value of houses.","Currently, funding for local services is collected through Council Tax, which is based on the value of domestic properties."
M-7,1095,"In our duty to periodically review historic areas and to publish proposals for their future preservation and enhancement, we have undertaken an appraisal in the area.","In carrying out our duty to look regularly at historic areas and publish ideas for their future preservation and improvement, we have carried out an appraisal in the area.",We have reviewed historic areas periodically and appraised the area to propose their future preservation and enhancement.
M-7,1096,If you are a member of the public wanting to request a copy of your own personal information (or someone acting on behalf of a member of the public) then please make a Subject Access request following the guidance above.,Members of the public wanting to request a copy of their own personal information (or someone acting on behalf of a member of the public) need to make a Subject Access request as per the following instructions above,"If you want to request a copy of your personal information (or someone is doing this for you), follow the guidance above to make a Subject Access request."
