row_id,type,text
468,TXT,"El auditorio Óscar Esplá del Parque de l’Aigüera ha acogido el concierto conmemorativo del primer centenario del nacimiento del académico, historiador, filólogo, filántropo y cronista oficial de Benidorm, Pere Maria Orts i Bosch, dentro del marco de la celebración del 697 aniversario de la fundación de la ciudad. Al acto han asistido el alcalde de Benidorm, Toni Pérez, junto a los concejales de Cultura y Fiestas, Jaime Jesús Pérez y Jesús Carrobles; otros miembros de la Corporación municipal; y las reinas de les Festes Majors Patronals, Aila Merenciano y Chloe D’Hebroodt, flanqueadas por los presidentes de la Comissió de Festes Majors Patronals y de la Associació de Penyes, José Vicente Fuster y Adrián Romero. Bajo la batuta del director titular de la entidad, Felipe Juan Lanuza, la Banda ha interpretado en primer lugar el pasodoble ‘Aires llevantins’, de Bernabé Sanchis; y, a continuación las ‘Cançons de mare’, de Rafael Talens: Cançó (mareta)’, ‘Mare, Visanteta es casa’ y ‘Cançó (baix el pont de Cullera). Ya en la segunda parte, la banda ha proseguido con ‘Rapsodia Valenciana’, de Manuel Penella y con Mari Carmen Morcillo en las castañuelas; la marcha cristiana ‘Bernat de Sarrià’, de Josep Cano; la marcha de procesión ‘Virgen de Sufragio’, de Jaime Saval; y ha finalizado con el ‘Largo’ de la 9ª Sinfonía de Antonin Dvořák. Durante el concierto, entre piezas, se han proyectado imágenes históricas de Benidorm, de Pere Maria Orts i Bosch y de las numerosas obras de arte que donó a instituciones valencianas, como el Ayuntamiento de Benidorm. La banda mostró vídeos de quien fuera cronista oficial de la ciudad en las desvelaba detalles como el encuentro de la documentación en el Archivo General de Simancas que da fe de la llegada a la ciudad, en un barco, de la imagen de su patrona. Durante el acto han tomado la palabra Vicent Pérez, exalumno del IES Pere Maria y profesor de inglés; el médico y distinción ‘Ciutat de Benidorm’, Eusebi Giner i Vives; Aila Merenciano, en representación de las fiestas de la ciudad y, por último Toni Pérez. El alcalde ha remarcado la intensa actividad cultural de la ciudad, como ha dejado patente la SM l’Illa “en un año especial en que celebramos el aniversario de Orts i Bosc”, nacido el 5 de julio de 1921. Toni Pérez ha realzado “lo que Pere Maria hizo por los valencianos”, destacando su importante legado “que nos debe de acompañar siempre y que debemos preservar para las generaciones futuras. Toni Pérez finalizó su intervención deseando felicidad a todos los asistentes en el Día de Benidom. Este concierto cierra la programación de los actos del 697 aniversario del otorgamiento de la Carta Pobla de Benidorm por el almirante Bernat de Sarrià el 8 de mayo de 1325."
2083,TXT,"Benidorm alberga, en la confluencia del Paseo Marítimo de la Playa de Levante con la Avenida de Europa, la exposición itinerante “Picasso. El viaje del Guernica” que organizada por la Fundación ‘la Caixa’ y el Museo Nacional Centro de Arte Reina Sofía narra con todo lujo de detalles la historia, curiosidades y los viajes del cuadro más célebre del siglo XX desde que en 1937se pintó en París hasta su llegada a España en 1981 para ser exhibido en el Casón del Buen retiro y el postrer viaje hasta su emplazamiento definitivo en el Reina Sofía de Madrid.

La exposición  modular ha sido inaugurada esta mañana por el alcalde de Benidorm, al que acompañaban miembros del equipo de gobierno y del consistorio. Toni Pérez agradeció a la Fundación ‘la Caixa’, Caixa Bank y Caixa Forum “la elección de Benidorm, el lugar y las fechas para que la mayor cantidad de personas puedan disfrutar del periplo que le tocó vivir a la obra y conocer desde el interior los detalles”.

En dos módulos se exponen a través de paneles informativos, fotografías, recortes de periódicos de la época y vídeos los detalles y avatares del periplo del mural desde que Pablo Picasso comenzó a fraguar la idea en 1937 hasta nuestros días, convertido ya, además de en símbolo del arte moderno, en emblema antibelicista mundial.

El alcalde de Benidorm destacó el interés y la importancia de esta exposición porque “la cultura es necesaria y tenemos que hacer que sea posible” en estos momentos, señalando que en Benidorm, además, “se hace de forma segura”.

La exposición cuenta con medidas y protocolos de seguridad estableciéndose aforos de visitantes atendiendo a un calendario de visitas libres y concertadas.

Toni Pérez agradeció a la Caixa “la importante labor social que desarrolla” y “lo cerca del tejido productivo de Benidorm que ha estado” en los últimos meses y concluyó señalando “el mensaje de esperanza que traslada esta exposición”, recordando lo vivido en 1991 esperando la llegada de la obra y su significado. 
El mural ‘Guernica’ fue adquirido a Picasso por el Estado español en 1937. Debido al estallido de la Segunda Guerra Mundial, el artista decidió que la pintura quedara bajo la custodia del Museum of Modern Art de Nueva York hasta que finalizara el conflicto bélico. En 1958 Picasso renovó el préstamo del cuadro al MoMA por tiempo indefinido, hasta que se restablecieran las libertades democráticas en España, regresando la obra finalmente a nuestro país en el año 1981.

En el acto han intervenido, dando la bienvenida, el concejal de Cultura, Jaime Jesús Pérez, la responsable de la Fundación ‘la Caixa’, y la María Tomasa Rives, directora comercial de Caixa Bank, quien destacó “la responsabilidad y compromiso con los clientes y la sociedad” del principal grupo bancario español. Desde la Fundación se señaló el acierto de la ciudad, el momento y el lugar, y el concejal Jaime Jesús Pérez invitó a visitar la muestra que permanecerá abierta hasta el 1º de septiembre, a punto de cumplir sus primeros 30 años en España.

Acompañados por la comisaria Manuel Pedrol, se ha realizado esta mañana la visita inaugural señalando los pormenores de una obra y su periplo de 44 años por 28 ciudades hasta llegar a España.

Horarios, grupos e idiomas
La exposición es visitable de lunes a domingo, de 11 a 14 h y de 18 a 24 h. Se han programado visitas comentadas por personal Caixa Forum para público general de una hora de duración que pueden ser en castellano (a las 12 y a las 19 h; miércoles, viernes, sábados y domingos; y martes y jueves, a las 19 h) y en valenciano (martes y jueves, a las 12 h). Incluso se contemplan visitas Exprés, de 30 minutos de duración que podrán se comentadas, igualmente, en castellano (de lunes a domingo a las 13 h y 20:30 h) y en valenciano (lunes, miércoles y sábado a las 18 h).

La organización contempla desarrollar visitas para grupos, incluso escolares y otros colectivos, disponiéndose de un teléfono de cita previa: 900 80 11 37."
1565,TXT,"La junta gestora de Fallas de Elda ha dado a conocer hoy el cartel del Medio Año Fallero, que ha salido del concurso de dibujo ‘Fallas en el cole’ en el que han participado los colegios de Educación Primaria de Elda. El primer premio ha sido para Martina Lencina Martínez, alumna del Colegio Santa Maria del Carmen, tal y como ha anunciado hoy la gestora en un acto en el que ha estado presente la concejala de Fiestas, Lorena Pedrero. El próximo viernes se darán a conocer los nombres de los ganadores del segundo y tercer premio. Desde la Junta Gestora han destacado la gran participación e implicación de los diferentes colegios de la ciudad."
2955,TXT,"Alicante,  18 de septiembre de 2021. El concejal de Fiestas valora “el sentido de la responsabilidad de un colectivo festero que fue el primero en suspender las fiestas en 2020, cuando apenas quedaban unos días para la celebración”. El Pasacalles de Cargos ha abierto a primeras horas de este sábado un reducido programa de actos, atendiendo a las limitaciones impuestas por la pandemia. El Desfile del Medio Año, programado para esta tarde con el cumplimiento de las directrices de la Conselleria de Sanidad, y el concierto festero previsto para mañana domingo en el parque situado detrás de la ermita, a cargo de la Sociedad Musical “La Amistad”, constituyen las actividazdes más significativos del fin de semana festero en Villafranqueza-El Palamó."
4135,TXT,"Alicante. Martes 13 de noviembre de 2018. 
 El alcalde Luis Barcala ha hecho público hoy el sentimiento de orgullo que embarga a Alicante y, especialmente a sus sectores culturales, tras haber conocido la decisión del Ministerio de Cultura que concede el Premio Nacional de las Letras a la escritora Francisca Aguirre.
 Hija del pintor Lorenzo Aguirre, la poeta Francisca ""Paca"" Aguirre es reconocida por una poesía de rasgos machadianos. El galardón reconoce la obra de la escritora, que forma parte de la generación de los 50, como una parte notable de la literatura española actual. 
 El alcalde ha declarado que siente una inmensa satisfacción por la distinción: “Es un orgullo como alicantino ver cómo se ensalza la larga y fructífera trayectoria de esta escritora, que ha cosechado premios de trascendencia internacional, como el Miguel Hernández de Poesía, por citar un ejemplo”. 
 El premio del Ministerio de Cultura a la alicantina Francisca Aguirre viene a sumarse a otros galardones de ámbito nacional que en los últimos ejercicios han valorado el trabajo de otros creadores alicantinos, como el diseñador gráfico Pablo Auladell (Premio Nacional del Cómic), de la escritora, directora y actriz Lola Blasco (Premio Nacional de Literatura Dramática) o del presidente y fundador de Actiu, Vicent Berbegal (Premio Nacional de Diseño). 
 La obra de estos y otros premiados demuestran la pujanza del trabajo cultural y de la creación que palpitan en varios sectores de las letras y del panorama plástico alicantino."
1650,TXT,"Alicante, 31 de marzo de 2022. La presentación de la Revista y la Exaltación de la Saeta y Mantilla han prologado este viernes la Semana Santa de Alicante 2023, la segunda desde que el pasado año obtuviera la catalogación de Interés Turístico Nacional. La Revista incluye, en sus 183 páginas, once artículos de contenido patrimonial, histórico, tradicional, gastronómico, musical y literario. Se ha hecho una edición de 350 ejemplares. Es el número 25 de la Segunda Época. Sobre la publicación, con portada original de David Hernández y que ha sido presentada en el Salón Azul, ha destacado el alcalde Luis Barcala que “el conjunto de las colaboraciones refleja aspectos consustanciales a la Semana Santa de Alicante. Definen bien cómo la vivimos, sentimos, hacemos nuestra y la dotamos de identidad propia”. Barcala ha estado acompañado por el concejal de Fiestas, Manuel Jiménez; integrantes de la Corporación Municipal, y el presidente de la Junta Mayor de Hermandades y Cofradías, Alfredo Llopis.

Jiménez se ha mostrado satisfecho por las previsiones de ocupación y climatológicas de cara a la próxima semana: “Se espera una óptima cifra de ocupación, que se puede situar en torno al noventa por ciento, y sin que haya previsión de lluvias. Son datos que auguran una Semana de Pasión como hace años no se recuerda. Primero, por las lluvias que afectaron en 2019 y, durante dos años consecutivos, por los efectos de la pandemia. A estas condiciones favorables se le suma el 'efecto llamada' de la declaración de Interés Turístico Nacional, en 2022”.

Llopis ha hecho también referencia a otra de las publicaciones de la Junta Mayor, 'El Capuchino'. A falta de dos días para el Domingo de Ramos, ya se han agotado los 25.000 ejemplares que se editaron y que contenían información exhaustiva del conjunto de los actos de las 27 hermandades y cofradías y que está considerado como la 'guía de bolsillo' para seguir los itinerarios de las procesiones.

Saeta y Mantilla

Al finalizar la presentación de la Revista, Barcala se ha dirigido al claustro de la Concatedral de San Nicolás donde la Cofradía del Cristo del Divino Amor y Virgen de La Soledad 'La Marinera' ha celebrado la 35ª Exaltación de la Saeta y Mantilla. El alcalde ha señalado que “lo que comenzó como una experiencia-piloto ha conseguido un fuerte arraigo en el Viernes de Dolores. Supone la saeta una expresión cantada de dolor que, en Alicante, adquiere una connotación especial. Y más, si se entona en un lugar con las características de este claustro donde la acústica es perfecta”.

Raquel Álvarez, África Fernández, Ana Mari Molero, Loli Herrera, Pepi Cuenca, Antonio Magdaleno y Luis López Sánchez, a la guitarra, han interpretado las saetas. Una de ellas, cantada en el interior de la propia concatedral, la ha dedicado Raquel Álvarez a 'La Marinera' y a la Virgen del Remedio, Patrona de Alicante, coincidiendo con el 25 Aniversario de su Coronación Pontificia. El Hermano Mayor, Julio Forner, ha anunciado durante el acto que se ha abierto el expediente para la coronación canónica de 'La Marinera' después de que el obispo de Orihuela-Alicante, José Ignacio Munilla, diera su aprobación.

Forner ha destacado la obra social que realiza la Cofradía al citar el comedor social, que facilita comida a unas sesenta personas a la semana en el convento de las Monjas de la Sangre, el voluntariado que realizan todo el año en el monasterio de Santa Faz, y el mantenimiento del Convento de las Monjas, “una de las peticiones expresas que nos hicieron las religiosas al abandonarlo para irse al monasterio de Santa Faz”.

Procesiones

Veintisiete procesiones partirán desde distintos puntos de Alicante hasta llegar a la Carrera Oficial en la Rambla. Serán más de cincuenta pasos los que desfilen. De ellos, 36 serán portados a varal; diez, a costal, y cinco a ruedas. La Rambla, retomando la iniciativa del pasado año, estará adornada con una simulación de bambalinas y doseles, como los que se pueden apreciar en los diferentes tronos o pasos. Esta idea se puso en marcha para celebrar la declaración de Interés Turístico Nacional. Los balcones de la primera planta del edficio del Ayuntamiento de Alicante están engalanados con cobertores en los que figuran los escudos de las hermandades y cofradías.

La primera procesión en pasar por la Rambla será la de Jesús Triunfante, conocida comúnmente como la de 'La Burrita?. Será este domingo, en torno a las 12.30 horas. Las últimas, las del Cristo Resucitado y la Virgen de la Alegría que lo harán, conjuntamente, el Domingo de Resurrección, 9 de abril, sobre las 13.30 horas. Antes habrán protagonizado el Encuentro, donde se lanzarán cientos de miles de aleluyas, en la Plaza del Ayuntamiento.

Servicios municipales

Barcala también ha destacado la “implicación” del Ayuntamiento de Alicante “para que la ciudad esté al nivel de lo que es una Semana Santa de Interés Nacional”. Para ello serán más de 200 policías locales diarios los que presten servicio en el conjunto de las procesiones. A ellos se les suma un centenar de voluntarios de Protección Civil.

El paso de las diferente procesiones también ha obligado a modificar varias líneas de autobuses. Estas variaciones se pueden consultar en https://alicante.vectalia.es/notificacion/modificacion-de-recorrido-sema...

La limpieza especial de Semana Santa será competencia de 31 equipos y 79 operarios que prestarán especial atención a las calles por donde discurran las comitivas, paseos, playas, calas y los principales espacios turísticos."
3684,TXT,"Alicante. Jueves, 2 de julio de 2020. 
 El alcalde de Alicante, Luis Barcala, y el concejal de Cultura, Antonio Manresa, han puesto esta mañana el acento en la diversidad de formas y en la originalidad de las obras del artista belga Arne Quinze instaladas en el paseo del muelle 2 -en paralelo a la Explanada- que transforman esta zona peatonal en un museo al aire libre. 
 La exposición podrá ser recorrida hasta el 15 de septiembre. 
 
 El alcalde ha precisado que las esculturas de gran formato de la muestra rememoran los monumentos de las Hogueras y que la iniciativa artística constituye un nuevo aliciente en la estrategia de recuperación de la ciudad. “Estamos encantados con los contrastes. La exposición es un atractivo más para que se visite la ciudad. Queremos que la cultura sea uno de los ejes de recuperación de Alicante”.
 El concejal Antonio Manresa ha explicado que su Concejalía venía trabajando para hacerse con la exposición desde antes de la pandemia y que pensaron muy bien los espacios donde podrían exhibirse las obras. “Las esculturas de gran formato estamos convencidos de que van a gustar a la ciudadanía. Por la noche parecerán antorchas iluminando el paseo”, ha dicho el concejal. 
 Galería al aire libre
 El Ayuntamiento y la Concejalía de Cultura han impulsado esta exposición denominada ""My secret garden"", compuesta por seis esculturas policromadas inspiradas en las formas y colores que se aprecian en el reino de las plantas, según ha manifestado el autor, Arne Quinze.
 Las seis piezas exclusivas en acrílico sobre aluminio integran esta galería al aire libre, que comienza en Alicante un itinerario que le llevará por varias ciudades españolas. La muestra se inauguró meses atrás en exteriores de la Ciudad de las Artes y las Ciencias, en Valencia, donde ha sido especialmente valorada por el público, según han explicado el director general y la directora de contenidos de ese complejo arquitectónico, cultural y de entretenimiento. 
 Interacción entre naturaleza y urbanismo
 El artista Arne Quinze nació en 1971 en Bélgica y vive y trabaja a caballo entre su país y Los Ángeles, EE. UU. Entre los fundamentos recurrentes en su obra está el uso de colores eléctricos en pintura fluorescente y temas que aluden a la interacción entre naturaleza y urbanismo.
 Con la plantación de las esculturas, Alicante y la Ciudad de las Artes y las Ciencias cooperan para hacer realidad el concepto de arte público y al aire libre con la intención de aproximar a los ciudadanos las últimas tendencias artísticas de creadores contemporáneos. 
 En el recorrido inaugural por la exposición han tomado parte el alcalde Luis Barcala, el concejal de Cultura, Antonio Manresa, el artista Arne Quinze, varios ediles más de la Corporación, el director general de la Ciudad de las Artes, Enrique Vidal y la directora de contenidos de esa entidad, Miriam Atienza, entre otros. 
 En la imagen, un instante del recorrido inaugural por la muestra."
259,TXT,"El regidor ilicitano, acompañado de la concejala de Fiestas, Mariola Galiana, da a conocer esta actuación durante el pregón de las fiestas de la Venida de la Virgen que este año ha corrido a cargo de la locutora radiofónica Reme Sanz en un Gran Teatro lleno de públicoEl año que viene la Casa del Huerto de la Virgen de Puertas Coloradas, donde cada 28 de diciembre Cantó inicia su carrera a caballo hasta el Ayuntamiento, estará rehabilitada y en perfectas condiciones para celebrar dicha tradición ilicitana. Así lo ha anunciado el alcalde, Carlos González, durante el pregón de las fiestas de la Venida de la Virgen, que este año se ha celebrado en un Gran Teatro abarrotado de gente y ha corrido a cargo de la locutora radiofónica Reme Sanz, quien ha compartido sus emociones, sentimientos y experiencias, unidas ineludiblemente, a esta festividad. Unas fiestas que en febrero de 2017 fueron declaradas de Interés turístico de la Comunidad Valencina y el 22 de diciembre de ese mismo año Bien de Interés Cultural Autonómico.El acto, que ha sido conducido por el periodista Javier Muñoz y ha dado inicio con la interpretación del Himno de Elche por el Cuarteto Aram, ha contado con la presencia del presidente de la Sociedad Venida de la Virgen, José Manuel Sabuco, el vicario episcopal, José Manuel Valero, el consiliario, José Antonio Moya, y la secretaria, Fina Mari Román.El regidor ilicitano ha acudido acompañado de la concejala de Fiestas Mariola Galiana y ha felicitado a Sanz “por un pregón sublime, intimista, sentido y profundamente humano que ha sido pura emoción y que nos ha cautivado con esa voz aterciopelada”. Asimismo, González ha destacado la alegría colectiva que supone que este 2022, tras dos años de pandemia ,vuelvan a celebrarse las fiestas de la Venida de la Virgen sin ninguna limitación.Durante su intervención el responsable del Equipo de Gobierno ha tenido unas palabras de agradecimiento tanto para Paco SantaMartín, quien representó a Francesc Cantó durante muchos años, como de felicitación a Ivan Pomares, que toma el relevo.La pregonera de las fiestas del hallazgo de la Patrona de Elche comparte sus vivencias y emociones y anima a la ciudadanía a participar y presenciar con intensidad todos los actos que ofrece esta festividaAdemás, González ha reconocido el gran trabajo que realiza la Sociedad Venida de la Virgen y su junta directiva, presidida por José Manuel Sabuco. “Agradecemos tu labor, seriedad y tu compromiso con la tradición. En definitiva, el buen trabajo que hacéis para conservar este bello tesoro que es Bien de Interés Cultural y orgullo de los ilicitanos”, ha puntualizado.Por su parte, la pregonera de las fiestas del hallazgo de la Patrona de Elche ha descrito con detalles como vivió la primera vez que presenció a Cantó en la Plaça de Baix. “La plaza estaba llena, no cabía un alfiler. Fue espectacular pero pasó como exhalación. Ni siquiera me di cuenta de qué color era el caballo. Ver la llegada de Cantó al Ayuntamiento merece la pena a pesar de la espera. Merece la pena que llevemos a nuestros hijos y a nuestros nietos a ver la llegada de Francisco Cantó a caballo un año y otro año y que les contemos el por qué viene al galope pues, aunque el no lo sepa, es portador de una gran noticia para el pueblo de Elche que ha perdurado a través de los siglos”, ha destacado Sanz, quien ha reconocido la labor de todos los hombres que encarnaron este personaje a lo largo de los años.También se ha recordado a los cargos honoríficos, que se renuevan del año 2021, Cáritas Elche como la entidad portaestandarte de 2022; Cruz Roja y DYA Elche, los cargos electos; Conciénciate, la entidad abanderada; José Antón Puntes, el ilicitano distinguido; Pedro Tenza Marco, el ilicitano de adopción distinguido; y José Gómez Segura, el ilicitano ausente distinguido.Asimismo, la pregonera, que ha invitado a inculcar desde pequeños el conocimiento y devoción por la Mare de Déu, ha animado a la ciudadanía a participar y vivir con intensidad todos los actos que ofrece esta festividad tan importante para Elche “desde acudir a la playa del Tamarit, participar en la Romería hasta disfrutar compartiendo viandas, en la Paraeta de la marcha”.Tal y como ha señalado el presidente de la Sociedad Venida de la Virgen, en su intervención, “este pregón, con el que conmemoramos el 650 aniversario de la Venida de la Virgen, nos convocará un año más a la Playa del Tamarit para trasladarnos a aquella madrugada del 29 de diciembre de 1370 a contemplar el asombro de Cantó y cómo se fueron sucediendo todos los hechos de la Venida tal y como nuestro mayores nos transmitieron y rememoramos año tras año”.Durante el acto se han entregado distinciones al cremador del día 28, Nou Mediterrani; a la cremadora del día 29, María José Mora en memoria de José Mora Sepulcre; a los colaboradores en la peregrinación de la Virgen 2022: Conrado Pascual López, María del Carmen Martínez Palomera y Emilio Hurtado Alcaraz; a los santos patronos, a Cantó 2016 – 2021, Francisco Sanmartín; y al nuevo Cantó 2022, Iván Pomares Pascual.Esta tradicional celebración continuará el 27 de diciembre con el Día del Ilicitano Ausente, con misa y ofrenda a la Virgen de la Asunción. El día 28, a las 7, se escenificará en la playa del Tamarit el hallazgo del Arca con la imagen de la Mare de Déu, seguida de la romería hasta el Hort de les Portes Encarnaes. A las 15.00 horas, tendrá lugar la tradicional carrera de Cantó hasta la Plaça de Baix, y salida de la comitiva para trasladar a la Virgen a Santa María. El domingo 29, festividad de la Venida, se celebrará la procesión con la imagen de la Patrona."
907,TXT,"La Noche del Deporte Eldense, que se celebrará el viernes 11 de febrero, a las 20.15 horas en el Teatro Castelar, ya cuenta con los tres nominados y nominadas en cada una de sus nueve categorías. La gala será retransmitida en directo por las televisiones locales y a través de las redes sociales del Ayuntamiento de Elda, reuniendo a los mejores deportistas, clubes y dirigentes del deporte eldense durante el año 2021.El concejal de Deportes, Fernando Gómez, ha explicado que “el deporte está intentando retornar casi a la normalidad total, con todas las medidas de seguridad que indican las autoridades sanitarias, pero con el espíritu y las mismas ganas de siempre”.Gómez ha añadido que “por eso, en esta edición, la temática de la gala se centra en el pasado deportivo clásico que todavía hoy perdura en los Juegos Olímpicos. El laurel y el oro serán protagonistas como símbolo importante de sacrificio, victoria y estatus. Toda esta simbología se refleja también en el cartel de la gala, que hoy presentamos de manera oficial a todo el público”.La elección de los tres nominados y nominadas en cada uno de los galardones se ha realizado a partir de las propuestas presentadas por los diferentes clubes deportivos, deportistas y ciudadanos en general, aunque también principalmente por los representantes de los medios de comunicación que forman parte del jurado, junto a la Concejalía de Deportes.“Este acto lo recuperamos en 2017 para premiar el esfuerzo y dedicación de todas las personas que hay detrás del mundo del deporte y desde el gobierno local queremos seguir potenciándolo. Podemos decir en mayúsculas que Elda es una ciudad deportiva, con decenas de clubes de muy diversas disciplinas deportivas, y miles de deportistas de renombre y no tan conocidos que llevan con orgullo el nombre de nuestra ciudad”, ha declarado el responsable del área de Deportes.El fallo del jurado, que tendrá que elegir entre los y las tres finalistas de cada una de las nueve categorías, se dará a conocer el mismo día de la celebración de la entrega de galardones. El jurado externo está compuesto por representantes de cinco medios de comunicación de la ciudad y un miembro de la Concejalía de Deportes.En el año 2021 la actividad deportiva se fue recuperando poco a poco y prueba de ello son los muchos logros conseguidos por los clubes y deportistas durante el pasado año, por lo que no ha sido fácil la elección de los nominados dado el nivel existente en la mayoría de las categorías.Los nominados y nominadas en la IX Noche del Deporte Eldense son:MEJOR EQUIPO 2021CD NUEVA ELDA (SUBCAMPEÓN SEGUNDA B, PLAYOFF DE ASCENSO Y COPA DEL REY FÚTBOL SALA)CD ELDENSE (ASCENSO A SEGUNDA RFEF FÚTBOL)BM ELDA CEE (5º CATEGORÍA JUVENIL NACIONAL BALONMANO)MEJOR ENTIDAD/CLUB 2021CLUB ATLETISMO ELDA (HA ORGANIZADO MÁS DE 15 COMPETICIONES Y CRECE CONSIDERABLEMENTE)METAL LUBE RALLYE (EQUIPO DE RALLYE PARTICIPANTE EN EL DAKAR Y PRUEBAS RELEVANTES)CLUB ELDA BOX (DISTINCIÓN “3 ESTRELLAS” POR LOS LOGROS CONSEGUIDOS Y TÍTULOS NACIONALES E INTERNACIONALES)MEJOR ENTRENADOR 2021SANTI RICO MARHUENDA (ASCENSO 2ª RFEF CON CD ELDENSE)ISABEL ORTUÑO TORRICO (7ª NACIONAL CON ELDA PRESTIGIO INFANTIL)TINO CALLADO JOVER (VOLEIBOL PETRER, EQUIPO SUPERLIGA 2)DEPORTISTA PROMESA MASCULINO 2021 (no superen 16 años a 31/12)ERIC MAESTRE GÓMEZ (SUBCAMPEÓN TORNEO NADAL TOUR TENIS SUB 14)JAVIER SÁNCHEZ SÁNCHEZ (SUBCAMPEÓN DE ESPAÑA TENIS DE MESA)SERGIO CALLADO CANDELAS (CAMPEÓN DE ESPAÑA POR CLUBES ATLETISMO)DEPORTISTA PROMESA FEMENINO 2021 (no superen 16 años a 31/12)ANDREA MONZÓ SERRANO (3ª NACIONAL NATACIÓN)JULIA NORTES SÁNCHEZ (CAMPEONA NACIONAL TRIATHLÓN)CARLA PÉREZ MORENO (CAMPEONA DE UNA PRUEBA DEL OPEN DE ESPAÑA XCO DE BTT)MEJOR DIRECTIVO/A 2021MANOLO PASTOR TOMÁS (CLUB BALONMANO ELDA PRESTIGIO)JOSE ALBERT TORNERO (VOCALpresidente SECCIÓN BILLAR CEE)SUSANA HERRERA SÁNCHEZ-REDONDO (CLUB BALONCESTO ELDA)MEJOR DEPORTISTA MASCULINO 2021JOSÉ QUILES BROTONS (PARTICIPACIÓN JUEGOS OLÍMPICOS TOKYO 2021, BOXEO)SERGIO ORTUÑO DÍAZ (ASCENSO A 2ª RFEF CON CD ELDENSE)VICTOR VERDÚ VERA (CAMPEÓN DE ESPAÑA RALLYE)MEJOR DEPORTISTA FEMENINA 2021ALBA HERRERO LÁZARO (CAMPEONA DE ESPAÑA DE NATACIÓN)ESTHER GARCÍA PATERNA (ASCENSO SEGUNDA DIVISIÓN DE FÚTBOL Y FICHAJE ATLÉTICO DE MADRID)NADIA VIZCAÍNO GONZÁLEZ (CAMPEONA DE ESPAÑA FEDI NATACIÓN)PROMOCIÓN DEL DEPORTE 2021METAL LUBE RALLYE (ORGANIZACIÓN EVENTO NACIONAL FEMENINO DE COPILOTAJE DEL CSD)CLUB CICLISTA ELDA (ORGANIZACIÓN PRUEBA INTERNACIONAL BTT)CLUB BALONCESTO ELDA (ORGANIZACIÓN FINALES LIGA VALENCIANA BALONCESTO)Además de los galardonados en cada una de las categorías, también se entregarán cinco menciones especiales que no se darán a conocer hasta el mismo día del acto y varios reconocimientos a deportistas, dirigentes y entidades locales que también han destacado en el año 2021."
1095,TXT,"Alicante, 9 de diciembre de 2022. El “Alicante SUP Open APP Tour”, prueba internacional de paddle surf, ha arrancado este viernes en la playa del Postiguet con unos 200 participantes. Es la primera vez que una etapa del “APP World Tour” se celebra en España y Alicante ha sido el lugar escogido. Durante el fin de semana se llevarán a cabo dos pruebas deportivas con los mejores deportistas del mundo de esta disciplina y con espacio también para niños y amateurs, así como una completa oferta complementaria de actividades.

La jefa de Estrategia Turística del Patronato de Turismo Alicante City&Beach, Elena Lumbreras, ha destacado que “el Alicante SUP Open APP Tour es un evento muy importante para la ciudad por su carácter internacional, con presencia de deportistas de más de quince países, y porque es la primera vez que esta prueba se celebra en España y lo hace en Alicante”. Lumbreras ha señalado que “desde el Patronato de Turismo apostamos por el deporte náutico en invierno y un evento como éste permite desestacionalizar el turismo con más de 500 personas alojadas estos días en Alicante”.

El campeón del mundo de paddle SUP y organizador del evento, Daniel Parres, ha explicado que “este deporte está creciendo mucho en Europa y en España y el hecho de que se celebre esta prueba en Alicante nos va a dar una gran visibilidad en el mundo y nos va a convertir en una referencia”. “Hemos trabajado para crear una experiencia única con toda la comunidad de este deporte en la ciudad por lo que animo a todos los alicantinos a venir a la playa del Postiguet para disfrutarlo”.

Por su parte, el CEO de la APP World, Tristan Boxford, ha asegurado que “es un honor y un privilegio estar en Alicante, una ciudad tan bonita y con tan buenas condiciones para la práctica de paddle SUP”. “Alicante cuenta con una de las comunidades de stand up paddle más importantes y con mayor crecimiento del mundo gracias a personas como Daniel Parres, por lo que queremos comenzar un legado con este evento”. Boxford ha señalado que este fin de semana se darán cita participantes con edades comprendidas entre menos de 10 años y hasta 70 porque “queremos que sea para todo el mundo” y al mismo tiempo “estarán los mejores deportistas del mundo porque estamos a final de temporada y vienen a luchar por la victoria, así que estamos muy emocionados”.

El “Alicante SUP Open APP Tour” es la penúltima prueba dentro del circuito mundial que ya ha pasado por Santa Mónica (EE UU), Londres, Busán (Corea del Sur) y París y que finalizará en Jeddah (Arabia Saudí).

Todas las pruebas se retransmitirán por streaming y contarán con el australiano Travis Grant, atleta que ha ganado cuatro veces la Molokai Oahu, como comentarista. Además, se ha instalado una gran pantalla en la carpa de ocio para poder seguir la competición.

Fin de semana

Tras la inscripción de los deportistas profesionales y amateurs, el comienzo de clases de iniciación y el acto oficial de apertura este viernes se celebra la primera prueba de sprint juvenil. El sábado por la mañana, a las 9 horas, vuelven los sprint juveniles y las clases y a las 13 horas arrancan los sprints para profesionales. El domingo llegan las pruebas de larga distancia, a partir de las 9 horas para niños y amateurs, y desde las 11.30 para profesionales. A las 18 horas se realizará la entrega de trofeos y a las 19 horas la ceremonia de clausura. El programa concreto se puede consultar en https://www.appworldtour.com/alicante-sup-open

Los tres días de pruebas deportivas se celebrarán una serie de actividades paralelas a la competición con una zona de ocio a la altura de la entrada número 5 del Postiguet. La asociación ha instalado la APP Pool, una piscina gigante que proporcionará el punto de entrada para principiantes al deporte, así como espacio para realizar otras actividades como SUP Yoga y Pilates y concursos de skate.

Por otra parte, el evento cuenta con una zona de ocio, organizada por Solé Rototom Beach, un punto en el que tanto “riders” como visitantes podrán disfrutar de la música y la cultura urbana, así como de una zona de restauración en el que la sostenibilidad estará presente con la recogida de envases.

En esta zona, el viernes 9 de diciembre actúa la compañía de flamenco Pura Sangre que después dejará paso a los Djs de Urban Corner (Loca Fm Murcia). Y repetirán el sábado 10, día dedicado a la música y al arte urbano, con el simposio artístico de los grafiteros Ikon, Best y Tom Rock."
2721,TXT,"La Concejalía de Deportes de Alicante informa que la Junta de Gobierno de la Excma. Diputación Provincial de Alicante, en sesión ordinaria celebrada con fecha 21 de octubre de 2020, ha resuelto la concesión de una subvención al Excmo. Ayuntamiento de Alicante dentro del Plan de ayudas a Ayuntamientos y Entidades de ámbito territorial inferior al municipio de la provincia de Alicante, así como las Entidades deportivas municipales dependientes de los mismos, para la realización de actividades deportivas o para el funcionamiento de Escuelas deportivas municipales, anualidad 2020.

El objeto de la subvención es la Escuela Deportiva Municipal de Natación y la cantidad subvencionada asciende a 11.861,27 Euros.

Lo que se pone en público conocimiento."
1398,TXT,"La Concejalía de Cultura ha llenado las calles de Orihuela de versos con motivo del Día Mundial de la Poesía. La concejala del área, Mar Ezcurra, ha señalado que “las Concejalías de Cultura y Juventud han querido celebrar con oriolanos y visitantes este día llenando de versos tanto pasos de peatones como en plazas, avenidas y calles de la ciudad, de pedanías y de Orihuela Costa”. En este sentido, Mar Ezcurra ha explicado que esta iniciativa tiene como objetivo “sacar la poesía a la calle para que salga al encuentro de la gente y pueda disfrutarla mientras da un paseo por las calles de nuestra ciudad”. Además, ha recordado que Orihuela se encuentra inmersa en la Primavera Hernandiana, la cual acoge diferentes actividades en recuerdo del poeta Miguel Hernández, con motivo del 81º aniversario de su fallecimiento.

Así, la ciudad se ha despertado con versos del propio Miguel Hernández, Emily Dickinson, Antonio Machado, Federico García Lorca, Rosalía de Castro y Elvira Sastre, entre otros autores. En palabras de la concejala de Cultura, esta actuación “pretende acercar la poesía a los ciudadanos y despertar su curiosidad para que se acerquen a este género literario”."
1189,TXT,"El Festival de Cultura LGTBI+ Diversa, pionero en la Comunitat Valenciana y en la actualidad el más importante de su categoría en la provincia de Alicante, vuelve del 5 al 20 de mayo de 2023 para dar visibilidad y mostrar la realidad del colectivo desde una perspectiva cultural con el diálogo, el debate y la diversidad por bandera. La edil de Cultura, Marga Antón, acompañada por el programador del CCCE L’Escorxador y director de la cita, José Luis Mas, ha desgranado a mediodía en el Consistorio las actividades que se llevarán a cabo en la presente edición.

La concejala destaca de las actividades de la presente edición, entre otras propuestas, la exposición ‘Game[in]g Problems_Queerplay’, la función teatral ‘Sweet Dreams’, la proyección de filme ’20.000 especies de abejas’ y el concierto de Luna Ki y el disc-jockey Àlex Marteen
Bajo el lema estatal “Diversidad Familiar LGTBI+”, una idea que queda patente en una programación en la cual se pretende que “cada sigla de LGTBI+ esté representada a través de una actividad”, ha indicado Mas, la titular de Cultura recordó que, a excepción de algunas actuaciones a precio simbólico de cinco euros, las actividades son gratuitas y que arrancarán el viernes 5 con la apertura en la Sala Lanart de L’Escorxador de la muestra del Grupo de Investigación Massiva sobre la perspectiva LGTBI+ en los videojuegos Game[in]g Problems_Queerplay y pondrá punto final el sábado 20 a las 22:00 horas, en la terraza del recinto cultural, con el concierto de Luna Ki y el disc-jockey Àlex Marteen y el tradicional pregón, que será pronunciado por la finalista de la anterior edición de Drag Race, la drag queen ilicitana Venedita Von Däsh, que estará acompañada por Hornella Góngora, participante en la edición de este año.

Además, Antón ha destacado del festival los Diversa Games, un concurso pensado para conocer las características del colectivo que tendrá lugar asimismo en L’Escorxador el viernes 12 a las 20:00 horas; las Jornadas de Deportes LGTBI+ en el exterior del Centre de Congressos Ciutat d’Elx el sábado 13 a las 10:00; y la presentación de libro Ausencia y exceso: lesbianas y bisexuales asesinas en el cine de Hollywood de Francina Rives en el Espacio Hernandiano a las 11:00. En este acto, en el cual habrá una mesa redonda moderada por la docente y escritora ilicitana Olga Mínguez, se pretende dar la vuelta al estereotipo negativo que siempre mostraba en películas de los noventa y algunas clásicas sobre las lesbianas, tal como ha precisado Mas.

El evento, pionero en la Comunitat Valenciana y el más importante de su categoría en la provincia de Alicante, arrancó en 2009 para dar visibilidad y mostrar la realidad del colectivo con el diálogo, el debate y la diversidad por bandera
“El Diversa hace guiños a diferentes disciplinas artísticas”, ha indicado la concejala, refiriéndose a dicha presentación y a las propuestas teatrales, cinematográficas o de cabaret programados en esta edición 2023. Como la función Sweet Dreams de Alberto Velasco, que tendrá lugar en L’Escorxador el domingo 14 a las 19:00, que incluirá un posterior debate con el autor y los actores de la obra; la proyección de 20.000 especies de abejas de Estíbaliz Urresola, ganadora del Oso de Plata en Berlín a la mejor interpretación y de la Biznaga de Oro en el Festival de Málaga, también en L’Escorxador a las 19:00 horas, con la mesa redonda Antes y después de la Ley Trans en la que participarán Leo Mulió y representantes de la Asociación Chrysallis de familias y juventud trans; o el teatro-cabaret Venedita y Hornella se divierten en l’Espai Escènic de L’Escorxador el sábado 20 a las 20:00 horas.

Antón, igualmente, ha querido subrayar las actividades infantiles del festival que se desarrollarán en L’Escorxador para que los niños “puedan aprender la diversidad familiar existente”. En ese sentido, el talle formativo Tipi Art será el 13 de mayo a las 11:00, mientras que el de pintura Con mi papá, con mi mamá a la misma hora el 20 de mayo. “Todas las ediciones estos talleres tienen una participación masiva, y a los menores los temas que se tratan en los mismos no les resultan ajenos y que los tienen muy interiorizados”, ha manifestado la edil.

Antón, quien ha agradecido al equipo de voluntarios y a los técnicos de Cultura y de Juventud su trabajo por hacer posible anualmente el evento, y la participación de la Concejalía de Igualdad y Derechos Sociales, ha manifestado que el Diversa arrancó en 2009 por iniciativa municipal, y que crece y se consolida a través del tiempo. Solo el pasado año 3.000 personas disfrutaron de este festival que “no dejar de tener un impacto muy importante en el colectivo y en la localidad”, ha valorado, al ser un acontecimiento cuya acción no se limita al L’Escorxador. “No se concentra en un único espacio, sino que se diversifica”, ha dicho al respecto la edil, con el objetivo de acercar, más si cabe, el Diversa a la ciudadanía.

Multitudinario fin de semana en torno a la música
Por otro lado, la responsable de Cultura se ha congratulado por la respuesta positiva del público en relación a los eventos del pasado fin de semana, que llenaron varios espacios culturales del casco urbano. En concreto, el viernes 21 y el sábado 22 de abril de 2023 el Gran Teatro completó su aforo de 700 localidades con los musicales Vivir así es morir de amor y Symphonic Rapshody of Queen. Asimismo el sábado, 2.100 personas disfrutaron del festival Vuelta a los 90’s en la Rotonda del Parque Municipal, mientras 450 hicieron lo propio con la Pop Fiction Party del conjunto de indietrónica GLAS en la Sala La Llotja.

La edil, que ha valorado positivamente estas cifras, ha animado a los ilicitanos a consultar las redes sociales de la Concejalía de Cultura o los programas específicos de cada instalación que la misma gestiona para conocer todas las actividades que se organizan."
4406,TXT,"Alicante. Jueves 25 de enero de 2018.
 La organización del Concurso de Cuentos de Navidad de las Bibliotecas Municipales ha hecho público el listado con los nombres de los autores y las narraciones sobresalientes. 
 En la relación figuran 61 autores repartidos entre las diversas categorías del certamen, que fue organizado por la Concejalía de Cultura y canalizado a través de los centros de lectura de Benalúa, Villafranqueza, San Blas, El Puesto, Pla - Carolinas, Virgen del Remedio, El Cabo y Francisco Liberal.
 Estas 8 bibliotecas participantes, que forman parte de la red municipal, convocarán a los distinguidos para que tomen parte en la ceremonia de entrega de regalos. La fecha de este acto será anuncida por cada una de los centros de lectura y redes sociales con suficiente tiempo de antelación para la asistencia de todos/as participantes e interesados/as al evento.
 En el PDF adjunto va la lista de nombres."
1626,TXT,"Alicante, 12 de enero de 2023. La celebración del Porrate de San Antón estrena este fin de semana el título de Interés Turístico Local para el conjunto de las seis fiestas tradicionales de Alicante. Esta distinción, concedida el pasado octubre por el Consell, ha asegurado el concejal de Fiestas, Manuel Jiménez, “supone el reconocimiento al trabajo y dedicación de miles de personas que, desde el anonimato, contribuyen a asentar las raíces de cómo somos y vivimos los alicantinos nuestras fiestas” . El programa de actos del Porrate comienza este viernes, a partir de las 21 horas, con el Pregón que pronunciará Vicente Mas, fundador del Grupo El Sorell”, en la carpa situada en el Patio de Sol de la Plaza de Toros. 

El Descenso de las Galeras por la Cuesta de la Fábrica, fijado para la matinal del domingo 15 de enero, será la segunda cita del calendario. Habrá que esperar dos días, martes 17 de enero, para la Procesión en honor al Patrón, que discurrirá por las principales calles de uno de los enclaves históricos de Alicante. Veinte serán los costaleros que porten la imagen del Santo. El Concurso de Paellas a la Leña (sábado 21 de enero) y la Bendición de los Animales (domingo 22 de enero) en la Plaza de toros, a cargo del párroco Felipe Martínez, constituirán los otros dos puntos más esperados del programa. En esta ocasión serán 21 las mujeres que lleven a San Antón desde la parroquia al coso taurino.

La Comisión de Fiestas, que preside Rocío Beltri Santacruz, ha designado a las hermanas Noelia y Ariadna Berenguer Bas como Damas -adulta e infantil- de San Antón. Ambas viven en el barrio y es la primera vez que participan activamente en los actos. Dieciocho personas conforman la Comisión de Fiestas.

El calendario de las seis fiestas tradicionales de Alicante se completa con las Cruces de Mayo de Santa Cruz, Tabarca, San Gabriel, San Roque y Raval Roig."
4307,TXT,"PROGRAMACIÓN DE CURSOS, ACTIVIDADES Y TALLERES CENTRO 14 - JULIO A SEPTIEMBRE DE 2018 (pincha para ver la programación)APERTURA INSCRIPCIONES 7 DE MAYO 2018
 Para realizar la inscripción en los cursos ponte en contacto con el Centro 14. 
 
 Lugares de realización de las actividades:
 Centro 14- Unamuno (C/Unamuno nº 1)
 CREM (Centro de recursos educativos municipal) - Calle Padre Mariana, 19, 03004 Alicante
 Edificio El Claustro, c/ Labradores, 6 (aulas Claus)
 Centro de las Artes, Plaza de Quijano nº 2
 Otros espacios
 
 *Inscripciones Campamento de verano albergue de Biar:"
2077,TXT,"El concejal de Cultura, Jaime Jesús Pérez, junto a otros miembros de la Corporación municipal y público en general, han acompañado a la creadora en el primer recorrdio por la muestra compuesta por lienzos de gran tamaño y colorido. “No es la primera vez que expone [Aramburu] en el Espai d’Art”, ha señalado el edil, al recordar anteriores ocasiones y que la artista es miembro de la Asociación de Artistas Alicantinos y fundadora, en 1995, del grupo ‘Pintoras de Benidorm’.

Pérez ha calificado de “muy luminosa” la obra de Aramburu y subrayado su “vertiente abstracta”, aspectos que destacan en los acrílicos expuestos en el Espai d’Art del Ayuntamiento.

Por su parte, Beatriz Aramburu, ha señalado que la suya es “una pintura muy luminosa” que “intenta” que sea alegre, aunque, en ocasiones “las circunstancias que pasamos sean dolorosas”. “Por eso –ha subrayado- he añadido el ‘a veces’”."
471,TXT,"El Ayuntamiento y AICO organizan la actividad con el objetivo de retomar la dinámica que tenía antes de la pandemia El Parque de Elche volverá a acoger del 5 al 8 de mayo el Benidorm Medieval, una actividad organizada por la asociación de comerciantes, AICO, y la colaboración del Ayuntamiento, que regresa a la ciudad tras los dos años de parón a causa de la situación derivada de al pandemia. El Benidorm Medieval ha sido presentado esta mañana por el concejal de Fiestas, Jesús Carrobles, el presidente de AICO, Raúl Parra, y el gerente de Anubis Temática, la empresa organizadora, Luis Leal y se enmarca dentro de las actividades conmemorativas del 697 aniversario del otorgamiento de la Carta Pobla de Benidorm en 1325. Alrededor de un centenar de puestos configurarán este mercado medieval, que además contará con mucha animación, espectáculos, música y danza y una gran ambientación durante los cuatro días de presencia. La inauguración oficial tendrá lugar el viernes 6 a las 18,30, aunque el mercado estará abierto desde un día antes. Jesús Carrobles ha destacado que el reto es “volver a coger la dinámica que tenía el mercado medieval antes de la pandemia” y ha enfatizado la “apuesta importante” que supone esta actividad “por el comercio local porque promociona y hace visitar la ciudad”. El edil ha agradecido a la asociación de comerciantes su implicación y ha resaltado asimismo que el éxito del mercado medieval está garantizado “porque Benidorm tiene el público asegurado”. Raúl Parra, por su parte, también ha insistido en “las ganas de la asociación por activar los eventos” y ha mostrado la “ilusión” en esta actividad “que visitarán de toda la comarca y de toda la provincia”. Parra ha puesto de manifiesto que “se viene un mes de mayo muy intenso no solo con este Benidorm Medieval, sino con la ‘pre party’ de Eurovisión y la puesta en marcha de los bonos consumo lanzados por el Ayuntamiento. “Buscamos un foco especial en la ciudad, que la gente camine y pasee por nuestras calles y comercios y entren a conocernos” ha expresado Parra. En cuanto al contenido del mercado, Luis Leal ha detallado que habrá “caballeros medievales, teatro, músicos y varias novedades” entre las que ha citado un grupo -Los fillos del Lobo- procedente de las Alfonsadas de Calatayud “muy potente” y una bailarina del vientre “que acaba de hacer una gira por China”. “Todo se va a aglutinar en cuatro días de eventos en los que en todo momento habrá animación y espectáculos” ha afirmado leal, quien también ha agregado que los mercados medievales son “un punto de potenciación muy fuerte de la economía local porque hay un sector de público que viene a estos eventos que de otro modo no conocería Benidorm”."
3426,TXT,"Alicante, 30 de abril de 2021. La Concejalía de Cultura, de la mano del Centro Cultural Cigarreras y Momentos Alhambra, presentó anoche un ciclo con 14 conciertos que se ofrecerán en Alicante hasta octubre. La primera actuación, la del colectivo Califato ¾, se vivió anoche en espacios de la antigua Tabacalera.
 El concejal de Cultura, Antonio Manresa, manifestó en el acto que “en las actuaciones están representados varios estilos con el fin de llegar a diversidad de públicos para que Las Cigarreras vayan recuperando su sabor como centro musical y multicultural de referencia. Con este ciclo nos reafirmamos en la necesidad de vivir la música y celebrar la vida”.
 Manresa: Todos estamos deseando que proliferen los eventos
 Manresa añadió que “Cigarreras es un complejo cultural doblemente reconocido este jueves: por la mañana hemos tenido la visita de Su Majestad el Rey y esta tarde presentamos el ciclo de conciertos bajo el eslogan “Alicante suena a música y vanguardia” gracias a la colaboración del Ayuntamiento, Cultura, Cigarreras y de Momentos Alhambra, con Joana Alonso, representante regional de Alhambra, al frente. Creo que presentar y disfrutar esta noche de jueves del primer concierto protagonizado por la banda Califato ¾, andaluces que vienen de actuar en Barcelona, es un inicio fenomenal de temporada. Retomamos, por tanto, la actividad. Traer a estos espacios de Cigarreras – a los escenarios de La Trasera y del Jardín vertical - este ciclo con 14 conciertos es un gran hito. Tengo que darle las gracias al equipo de Cigarreras y a los promotores alicantinos por este arranque tan bueno y tan apreciado por el público de Alicante y provincia. Creo que es un buen momento para Cigarreras, para la música y para la cultura. Todos estamos deseando que proliferen los eventos de calidad y con público”.
 Trabajo común
 La iniciativa se ha concretado gracias a un trabajo en común, en el que han colaborado las gestoras y promotoras culturales Un Fulgor de Moda Antónima, Santa Leonor y Meet and Live, que estuvieron presentes en el acto por medio de Madi Ortega, Sara Rivera, Alex Tevar y Miguel Carratalá.
 Los conciertos se ofrecerán al aire libre en dos escenarios distintos de Cigarreras, según el formato de los espectáculos: en la Trasera y en el Jardín Vertical, con entradas a precios entre 3 y 20 euros.
 Las actuaciones y fechas previstas son las siguientes, tras la apertura anoche con la actuación del colectivo Califato 3/4:
 PROGRAMACIÓN
 15 de mayo 12h. Le Grand Miércoles
 22 de mayo 20h. Sienna
 05 de junio 12h. Axolotes Mexicanos
 19 de junio 12h. Ferrán Palau + Los Manises
 10 de julio 20h. Georgina
 16 de julio 20h. Luna Valle
 24 de julio 20h. Enric Montefusco
 07 de agosto 12h. Viva Belgrado
 04 de sept. 12h. Alberto Montero
 11 de sept. 20h. Carmen Boza
 18 de sept. 20h. Triángulo de Amor Bizarro
 08 de octubre 20h. Guadalupe Plata
 23 de octubre 20h. Mujeres
 Joana Alonso: Visibilización de artistas nacionales y locales
 Joana Alonso, representante de Alhambra, expresó que “estamos supercontentos de la programación conseguida y muy orgullosos de estar trabajando con un centro cultural con espacios tan relevantes para la cultura alicantina. Además, compartimos valores en común, como es la pasión por la música, la visibilización de artistas y grupos nacionales y locales, la participación en procesos de creación y en facilitar el acceso a la cultura a todo el público alicantino. Para nosotros es un orgullo estar aquí apoyando y colaborando en este proyecto”.
 
 Alonso precisó que el cartel contiene variedad de músicas, estilos y actuaciones, con conciertos que se han programado hasta octubre.
 “Hemos arrancado – añadió Alonso - y lo hemos hecho bien, con Califato ¾. Un arranque superpotente y animado. Estamos ante un ciclo de conciertos que va a utilizar dos espacios distintos en Cigarreras: La Trasera, con conciertos con un mayor número de asistentes, y otro tipo de actuaciones más asequibles para el público en el Jardín vertical, con entradas a partir de tres euros.
 El colectivo Califato ¾ ofreció anoche una actuación con temas en los que mezclaron elementos tradicionales de Andalucía, ritmos de rock, punk y música electrónica.
 En la imagen, preparativos del concierto de anoche, con el concejal Antonio Manresa y un miembro del equipo de Cigarreras ante el escenario con Califato 3/4."
1295,TXT,"Alejandra Juan Aristizabal e Idaira Merchán Botella fueron elegidas el sábado 3 de junio por la noche reinas mayor e infantil, respectivamente, de las Fiestas de Elche 2023 en la gala de celebrada anoche en la Rotonda del Parque Municipal ante 1.800 personas. Los jurados de ambas categorías, miembros de prestigio en diferentes ámbitos de la sociedad ilicitana, valoraron para su dictamen factores como los conocimientos sobre la localidad y el arraigo en el mundo de la fiesta, educación, formación e inteligencia, empatía o disponibilidad para cumplir con los numerosos actos festeros.

De esta manera, Alejandra Juan Aristizabal, de la Comisión de Fiestas de El Altet, e Idaira Merchant Botella, de Palmerales, son las reinas mayor e infantil del ejercicio festero 2023, tomando así el relevo de Alba Berenguer Coves y Julia Moreno Guerrero. Por otra parte, en la gala también se dieron a conocer a las nuevas damas mayores, Alba López Antón, de la Comisión de Fiestas Parque Aromas Ilicitanos, e Isabel García García, de Parque de Valencia; y a las damas infantiles, Aroa Peral Cánovas, de la Comisión de Fiestas María Auxiliadora, y Rocío Muñoz Sánchez, de Las Bayas.

Todas ellas serán proclamadas en sus correspondientes cargos el sábado 1 de julio en el Gran Teatro, ceremonia antesala de las Fiestas de Agosto y en la cual recibirán las bandas con las que representarán a la cultura y las tradiciones de la capital del Baix Vinalopó en los más de trescientos actos que componen el año festero.

El alcalde, Carlos González, quien participó en la velada acompañado por la edil de Fiestas, Mariola Galiana, por los presidentes de la Federación Gestora de Festejos Populares (FGFP), Fernando Jaén, y de la Unió de Festers del Camp d´Elx (UFECE), Andrés Coves, así como por concejales del Equipo de Gobierno y de la Corporación Municipal, trasladó su “efusiva felicitación” a las reinas y damas de 2023, a quienes instó a “disfrutar intensamente de una experiencia auténticamente inolvidable” en la que tendrán la oportunidad de vivir durante doce meses los acontecimientos sociales de mayor importancia del municipio desde una perspectiva privilegiada.

Asimismo, el regidor dio la enhorabuena a todas las candidatas tras hacerles entrega de un obsequio junto con Galiana: “Lo habéis hecho a la perfección y nos sentimos profundamente orgullosos de vosotras, de la dignidad y la elegancia demostradas”. Por otro lado, además de agradecer “el trabajo, la seriedad y la neutralidad” del jurado, alabó “la dedicación y el talento” de los presidentes de la FGFP y de la UFECE, al igual que de los responsables e integrantes de las comisiones festeras del campo y del casco urbano; unas virtudes que “sirven para que Elche tenga las mejores fiestas patronales de la provincia y de la Comunitat Valenciana”, expresó González.

La gala de elección, conducida por el mago Andrés Carratalá, estuvo marcada por momentos que arrancaron los aplausos del público, como los trucos del propio ilusionista, el espectáculo lumínico y musical inaugural o los diferentes desfiles conjuntos e individuales de las 24 candidatas mayores y 28 infantiles previos a la lectura del acta con el nombre de las jóvenes y niñas escogidas. El evento finalizó con el Himno a Elche y un castillo de fuegos artificiales."
3985,TXT,"FIESTAS PATRONALES EN HONOR A LA VIRGEN DEL CARMENLos días 10 y 16 de julio se van a realizar dos actividades comunitarias dentro de las Fiestas Patronales en Honor a la Virgen del Carmen, organizadas por las A.VV Virgen del Carmen 1.000 viviendas, A.VV 400 viviendas, A.VV San Evaristo -La Paz y A.VV La Amistad y las entidades Fundación Secretariado Gitano, Federación de Asociaciones Gitanas de Alicante-FAGA, Parroquia la Parroquia Ntra. Sra. del Carmen y los Centros Municipales Socioeducativos de Virgen del Carmen y Nou Alacant. 
 Entre todos hemos organizado una tarde de juegos intergeneracionales, que serán el inicio de las Fiestas Patronales 2019 y el Festival de Verano en el que tendremos actuaciones de las entidades organizadoras y vecinos de los distintos barrios.
 ¡OS ESPERAMOS!"
3770,TXT,"Alicante. Jueves, 20 de febrero de 2020.
 El alcalde de Alicante, Luis Barcala, con la vicealcaldesa Mari Carmen Sánchez, ha mantenido a primera hora de la tarde una sesión de trabajo con el equipo de dirección del Instituto de Enseñanza Secundaria Jorge Juan para coordinar dos acontecimientos que van a encumbrar al centro a primera línea de la actualidad.
 Se trata de la concesión que hará el Ayuntamiento de la Medalla de la Ciudad, el más alto galardón municipal, al instituto con motivo de su 175 aniversario, que se cumplirá el próximo curso lectivo. El gobierno local ya ha dado los primeros pasos del expediente que conlleva esta distinción.
 El alcalde, que ha estado acompañado además por los concejales de Educación, Julia Llopis, y de Coordinación de Proyectos y Nuevas tecnologías, Toño Peral, ha estudiado con el director del IES, Luis Martín, las fechas más apropiadas para compaginar actos relevantes ligados a los dos hechos.
 Luis Barcala, que formó parte en su día del Consejo Escolar del IES Jorge Juan, ha recorrido las instalaciones del colegio, lo que le ha permitido reencontrarse con los importantes fondos museísticos y literarios que atesora. El Jorge Juan hace gala de una biblioteca que alberga numerosos ejemplares procedentes de centros religiosos que fueron evacuados por la Desamortización de Mendizábal, de mediados del siglo XIX. También conserva ejemplares de la Enciclopedia de Voltaire, compuesta de varios tomos, del siglo XVIII.
 El instituto Jorge Juan imparte clases a unos 900 alumnos por curso y su profesorado se compone de unos 90 docentes.
 El Instituto de Educación Secundaria tomó el nombre de Jorge Juan (nacido en Novelda) en homenaje a este soldado, investigador, hombre de ciencia y espía, considerado el estudioso español más importante de la Ilustración, el movimiento social y cultural que en el S. XVIII se extendió desde Francia al resto de Europa y América.
 El alcalde ha reseñado que se enviarán cartas a numerosas instituciones de la Comunidad Valenciana y del resto de España invitándoles a adherirse a estos homenajes."
2835,TXT,"Más de cincuenta personas se han subido a la bicicleta para recorrer los principales monumentos de Hogueras en Alicante, con una salida guiada por la Brigada Ciclista de la Policía Local que se ha impulsado por el Ayuntamiento y STV. La vuelta cicloturística ‘Fogueres en Bici’ se celebró en la tarde del domingo con una ruta por la ciudad con el objetivo de promover la bicicleta como medio sostenible de transporte, y fomentar la movilidad en estas fiestas en Fogueres.

El concejal de Movilidad, José Ramón González, fue el encargado de dar la salida al grupo desde Miriam Blasco donde destacó que “es una iniciativa que se ha organizado por primera vez para recorrer todas las Hogueras de nuestra ciudad muy importante, y con ella se consiguen dos cosas dar a conocer los monumentos que se han plantado en estas fiestas y sobre todo los de categoría especial y por otra parte hacerlo en bicicleta”.

“Es necesario organizar estas salidas para ir fomentando su uso sobre todo entre la gente joven y aquí hay mucha para que se acostumbren a dar una alternativa al coche”, aseguró José Ramón González quien a su vez incidió que desde el Ayuntamiento y la Concejalía de Movilidad “estamos trabajando para tener más carriles bici porque queremos que la bicicleta sea utilizada con mayor asiduidad, es complicado porque estamos acostumbrados a desplazarnos en vehículo pero hoy se ha demostrado que la bicicleta es una alternativa”.

El pelotón de cincuenta personas de todas las edades recorrió junto con la policía Local durante varias horas la ciudad de monumento a monumento, y pudieron disfrutar de la actividad para vivir nuestra fiesta de una forma deportiva y divertida."
1485,TXT,"La Semana Santa tendrá este año como pregonero al eldense Gabriel Segura, Cronista Oficial de la ciudad “y una de las personas más vinculadas a las tradiciones locales”, según ha informado esta mañana José Santa, comisario de la Hermandad de Cofradías.

Un pregón que vuelve a la iglesia de Santa Ana, y que se realizará el próximo 17 de marzo tras la eucaristía, en torno a las 20.30 horas. Un día antes, el 16 de marzo, y esta vez en la Casa Viuda de Rosas, se realizará la presentación del Libro de la Semana Santa, que este año correrá a cargo de la directora del semanario local Valle de Elda, Susana Esteve, también a las 20.30 horas.

Tanto Segura como Esteve han mostrado una gran satisfacción por el nombramiento, y han asegurado estar nerviosos, “pero con mucha ilusión”. Además, el próximo pregonero ha adelantado que su pregóhn “tendrá una fuerte referencia a Castelar, de quien tenemos las primeras referencias a la Semana Santa en nuestra ciudad”.

La satisfacción por ambas elecciones se ha trasladado al Ayuntamiento, y es que, según ha indicado Laura Rizo, concejala de Fiestas, “ambos son grandes conocedores de la cultura y tradiciones de nuestra ciudad, y también de nuestra Semana Santa”.

La edil también ha querido agradecer el esfuerzo realizado por la gestora “que pese a la situación actual, está trabajando porque todos los actos de la Semana Santa salgan adelante”.

Con respecto a dicha situación, José Santa ha querido agradecer “el esfuerzo e implicación de todos” y ha informado que, tras la celebración de la Semana Santa se iniciarán los trámites necesarios para a adaptación de los estatutos, “según se ha informado en la asamblea de cofrades”."
670,TXT,"Del 16 de septiembre al 1 de octubre, en el marco del proyecto europeo MEDNIGHT vinculado a la celebración del 30 de septiembre, día oficial de la European Researchers’ Night, ARS CREATIO y el MUDIC ofrece visitas guiadas, talleres científicos, charlas, el espectáculo de Barber’s Science y un homenaje a deportistas de élite torrevejensesLa coordinadora de las actividades del MEDNIGHT en Torrevieja y directiva de Ars Creatio e investigadora de la UMH, María Luisa Molina, Carlos Sánchez en representación del Museo Didáctico Interactivo de Ciencias de la Vega Baja (MUDIC), Ricardo Recuero, concejal de Educación, y Diana Box, concejal de Deportes del Ayuntamiento de Torrevieja han presentado las actividades y la programación para este año 2022.El viernes 30 de septiembre se celebra, MEDNIGHT,  acción conjunta con la Ciencia como bandera común y en la que participan Universidades, centros de divulgación y centros de investigación de Grecia, Chipre, la Comunitat Valenciana y Región de Murcia. MEDNIGHT se celebra en el marco de la Noche Europea de los Investigadores (European Researchers’ Night), un proyecto de divulgación científica promovido y financiado por la Comisión Europea como parte de las acciones Marie Sklodowska-Curie del programa Horizonte 2020.Para ello, Ars Creatio, con la colaboración del MUDIC y el Ayuntamiento de Torrevieja, ha diseñado 9 actividades agrupadas en 3 eventos que se van a llevar a cabo desde el viernes 16 de septiembre y hasta el 1 de octubre en Torrevieja. En las actividades participa personal del MUDIC y personal investigador de los centros y áreas de conocimiento de la UMH.Actividades en TorreviejaEl XIV Ciclo de conferencias Torrevieja y el Mar. Se realiza durante dos días incluyendo un homenaje a 4 deportistas de élite torrevejenses relacionados con el mar. Esta actividad ha sido organizada en coordinación con la Concejalía de Deportes.-Viernes 16 a las 20h en el CCVC: Homenaje a deportistas de élite torrevejenses y charla “Las Ciencias del Deporte”, por Diego Pastor Campos, Prof. Titular de la UMH. En la charla se hablará de las virtudes del deporte en la memoria y salud de las personas, así como de la física del deporte de para mejorar el rendimiento deportivo. A continuación, deportistas de élite torrevejenses relacionados con el mar contarán brevemente su experiencia, como Jesús Rogel y Ascensión Roca, en Vela; Ander Martín y Adriana Castro, en Remo. Entrada libre.-Jueves 22 a las 20h en el CCVC: Charla “Sedimentos de puertos marinos como sustrato de frutales”, por Pilar Legua Murcia, Prof. Titular de la UMH. Es un proyecto financiado por la UE con más de 1,7 millones de euros en el que consiguen aprovechar los molestos e ineficientes sedimentos que habitualmente se dragan del lecho marino de los puertos españoles y europeos para su uso como sustrato natural y ecológico en el crecimiento de cítricos y demás árboles frutales de la agricultura y las plantas ornamentales. En este proyecto participa la Universidad Miguel Hernández, institutos tecnológicos y empresas de España e Italia. Entrada libre.Visitas guiadas y talleres de ciencia en el Museo de Historia Natural. Estas actividades se realizarán por personal del MUDIC y ha sido organizada en coordinación con la Concejalía de Educación.Se realizarán un total de 6 sesiones, 3 sesiones para grupos escolares y 3 sesiones para público general. Las sesiones consisten en la visita guiada al Museo de Historia Natural y, tras un descanso, la realización de un taller de ciencia. Para los grupos escolares se ofrecen desde la Concejalía de educación para los días V23, J29 y V30 de septiembre de 10h a 13h. Y las sesiones para público general serán los días S24 de sept y S1 de oct de 10h a 13h, y el V30 de sept de 18h a 21h. Los talleres serán “Cuidemos nuestros mares”, “Las artemias y la sal” y “Chorlitejos patinegros. Un tesoro alado”, y podrán inscribirse desde ya a través del código QR del cartel.3) Concierto Barber’s Science, como acto de clausura de la MEDNIGHT en Torrevieja. Barber’s Science son 4 científicos de entre 24 y 38 años que realizan un espectáculo en el que mezclan humor, música y ciencia de manera magistral. En 2021 participaron en Got Talent donde consiguieron pase de oro. Sábado, 1 de octubre, en el Palacio de la Música a las 20h. Entrada libre.Además, el proyecto MEDNIGHT ofrece otras actividades a los centros educativos de toda España que pueden realizar durante todo este curso académico y el inicio del curso siguiente. Las actividades son: “Vuelta al cole de las investigadoras”, “Exposición Rostros Mediterráneos”, “Documental Mednight: Los puertos de la ciencia”, y “Los cuentos de la Mednight”. La información y los enlaces de inscripción a estas cuatro actividades se encuentra en la web: https://mednight.eu/investigadoras-en-las-escuelas/?lang=es."
1746,TXT,"Alicante, 7 de septiembre de 2022.- El alcalde agradece este miércoles “el esfuerzo y la tenaz dedicación hacia unas fiestas que están en la esencia y la raíz de la ciudad de Alicante”. El primer edil ha estado acompañado en la Recepción por la vicealcaldesa Mari Carmen Sánchez y los concejales José Ramón González y Manuel Jiménez, quien en la noche de este miércoles pronunciará el Pregón. El reparto del “panquemao” -lo que comúnmente se conoce como toña- a instituciones y colaboradores es una de las muchas tradiciones del programa de actividades del Raval Roig, y supone un agradecimiento por la colaboración hacia las fiestas, como ha explicado el presidente de la Comisión, Fernando Alonso. Antiguamente, se hacía esta entrega en un coche guiado por caballos.

El acto ha estado amenizado por los integrantes de la colla de dolçaina i tabalet “El Cocó” que, entre otras piezas, han interpretado las composiciones populares “Cucanyes” y “Los Moritos de Matacagá”, escenificada y cantada por ellos mismos. Los concejales han recibido ejemplares del llibret editado bajo el lema “Alma de Raval Roig” en el que se homenajea, póstumamente, a José Luis Ortín Vila “Pepito Colla”, y a los festeros fallecidos en los últimos años como Agustina Aznar Botella, Begoña Núñez Riera, Juan Beltrán Botella, Felipe Company Cano, Pilar Poquet, Eduardo Barragán Campello, Lluís Llorca Buforn, Miguel Cardell Sánchez, Adolfo Galvañ Torres, Paquita Martínez Climent, Vicente Moll Lloret “El Peixet”, y Salvador Lozano Campopiano “Saoro”.

Esta publicación contiene, además, artículos alusivos a los más de 180 de historia de estas celebraciones, que optan a conseguir la denominación de Interés Turístico Local. Barcala y Mari Carmen Sánchez ha entregado diferentes obsequios a los más pequeños de la comisión.

Los actos del primer día de las fiestas del Raval Roig continuarán esta misma tarde con la inauguración del alumbrado artístico, al que seguirá un pasacalles con la música de la dolçaina i el tabalet de la familia Boronat. Todo ello antes del Pregón, en la Plaza de Topete. El posterior disparo de una traca luminosa prologará una degustación de olleta y coca alicantina. Una verbena popular y un nuevo pasacalles con los integrantes de la Comisión de Fiestas pondrá el punto final al primer día de las celebraciones.

Mañana, jueves 8 de septiembre, será el componente religioso el que tenga el protagonismo en estas fiestas tradicionales. A las 11.15 se desarrollará la ofrenda de Flores a la Virgen del Socorro y a la Virgen del Lluch. Los Nanos i Gegants y los Boronat acompañarán a la comitiva hasta la ermita donde se celebrará la Eucaristía. La procesión partirá a las 19.30 y a las 22.30 está previsto el Pasacalles de los Marineros de la Cofradía de la Virgen del Socorro y de la Comisión de Fiestas, acompañados por la Asociación Musical “La Sinfónica”, de Crevillente. Una nueva verbena cerrará los actos de una jornada que comenzará con la tradicional despertà con disparos de tracas."
4096,TXT,"Concierto de estudiantes del Departamente de Viento y Metal del CSMA ""Oscar Esplá"".

La cita se programa para el próximo viernes en La Casa de la Música desde las 19 horas con libre acceso, y esta dentro del Ciclo de Música de Cámara que se desarrollará hasta mayo de 2019

El Conservatorio Superior de Música ""Oscar Esplá"" cuenta con más de cincuenta años de historia y de acreditada tradición académica y desde hace cuatro años, acerca estos recitales al Centro Cultural Las Cigarreras, durante la temporada lectiva y que ofrecen la oportunidad a estos ""Nuevos talentos musicales"" para tomar contacto con el público y mostrar los conocimientos adquiridos.

PROGRAMA PRÓXIMO VIERNES
Concierto para Trombón J.G. Alberchtsbeger. (I Mov.).6.30 min. aprox.
Trombonista: Sergi Climent

Bagatella.H. Neuling 5.30 min. aprox.
Trompista: Violeta Alonso Lax

Concierto Para Trombón H. Tomasi (I Mov.) 6.30 min. aprox.
Trombonista: Guillermo Alejandro Alcaraz Riquelme

Adagio i Allegro, op. 70 de R. Schumann 8.50 min. aprox.
Trompista: Raúl López Martinez

Concerto for Euphonim M. Ellerby (I Mov.) 7 min. aprox.
Bombardinista: Jorge López Ramos

Profesor Pianista: Daniel Fernández
Coordinador: Emilio Gómez

Próximos recitales de ambos ciclos

Ciclo de Música de Cámara

Casa de la música (viernes 19 horas)

8 febrero: percusión
22 marzo: cuerda y piano
12 abril: saxo-piano
24 mayo: viento madera y piano
Ciclo de música siglo XX y XXI

Caja negra (martes 19 horas)

12 febrero: viento metal
12 marzo: saxofones
2 abril ensemble de metales
7 mayo: viento madera- coro"
1224,TXT,"Nuevas propuestas culturales para este mes de junio desde las bibliotecas municipales.

Consulta la programación completa pinchando en la imagen.

FacebookTwitterTelegramPinterestWhatsAppLinkedInEmailGmailMessengerCopy LinkPrint"
2741,TXT,"Se comunica a los usuarios la apertura de la Piscina Municipal de Babel ""Luis Asensi""

HORARIO DE LUNES A VIERNES (Excepto Festivos):

Aforo: 30 personas por turno

Turno 1 - 08:00 a 08:50 h. y 09:15 a 10:05 h.

Turno 2 - 10:45 a 11:35 h. y 12:00 a 12:50 h.

Turno 3 - 14:30 a 15:20 h. y 15:45 a 16:35 h.

Turno 4 - 17:15 a 18:05 h. y 18:30 a 19:20 h. 

Solicitud de cita previa para usuarios particulares a través del siguiente enlace:

https://citaprevia.alicante.es/CitaPrevia/#/pedirCita

Imprescindible estar dado de alta como usuario/a de las Instalaciones Deportivas Municipales de Alicante.

Cada persona usuaria podrá reservar un turno por día , siendo el uso de piscina de 50 minutos.

Estos horarios pueden verse afectados, en ese caso, la Concejalía de Deportes informará puntualmente de cualquier modificación, en los tablones de la instalación, pagina web o redes sociales, así como de la finalización de su vigencia."
1610,TXT,"Alicante, 4 de diciembre de 2022. El Ayuntamiento de Alicante vuelve a recrear la ornamentación navideña con planta viva en distintos espacios significativos de la capital. El Palacio Consistorial luce con guirnaldas vegetales que enmarcan las portaladas del edificio consistorial. También en el inicio de la Explanada y en la avenida de la Estación se da la bienvenida a los visitantes con letrero de Feliz Navidad y Bon Nadal, al igual que en las entradas al TRAM de la Plaza de los Luceros. Todos estos adornos están compuestos por planta viva y ramas de sabinas, boj, eucalipto y lentisco, junto a las tradicionales poinsettias o flor de Navidad, que lucen en las principales calles y plazas.

Además, lucen en la Plaza del Mar árboles de Navidad y en la plaza Calvo Sotelo se ha instalado un belén con adornos vegetales y luces led. Toda esta ornamentación es obra del servicio municipal de Parques y Jardines en colaboración con la empresa concesionaria del mantenimiento de zonas verdes de la ciudad, STV.

El concejal de Medio Ambiente, Manuel Villar, ha comentado, “desde nuestra Concejalía queremos contribuir a embellecer la ciudad aportando una decoración navideña vegetal que le da un toque más tradicional y acogedor”. “Ofrecimos las primeras muestras el año pasado y tuvo una gran aceptación, y este ejercicio volvemos a vestir con esta ornamentación tradicional nuestros principales monumentos y espacios de recepción de visitantes”.

“Alicante ha dado un salto adelante en el tratamiento de los parques y jardines y también con la participación del departamento en el embellecimiento de la ciudad en fechas señaladas, especialmente, desde la incorporación de STV al mantenimiento de los parques y jardines, que ha permitido cambiar la arquitectura ornamental de los parterres, combinando árboles, plantas arbustivas y florales en distintas alturas y composiciones que contribuyen a embellecer más la ciudad” ha añadido el edil.

Arcos florales y árboles navideños

Entre la decoración ornamental vegetal, destaca en la fachada de la Casa Consistorial, lugar de tantas celebraciones, que se ha embellecido mediante tres arcos florales realizados con planta natural de corte y flor preservada con un diseño muy navideño.

En la Explanada, para desear a los alicantinos unas felices fiestas se ha colocado “Feliz Navidad” y en la avenida de la Estación un “Bon Nadal” formados por letras recubiertas de planta natural de corte y cuyo perímetro se ha decorado con poinsettias y corteza natural. Muy cerca, en una de las isletas de la Plaza del Mar, se ha colocado tres árboles navideños recubiertos de vegetación y bolas de flor preservada.

Para fomentar el uso del transporte público en estas fechas, se ha realizado dos estructuras de cubrición de los accesos al tranvía en la estación de Luceros. Son dos estructuras recubiertas de planta natural de corte y flor preservada de diseño navideño con luces led que acogen al viajero dándole la bienvenida a la ciudad de Alicante.

Belén vegetal

Los alicantinos también pueden disfrutar de una nueva instalación navideña en la Plaza de Calvo Sotelo. Se trata de un belén formado por luces led totalmente decorado con elementos vegetales y cuya base estará decorada con un lecho de poinsettias.

Manuel Villar ha resaltado finalmente “el valor añadido que ha generado en el mantenimiento de nuestros espacios verdes la incorporación de la nueva contrata del servicio municipal de Parques y Jardines, que ha aportado una nueva concepción más actual y moderna de parterres, parques y espacios verdes de la ciudad”.

“Una actuación que se traduce en una percepción más positiva de la situación de las zonas verdes de la ciudad por parte de la ciudadanía y que evidencia el salto cualitativo que se ha experimentado, como se pone de manifiesto con esta nueva decoración navideña que viene a aumentar el atractivo de Alicante durante la Navidad”, ha resaltado el concejal de Medio Ambiente y portavoz adjunto del equipo de gobierno municipal."
270,TXT,"El alcalde, Carlos González, la edil de Fiestas, Mariola Galiana, miembros el Equipo de Gobierno y de la Corporación Municipal, así como numerosos ilicitanos e ilicitanas asisten al evento de encendido de las luminarias en la Plaça de Baix pese a la lluviaElche da la bienvenida a la Navidad con un 32,85% más de inversión en iluminación decorativa en barrios y pedanías por parte de la Concejalía de Fiestas respecto a 2021. La magia de estas fechas en forma de vistosas luminarias ha puesto la nota de color en una tarde lluviosa en la cual, pese a todo, numerosos ilicitanos e ilicitanas han desafiado al mal tiempo y asistido al encendido del alumbrado, llevado a cabo en la Plaça de Baix sobre las 18:15 horas, en un acto que se ha convertido por derecho propio en un clásico navideño del municipio y en el que se ha reproducido una gran nevada.“Arranca la Navidad bajo la lluvia”, ha expresado el alcalde, Carlos González, acompañado por la edil del área, Mariola Galiana, representantes festeros, miembros del Equipo de Gobierno y de la Corporación Municipal, entre otras autoridades y personalidades de la sociedad local que no han querido perderse esta peculiar inauguración que marca una serie de hitos invernales hasta el Día de Reyes. No solo los referentes al ámbito navideño, sino también los de la Venida de la Virgen y el cambio de año. Todo ello bajo leds de última generación diseñados para reducir el consumo en un 30% respecto a 2021.“Esperamos que sean unas navidades felices y alegres, en las que todo transcurra con normalidad y podamos disfrutar de la ciudad”, ha manifestado el regidor ilicitano, añadiendo que, igualmente, se espera que sean un momento de oportunidad “desde el punto de vista económico y comercial, porque es una temporada especial de consumo para determinadas actividades económicas”.Tal como precisó Galiana el martes 24 de noviembre durante la presentación del cartel anunciador de las Navidades 2022, en este ejercicio la Concejalía ha invertido 40.000 euros más que en el anterior, ascendiendo en total a 161.761 euros. Ello se ha traducido en un millón de leds y 200 arcos luminosos en una treintena de vías públicas de la localidad, así como 120 puntos de decoración lumínica en palmeras y arbolado y más de una veintena de elementos 3D en el casco urbano y las diferentes pedanías.Entre las novedades destacan la presencia de arcos en la calle Cristóbal Sanz, la presencia de objetos 3D en la replaceta de la Fregassa, al final de la Corredora y en la Plaza del Congreso Eucarístico. Las luminarias del arbolado del jardín de Andalucía, del parque de Valencia y de la plaza Madrid aumenta y mejora sustancialmente. Y, en Arenales, además del incremento de la cifra de arcos, se instalará por vez primera un gran árbol navideño luminoso.Otra de las novedades a señalar es que, motivado por el contexto geopolítico que ha propiciado la subida de la electricidad, el horario en el cual la decoración estará operativa se limita. De lunes a jueves, de 18:00 a 23:00 horas; y de viernes a domingo, hasta la 01:00. Excepto los días 24, 25, 28, 30 y 31 de diciembre y 1, 5 y 6 de enero, que permanecerán enchufadas hasta las tres de la madrugada.El viernes 2 de diciembre, se prevé poner en funcionamiento las luces de La Marina, La Hoya, Las Bayas, Torrellano y El Altet a las 18:00, 18:45, 19:30, 20:30 y 21:15 horas, respectivamenteEn cuanto a las pedanías, la Concejalía de Fiestas ha informado de que mañana 2 de diciembre celebrarán su propio acto de encendido de luces en los siguientes horarios y ubicaciones: en La Marina, en la Plaza de La Amistad, a las 18:00 horas; en La Hoya, en la plaza Torre del Gall, a las 18:45; en Las Bayas, en la Plaza de la Primavera, a las 19:30; en Torrellano, en la plaza San Crispín, a las 20:30; y en El Altet, en la plaza Mayor, a las 21:15.Actividades para todos los públicosDe esta manera, una vez pulsado el botón de encendido tras la cuenta atrás por parte del alcalde, la concejala, la reina infantil, Julia Moreno, y las damas mayores e infantiles de las Fiestas de Elche, vienen días de jolgorio e ilusión con el Mercado y la Feria de la Navidad en el Paseo de la Estación, que un año más incluye la pista de hielo sintético y la noria de 25 metros, procediéndose a la inauguración el jueves 5 de diciembre a las 18:00 horas. Ese mismo día, a las 19:30, se abrirá al público el Belén Municipal que vuelve a la Glorieta y el Tradicional Ilicitano en la otrora Aula CAM para, posteriormente en el Gran Teatro, a las 20:00 horas, escuchar el pregón de la Navidad a cargo de la periodista y presidenta de la Asociación de Informadores de Elche (AIE), María Teresa Bolívar, tal como ha recordado Galiana.Además, ha agregado que el Belén Viviente de Pobladores se inaugurará el 25 de diciembre a las doce del mediodía en su emplazamiento habitual en Traspalacio. Mientras que el Desfile de Papá Noel se desarrollará el 17 de diciembre y saldrá a las 18:00 horas desde la avenida de Novelda, lugar desde el que arrancará la Cabalgata de Reyes el 5 de enero.“Hoy comienza oficialmente la Navidad. Agradecemos que, a pesar de que al inicio chispeaba, la ciudadanía se ha volcado y ha venido al acto del encendido extraordinario con sus paraguas en mano y finalmente la lluvia nos ha dado una tregua”, ha concluido Galiana antes de dar paso ella y González al concierto de La Escolanía y del Coro Juvenil del Misteri, que han arrancado sonrisas y recuerdos nostálgicos de los presentes entonando un repertorio de una decena de villancicos. Ahora sí, ya es Navidad en Elche, la cual se está erigiendo en los últimos años como un referente dentro y fuera de la provincia.Campaña comercialPor otro lado, la Concejalía de Comercio ha invertido 41.000 euros en 173 arcos lumínicos en las vías del municipio con mayor cifra de establecimientos; una decoración que fue puesta en marcha el 26 de noviembre, coincidiendo con el Black Friday."
4041,TXT,"El Ayuntamiento de Alicante y la Fundación Coca-Cola inauguran la exposición de arte contemporáneo ""Construyendo Historias""
 La exposición, que podrá visitarse hasta el 28 de abril, está compuesta por medio centenar de obras de la colección de arte contemporáneo de la Fundación Coca-Cola, de diversas disciplinas como pintura, vídeo, fotografía, escultura y dibujo, y contará con obras de Isidro Blasco, Eva Lootz, José Manuel Ballester, Txomin Badiola, Equipo Crónica o Juan Navarro Baldeweg.
 Bajo el título “Construyendo Historias”, la muestra ha sido concebida en exclusiva para estos dos centros expositivos y cuenta con obras de disciplinas como la pintura, la fotografía, la escultura, el dibujo o el vídeo, mediante las cuales los artistas narran, cuestionan y reflejan los tiempos que les ha tocado vivir. A través de ellas, se establece una relación con el espectador, invitándole a reflexionar sobre la realidad, su mundo personal y su microcosmos.
 Más de 25 años acercando la cultura a cada rincón de España
 Desde su nacimiento en 1993, el propósito de la Fundación ha sido mantener el distintivo cultural que ha exhibido España y Portugal a lo largo de su historia y acercar la cultura al mayor número posible de personas. Ya sea la literatura, el teatro, la pintura, la escultura o cualquier otra expresión artística contemporánea.
 Aunque actualmente la colección de arte tiene su residencia en el Centro Contemporáneo DA2 de Salamanca, destaca por su carácter itinerante. La Fundación Coca-Cola viene efectuando distintas exposiciones temporales con otras colecciones contemporáneas, con el fin de hacer la cultura accesible a todo el mundo para mostrar y compartir con la sociedad su riqueza. Recientemente, y con motivo del 65ª aniversario de la compañía en España, la colección llegó por primera vez a Madrid, al Museo Lázaro Galdiano, y en el pasado ha podido verse en distintas exposiciones a lo largo y ancho de la geografía española como en Murcia, Gran Canaria, Extremadura o La Coruña. Cabe destacar que la colección de la Fundación Coca-Cola también ha traspasado nuestras fronteras con las muestras realizadas en Lisboa y Sao Paolo."
1047,TXT,"Alicante, 12 de julio de 2022.  El alcalde Luis Barcala ha destacado este martes “el orgullo y el ejemplo del deporte alicantino” que representa Nacho Peral, el alicantino de 54 años que acaba de batir dos récords de España en el Campeonato del Mundo de Apnea Indoor celebrado recientemente en Bulgaria, en el que acabó octavo y 13º del planeta en las modalidades de apnea dinámica con bialetas y monoaleta, respectivamente.

Barcala ha recibido a Peral, del que ha destacado su “tesón, constancia y fuerza de voluntad” para convertirse a su edad en uno de los “grandes competidores mundiales” de una disciplina tan exigente como la apnea en sus diferentes especialidades. “Nacho es un orgullo y un ejemplo del deporte alicantino, que lleva varios años paseando el nombre de nuestra ciudad por todo el mundo a base de esfuerzo y un gran sacrificio personal”, ha destacado el primer edil.

Arquitecto técnico de profesión, Ignacio Peral (Alicante, 19 de enero de 1968) también ha sido tres veces campeón de España por equipos con la Federación de la Comunidad Valenciana (2018, 2019 y 2022), campeón de España de apnea estática en 2019 y cuarto de Europa en la misma disciplina en Estambul (2019).

Peral ha practicado la pesca submarina desde su infancia y en 2017 comenzó a competir al máximo nivel internacional en apnea estática y dinámica. Entre 2019 y 2022 está considerado deportista de élite por la Comunidad Valenciana y de alto rendimiento del Consejo Superior de Deportes. “Mi próximo desafío es descansar”, ha destacado el deportista alicantino tras la recepción en alcaldía. “Quiero que mi legado deportivo sean las marcas que estoy consiguiendo y cuando me sienta fuerte para superar mis actuales registros, lo volveré a intentar”, ha añadido."
4152,TXT,"El alcalde de Alicante, Luis Barcala ha participado junto a la edil de Cultura, Mª Dolores Padilla, en la II Edición de Macrodonación de Sangre en el Teatro Principal. 
 Hasta las 21 horas, todas aquellas personas entre 18 y 65 años, con más 50 kg, pudieron acercarse en el día de ayer a colaborar con la causa.
 Por segundo año consecutivo, el Ayuntamiento de Alicante y la Fundación Banc Sabadell colaboran poniendo a disposición del Centro de Transfusión de la Comunidad Valenciana, el emblemático edificio del Teatro Principal para la macrodonación de sangre.
 Barcala ha querido ""agradecer a todos los alicantinos su solidaridad, y que siempre que son requeridos para una causa solidaria, respondan de una manera tan positiva"". Hoy el día no ha acompañado ""pero a pesar de ellos han sido centenares los ciudadanos que han acudido al Teatro a donar sangre"".
 ""Es impresionante ver como se ha transformado el Principal para una ocasión tan especial como esta, repleto de corazones rojos, en muestra del amor y la solidaridad tan presente en el día de hoy"".
 La provincia de Alicante necesita diariamente 250 unidades de sangre para cubrir la demanda de los hospitales. Las unidades que más demanda tienen son las de oncología, las intervenciones quirúrgicas programadas y partos,por lo que es fundamental que los ciudadanos acudan de manera periódica a donar sangre.Durante el año pasado, se registraron en nuestra provincia un total de 64.888 donaciones por parte de los 39.480 donantes, de los cuales 8.036 donaron por primera vez.
 En esta edición, ha colaborado Miguel Moreno Young, director de arte de MU Creative con el diseño de esta campaña y el director del festival de Cine de Alicante, Vicente Seva, con la realización del vídeo de promoción. También se han querido unir al evento con actuaciones durante el mismo: la Jove Companyia d'Alacant, Payospital, la Compañía de Danza José Soriano, la escuela En Danza de Marisa Pernias, el Conservatorio Superior de Música Óscar Esplá de Alicante, el Conservatorio Superior de Danza de Alicante, el Conservatorio Profesional de Música ""Guitarrista José Tomás"" de Alicante y el Conservatorio Profesional de Danza ""José Espadero"" de Alicante.
 La sangre no se puede fabricar y es la pieza clave para el tratamiento, la recuperación y la vida de muchos pacientes, y esto se consigue, gracias a las donaciones periódicas de los donantes y a la participación en estos grandes eventos."
2812,TXT,"La Concejalía de Deportes de Alicante hace público el reparto provisional de las subvenciones a deportistas de élite empadronados/as en el municipio de Alicante que practiquen especialidades deportivas de carácter individual durante la temporada 2018/2019.

Lo que se pone en público conocimiento."
328,TXT,"El vigésimo tercer Concurso de Música de Benidorm, especialidad marimba, ya tiene ganador, Pablo Mor. Profesional, natural de Valencia, graduado en Interpretación de Percusión por el Conservatorio Superior de Música de la ciudad del Turia y máster en la misma especialidad por la Universidad de Gdansk (Polonia).El Salón de Actos del Ayuntamiento de Benidorm albergó en la noche de ayer la final de la edición de ese año en la que actuaron los concertistas Jesús Iberti, con ‘Etude in E minor’ de Pius Cheung, ‘Chacona de la Partita para violín en Re menor’ de Johann Sebastian Bach y ‘Totem I’ de Arnold Marinissen; Kiko Asensi, que interpretó ‘Nocturne i  Gb Major de Cheung, ‘Variations on Porgy and Bess’ de Eric Sammut y ‘Merlin I y II’ de Andrew Thomas. Pablo Mor, por último, finalizó el recital con ‘Nocturne in Gb Major’ de Cheung, ‘Toccata’ de Anna Ignatowicz-Glińska y ‘Velocities’ de Joseph Schwantner.Tras el recital, se leyó el veredicto del jurado de la presente edición del Concurso, compuesto por Michal Dmochowski (violonchelo), Ángel Sanzo (piano), Luis González Martí (trompeta), Simon Diricq (saxofón), Savva Fatkulin (violín) y Conrado Moya (marimba), todos ellos profesionales de reconocido prestigio internacional. El resultado dictaminó que el primer premio sería para Pablo Mor, el segundo para Jesús Iberti; y el tercero para Kiko Asensi.Pablo Mor recibirá un lote de baquetas de marimba One de la Serie Corado Moya y además protagonizará el concierto de apertura del concurso del año que viene, remunerado por el Ayuntamiento. Iberti, otro lote de baquetas de marimba y seis noches en régimen de pensión completa de Hotel. Asensi, por último, dos vales de 200 euros cada uno en material musical y un fin de semana de hotel en régimen de alojamiento y desayuno. Los tres premiados, además, recibirán el correspondiente diploma acreditativo.El ganador del concurso será el protagonista el concierto de clausura durante la gala de entrega de premios que tendrá lugar mañana viernes, 8 de julio, a partir de las 21.00 h en el Salón de Actos del Ayuntamiento de Benidorm. La entrada al evento es gratuita y limitada al aforo del escenario."
3380,TXT,"Estudiaremos el contexto histórico, cultural y social del barrio ""El Mercado"" que se materializará en la producción y realización en un documental audiovisualEl Centro Cultural Las Cigarreras realiza el proyecto “MERCADO” promoviendo la participación comunitaria en base al proyecto “PANORAMA LAS CIGARRERAS-EDUSI”, de la Concejalía de Cultura, que se enmarca en la EDUSI ALICANTE perteneciendo a la Línea de Actuación 11, programa que conlleva, operaciones dirigidas a incrementar la integración social de las personas y a prevenir situaciones de exclusión social, fomentando la igualdad de género y el respeto a la diversidad, contando con la participación de los beneficiarios e impulsando el trabajo comunitario en red. 
 Con esta actuación, acercaremos a la ciudadanía alicantina la idiosincrasia de un vecindario característico de Alicante a través del estudio de su contexto histórico, cultural y social.
 Se trata de llevar a cabo un proceso de documentación e investigación a pie de calle, donde sus vecinos y agentes sociales son los protagonistas. La memoria y la estructura social recreadas en las últimas décadas por sus residentes es el germen de este proyecto, que no busca otra cosa que la de poner de relieve la naturaleza de un vecindario que representa la historia pasada y actual de Alicante. A través de la producción y realización de un documental audiovisual de manera directa y participativa por los vecinos/as se pondrá de manifiesto el carácter intrínseco de este barrio.
 GUILLERMO ALCALÁ-SANTAELLA, cienasta con gran experiencia en la disciplina del audiovisual, dirigirá este trabajo y contará con la colaboración de la A.VV Mercado – Plaza España 03004.
 Alcalá-Santaella crea su firma Marallavi Films en 2018 en Alicante. Desde sus inicios trabaja el guion, la dirección y la producción de sus cortometrajes de ficción (Nemesis, La petite fille, Continuidad de los parques y La Sierra. Además de los cortometrajes documentales Luneburg Hamburg (Alemania), Mbacke Cadior (Senegal) y My funny quarantine (rodado durante el confinamiento). Su último trabajo La casa de Coto, está pendiente de estreno (producción de Quatre Films).
 Además, en 2018 y 2019 dirige los Talleres de Cine Documental de las Concejalías de Juventud y Cultura del Ayuntamiento de Alicante.
 Para participar solo tienes que inscribirte en el siguiente formulario y nos pondermos en contacto contigo
 Este proyecto se enmarca en la Estrategia de Desarrollo Urbano Sostenible EDUSI Alicante – Área de Las Cigarreras, cofinanciado por el Fondo Europeo de Desarrollo Regional (FEDER) en el marco del Programa Operativo de Crecimiento Sostenible 2014-2020. Una manera de hacer Europa."
219,TXT,"Los ediles de Deportes, Vicente Alberola, y Turismo, Carles Molina, informan de que habrá partidos de fútbol, balonmano, fútbol sala, voleibol y baloncestoLos trofeos Festa d´Elx de este año se disputarán en ocho categorías distintas durante agosto y septiembre, tal y como ha informado el concejal de Deportes, Vicente Alberola, junto al concejal de Turismo, Carles Molina, y los presidentes del Elche Club de Fútbol, Joaquín Buitrago; Club Balonmano Elche, Juanjo Ávila; Club Voleibol Elche, David Agulló; del Club Baloncesto Ilicitano, Carlos Guerrero; y del FSF Joventut d´Elx, Esther Menárguez.El Elche Club de Fútbol, en este caso, su sénior femenino, disputará un encuentro el sábado 20 de agosto a las 19.30 frente a la UD Almería y el juvenil masculino jugará a las 17.00 horas de ese mismo día contra el juvenil almeriense. Ambos partidos se disputarán en el campo Enrique Cervera.Por parte del balonmano, el sénior femenino del Club Balonmano Elche disputará un triangular el viernes 19 (19.30 horas), sábado 20 (18.00) y domingo 21 (11.00 horas) frente al Granollers y el Málaga. Por su parte, el sénior masculino se enfrentará al Agustinos de Alicante el sábado 27 a las 19.00 horas. Todos los partidos se disputarán en el Pabellón Esperanza Lag.Consulta aquí los partidosEn cuanto al Fútbol Sala, el sénior femenino jugará el 20 de agosto a las 19.00 horas contra el Fútbol Sala Zaragoza en el Polideportivo de Carrús que, además “inaugurarán esta nueva sede de la cual estoy seguro que van a estar muy a gusto y van a conseguir resultados que en otras ocasiones no podrían lograr”, ha comentado Alberola. Por su parte, el equipo masculino disputará su encuentro ante el Pozo de Murcia B el 9 de septiembre, también en el Polideportivo de Carrús.Ese mismo día, pero a las 19.00 horas y en el Pabellón de la UMH el voleibol sénior masculino disputará un partido contra un equipo todavía por confirmar y en cuanto al baloncesto masculino, el Club Baloncesto Ilicitano el domingo 11 de septiembre a las 11.30 en el Esperanza Lag se enfrentará al Valencia Basket “otro de los grandes equipos de baloncesto de nuestro país”, ha indicado el edil de Deportes.El alcalde, además, ha recibido a los presidentes de los clubes y tanto él como Alberola y Molina, les han agradecido su esfuerzo para organizar los Festas d’Elx ante rivales importantes a nivel nacional.Por su parte, Molina ha señalado que “el deporte para el turismo de la ciudad es un segmento fundamental. Para nosotros es un polo de atracción para que la gente pueda conocer nuestra ciudad”.Los concejales han animado a la ciudadanía a asistir a estos eventos y disfrutar de las competiciones deportivas."
644,TXT,"El concejal de Cultura del Ayuntamiento de Torrevieja, Antonio Quesada, informa que el pasado martes, 14 de febrero, la Junta Rectora del Instituto Municipal de Cultura “Joaquín Chapaprieta” aprobó en sesión extraordinaria el CONVENIO DE COOPERACIÓN EDUCATIVA REGULADOR DE LAS PRÁCTICAS EXTERNAS con la Universitat Internacional Valenciana (VIU).Antonio Quesada ha indicado que estas prácticas se realizarán a través del Conservatorio Profesional de Música “Francisco Casanovas”, que será el encargado de colaborar y participar en el desarrollo formativo y profesional de los universitarios en el marco de titulaciones oficiales y propias de la VIU y, por ello, llevará a cabo la labor de Centro de prácticas externas de carácter curricular y extracurricular.VIU es una entidad de Derecho Privado dotada de personalidad jurídica propia, que desarrolla actividades de docencia e investigación interesada en colaborar con los sectores socio-económicos, empresas y demás representantes sociales, para asegurar la mejor formación e inserción laboral de sus estudiantes y titulados/as.Las prácticas académicas externas constituyen una actividad de naturaleza formativa realizadas por los alumnos universitarios y supervisadas por las universidades, cuyo objetivo es permitir a los mismos aplicar y complementar los conocimientos adquiridos en su formación académica, favoreciendo la adquisición de competencias que los preparen para el ejercicio de actividades profesionales, faciliten su empleabilidad y fomenten su capacidad de emprendimiento."
3814,TXT,"El pasado viernes 13 de marzo se iba a realizar otra sesión del taller, pero fue suspendida debido al cierre de todos los museos y centros culturales de la ciudad.
 
 Hemos preparado para esta ocasión una versión online del taller, con el material necesario para que lo podáis realizar desde vuestras casas. Si quieres hacerlo, necesitarás: material para escribir y dibujar (folios, libretas, bolígrafos, etc), una regla o superficie para poder trazar líneas, ordenador con acceso a internet y el documento con el material del taller en este PDF
 Para guiar el taller, Carlos ha preparado una audioguía a la que se puede acceder a través del siguiente enlace: https://youtu.be/Vmq__tk0ZA4
 Y por último, si realizas el taller, puedes enviar el material generado por email a la siguiente dirección: karrajo@gmail.com, o respondiendo a este email, o por whatsapp al teléfono 699279722.
 En la frontera del arte visual y el arte sonoro se sitúa el grafismo musical. En cierto ámbito de la música contemporánea, las partituras han pasado de tener un carácter eminentemente funcional, siendo un código establecido entre compositor e intérprete, a seguir un proceso gradual de flexibilidad, ganando en subjetividad, hasta convertirse en ocasiones en objetos artísticos en sí mismas.
 Talleres prácticos en los que se dará a conocer ejemplos reales de diferentes artistas y compositores, se conocerán diferentes vínculos que hay entre la creación musical y la visual y se realizarán actividades basadas en la participación y la creatividad.
 Dirigido a personas interesadas en el arte visual y/o en el arte sonoro y la música. A partir de 8 años de edad acompañados de una persona adulta.
 Lugar: MACA, Museo de Arte Contemporáneo de Alicante
 Fechas: 17 de enero, 14 de febrero, 13 de marzo, 3 de abril, 15 de mayo y 12 de junio."
3988,TXT,"Alicante. Jueves 27de junio de 2019. El alcalde de Alicante, Luis Barcala, ha asistido esta tarde al homenaje al antiguo director del IES Cabo de la Huerta, Vicent Berenguer, con motivo de su jubilación, después de tres décadas en el centro educativo, el primero de Secundaria que se inauguró en la zona de playas. En el acto también tomó parte la concejala de Educación, Julia Llopis, así como una amplia representación de la comunidad educativa y del claustro del instituto. 
 Medio centenar de personas acompañaron al alcalde, al director del instituto y a los homenajeados -el ex director Vicent Berenguer y el profesor recién jubilado Benigno López- en el curso del acto, donde se vivieron momentos de emoción al recordar la trayectoria humana y profesional de ambos docentes. 
 El alcalde Luis Barcala ha destacado el hecho de que el parque adjunto al instituto llevará el nombre de Vicent Berenguer en reconocimiento a su labor y respondiendo a la propuesta del AMPA y la comunidad educativa, que han recogido firmas para que se este espacio lleve su nombre. El jardín interior del instituto lucirá también una placa en recuerdo del ex director y del profesor y secretario Benigno López, que también ha llegado a su final de vida de empleado público.
 Además del alcalde, el nuevo director del instituto y representantes del equipo administrativo han tomado la palabra en el encuentro para subrayar “el tandem perfecto” que han representado estos últimos años Berenguer y López al frente de la dirección y de la secretaría del instituto. “Han sido unos magníficos compañeros y profesores”, han resaltado. 
 El homenaje se ha completado con la celebración del trigésimo aniversario del IES, cuya trayectoria se ha resumido en una exposición de artículos de prensa sobre acontecimientos del instituto a lo largo de estos 30 años de labor educativa y conexión con el barrio."
1503,TXT,"Las Fiestas Mayores de Elda han presentado su I Concurso de Fotografía, que se desarrollará en las instalaciones de los Salones Princesa. En ese sentido, el plazo para presentar las obras permanecerá abierto desde el 1 hasta el 18 de febrero, estando previsto el fallo del jurado para el día 23 del mismo mes.

Las fotografías deberán estar relacionadas con las Fiestas Mayores de Elda, bien sobre la traca y los globos o bien sobre los actos litúrgicos y procesionales. Una vez resuelto el fallo, el 1 de marzo se llevará a cabo la entrega de premios, donde el vencedor recibirá 200 euros y un trofeo, el segundo clasificado 100 euros y un trofeo, y el tercero será agraciado con 50 euros y un trofeo. A partir de ese momento, y hasta el 10 de marzo, permanecerá abierta al público la exposición fotográfica en los mismos Salones Princesa que gestiona AMFI con su presidente Andrés Molina al frente, quien se ha mostrado agradecido tanto a la Cofradía de los Santos Patronos como al Ayuntamiento de la ciudad asegurando que “los Salones Princesa tienen las puertas abiertas para todos los eldenses”.

Del mismo modo, el presidente de la Cofradía de los Santos Patronos, Ramón González, ha señalado que este concurso de fotografías “supone una ventana de aire fresco para el archivo fotográfico de nuestras Fiestas Mayores”, agradeciendo el esfuerzo realizado por José María Verdú y Manuel Obrador, integrantes de la Comisión de la Traca y los Globos e impulsores del concurso: “Han puesto el trabajo, el empeño y la ilusión necesarias para que estos proyectos salgan adelante”.

Por su parte, la concejala de Fiestas, Laura Rizo, ha destacado la importancia de esta iniciativa, ya que “sienta un precedente en la creación de un archivo fotográfico de las fiestas, y si se mantiene con el paso de los años podremos tener una importante remesa de instantes y momentos que lo van a hacer posible todos los eldenses”.

Cabe recordar que las obras podrán presentarse en la Librería Ictis o el en Instituto Bazán, ambos situados en la Plaza Mayor de Elda, dentro de sobres cerrados donde debe aparecer el título ‘I Concurso de Fotografía de Fiestas Mayores de Elda’, así como el remite del interesado. Además, dentro del mismo, y junto a las fotografías, se deberá adjuntar el boletín de inscripción debidamente cumplimentado. El resto de bases del concurso se pueden conocer en el siguiente enlace."
3416,TXT,"Alicante, 9 de mayo de 2021. Una selección con las mejores obras de los alumnos del Bachillerato Artístico del Instituto de Enseñanza Secundaria Playa de San Juan se exponen en la sala principal del Centro Municipal de las Artes, situado en el centro histórico de la ciudad, hasta el 28 de mayo.
 La Concejalía de Cultura de Alicante, la dirección del centro educativo y las profesoras responsables de su departamento artístico se han implicado para que el trabajo creativo de los alumnos tanto en fotografía, pintura, dibujo y escultura, entre otras especialidades, se vea presentado e iluminado de forma profesional en una galería de calidad: la sala principal de exposiciones del Centro Municipal de las Artes.
 La Concejalía dirigida por Antonio Manresa y el IES comandado por Aurora Árias han hecho realidad la muestra “Explayarte 2021”, con más de 200 obras, que se han montado en varios niveles de la sala del Centro de las Artes, situada en el casco histórico. La exposición cuenta con su propio cartel, realizado por una de las alumnas del instituto, Sabrina Herrera, dentro de las materia de Diseño.
 Trabajos de alumnos de 1º y 2º
 “Explayarte 2021” exhibe, principalmente, trabajos de estudiantes de segundo curso de Bachillerato Artístico. La sección de la muestra nutrida con volúmenes es fruto de la actividad de los alumnos de primero, según explica la coordinadora de la muestra, la profesora María Josep Colomina.
 La presentación pública de la exposición se realizó con una transmisión en directo por streaming la tarde del pasado jueves, en la que intervinieron el concejal de Cultura, la directora del IES, algunos profesores y una representación de los alumnos.
 Explayarte es una iniciativa conjunta del IES Playa de San Juan y la Concejalía de Cultura, que gestiona el Centro de las Artes, con la que se promociona el trabajo interno que a lo largo del curso realizan alumnos y profesores de su Bachillerato Artístico. Las profesoras María Josep Colomina, María Fernanda Taba, Eugenia Funes y Maite Encinas sobresalen al frente de la formación de estos alumnos que cursan un bachiller especializado.
 Las personas interesadas en recorrer la exposición podrán ver obras de diferentes soportes y formatos, con dibujo artístico, técnicas de expresión gráfico – plásticas, piezas realizadas a lápiz, pasteles, acuarelas, tinta china, bolígrafo, acrílicos, fotografía, cartelería, pequeñas esculturas y volúmenes, entre otras.
 La exposición podrá ser visitada de 9.30 a 14.00 horas y de 16.30 a 20.00 horas, de lunes a viernes, en el Centro Municipal de las Artes, situado en la Plaza de Quijano, 2, en el barrio histórico.
 En la imagen, una perspectiva del resultado del montaje de la muestra, en la sala principal del Centro de las Artes."
479,TXT,"Los concejales de Seguridad Ciudadana y de Emergencias y Protección Civil, Antonio Sánchez y Guillermo Cánovas respectivamente, han presentado hoy el dispositivo de seguridad diseñado para el Mercado Medieval, que se celebrará en Orihuela los días 3, 4 y 5 de febrero. En este sentido, Antonio Sánchez ha explicado que el plan de seguridad es resultado de la reunión de la Mesa de Seguridad del pasado lunes, en la que participaron Policía Nacional, Guardia Civil, Policía Local, Protección Civil, Cruz Roja y Bomberos. “Se ha establecido un dispositivo para garantizar que sea un mercado más seguro”, ha dicho el concejal de Seguridad Ciudadana, quien ha indicado que “el objetivo es que no se produzca ningún incidente y, en caso de producirse, pueda resolverse con la mayor brevedad posible”. De este modo, la Policía Local bloqueará los accesos al Mercado Medieval con vehículos y desplegará un servicio especial compuesto por 18 agentes. En concreto, habrá cuatro motoristas, un agente encargado del servicio de grúa, seis agentes a pie a lo largo del recorrido, cinco agentes fijos en distintos puntos del mercado y miembros de la Unidad de Medios Aéreos que controlarán el evento mediante drones. Asimismo, Sánchez ha informado de los puntos habilitados para el aparcamiento de vehículos. En este sentido, se han puesto a disposición de los visitantes el aparcamiento que hay frente al colegio Antonio Sequeros en el Palmeral, el vial que une la N-340 y el centro comercial Ociopía y la avenida Príncipe de Asturias. Además, se ha acondicionado un solar situado tras el centro de salud Álvarez de la Riva, propiedad de Promociones Inmobiliarias Sol y Sal que los ha cedido con motivo del Mercado Medieval. Del mismo modo, Pemar Urbanizaciones y Proyectos ha prestado otro solar situado junto a la gasolinera de la carretera de Beniel con el mismo propósito. “Agradecemos mucho la disposición de estos particulares. En esos solares caben cientos de vehículos y se han habilitado como aparcamiento y se ha puesto luz”, ha dicho el edil. Del mismo modo, Sánchez ha destacado la colaboración de otras áreas del Ayuntamiento, como las de Urbanismo, Infraestructuras, Cultura o Limpieza Viaria, con el fin de preparar la ciudad para el Mercado Medieval. Por su parte, Guillermo Cánovas ha informado de los medios que desplegará el servicio de Protección Civil durante el Mercado Medieval. “Se ha establecido un preventivo para que los visitantes puedan sentirse seguros y tranquilos, ya que se espera una afluencia masiva”, ha dicho el concejal. Así, la Concejalía de Emergencias y Protección Civil ha previsto un Puesto de Mando Preventivo que se situará en el Puente de Poniente y que coordinará las llamadas de emergencias a los distintos cuerpos de seguridad y emergencias. Asimismo, Protección Civil depositará un walki-talkie en el parque de Bomberos de Orihuela para que la comunicación sea directa. También se instalarán tres puestos asistenciales, uno de ellos en el propio Mando Preventivo, en los que habrá personal sanitario de Cruz Roja y miembros de Protección Civil y donde se repartirán pulseras identificativas para niños que permitan localizar rápidamente a sus padres en caso de pérdida. Los otros dos estarán ubicados en el paseo Calvo Sotelo y en la Plaza de la Salud."
2620,TXT,"Alicante, 21 de octubre de 2021. El Ayuntamiento de Alicante informa que con motivo de la celebración del ‘Alicante Triatlón 2021’ la Concejalía de Seguridad, Movilidad y Tráfico ha organizado un amplio dispositivo especial con más de cuarenta agentes de Policía Local para llevar a cabo los cortes de calles y regular los accesos durante este fin de semana, y poder celebrar el evento deportivo con el cierre del frente del litoral, desde el sábado 23 y al domingo 24 de octubre para la celebración de la prueba.

El dispositivo dará inicio sábado 23 de octubre, cortando el tráfico desde las 07:00 y hasta las 13:45 horas, en la avenida de Villajoyosa en ambos sentidos de circulación, hasta el cambio de sentido existente a la altura de los apartamentos Rocafel, la Plaza Puerta del Mar parcialmente cortada al tráfico, bajo control y supervisión de la Policía Local, la Avenida de Juan Bautista Lafora, sólo sentido Valencia, y la calle Jovellanos sólo sentido Valencia, y Virgen del Socorro y Jorge Juan.

Desde el Ayuntamiento informan también de las siguientes afecciones al tráfico y limitaciones en la accesibilidad para celebrar este evento deportivo, en la Estación de la Marina de F.G.V, la playa del Cocó, Club de Regatas, Isla Marina, Restaurante la Cantera, la zona ADOC y el Hotel Albahia, con posibilidad de gestión con paso alternativo a través de la calle Sol Naciente bajo criterio, control y supervisión de la Policía Local, desde la Isleta, y la zona Sangueta, así como las calle Madrid, San Cayetano y Santa Ana.

Además informa que la Policía realizará precortes con filtraje progresivo del tráfico, bajo su criterio, control y supervisión en la avenida de Elche sentido Valencia en sus diferentes intersecciones con calles México, Federico Mayo, avenida Oscar Esplá, así como en avenida de Loring en su intersección con calle Canalejas, y corte físico del tráfico en Plaza Puerta del Mar con Avda. Juan Bautista Lafora.

Está previsto realizar corte de tráfico con control policial en la intersección entre Avenida Villajoyosa y calle Jovellanos a la altura de la calle San Cayetano, con posibilidad de circulación procedente de avenida de Denia por Jovellanos sentido Murcia, avenida Villajoyosa a la altura de La Isleta en el acceso sólo residentes y servicios de emergencias, y el desvío del tráfico general por avenida Albufereta con la avenida de Denia. Cortes de tráfico en todas las intersecciones y posibles calles que puedan incorporar tráfico a las zonas afectadas por las ocupaciones, bajo control y supervisión de la Policía Local.

Afecciones al tráfico el domingo 24 octubre

El domingo 24 de octubre, desde las 6 hasta las 13 horas, se va a cortar el tráfico en la avenida Juan Bautista Lafora y la calle Jovellanos, en ambos sentidos de circulación, la avenida Villajoyosa en ambos sentidos de circulación, hasta el cambio de sentido existente a la altura de los apartamentos Rocafel. La Rotonda intersección entre calle Canónigo Manuel Penalva y avenida de Denia queda cerrada al tráfico con la posibilidad de acceso al centro comercial desde Padre Esplá y salidas por Padre Arrupe la avenida de Denia y Obispo Victorio Oliver a la avenida de Denia por el carril exclusivo que conecta con dicha avenida sin pasar por la rotonda.

Además  está previsto cortar la calle Canónigo Manuel Penalva – Vazquez de Mella – avenida Jaime II sentido Valencia, con la posibilidad de circulación por el sentido centro ciudad de este itinerario, y cortes de tráfico en todas las intersecciones que permitan incorporarse al sentido Valencia, ocupado por la prueba.
Asimismo se va a cortar la Rambla Méndez Núñez en ambos sentidos de circulación y las calles que desemboquen en ella, la calle San Fernando, tramo comprendido entre Rambla y calle Cervantes, la calle Cervantes, tramo comprendido entre calle San Fernando y Plaza Puerta del Mar, y la Plaza Puerta del Mar, parcialmente cortada al tráfico, bajo criterio, control y supervisión de la Policía Local. Gestión de accesibilidad de la zona portuaria bajo criterio, control y supervisión de la Policía Local.

Desvíos alternativos en Alicante

La Concejalía de Tráfico informa de los siguientes itinerarios alternativos con posibilidad de circulación en sentido Murcia - Valencia por el corredor de las avenidas de Elche, Oscar Esplá, Salamanca, de la Estación, Alfonso El Sabio, y su prolongación hasta avenida de Denia, en el caso de resultar insuficiente la capacidad de este cinturón, posibilidad de circulación por el corredor las avenidas de Elche, Gran Vía, Denia.
Las posibilidades de circulación en sentido Valencia - Murcia por el corredor avenidas Denia, prolongación Alfonso El Sabio, Alfonso El Sabio, de la Estación Salamanca, Oscar Esplá y de Elche. En el caso de resultar insuficiente la capacidad de este cinturón, posibilidad de circulación por el corredor avenidas Denia, Gran Vía, de Elche. Comunicación rodada con la zona de playas con la posibilidad de circulación por las Avenidas Albufereta y Vía Parque.
Prohibición de estacionamiento.

Desde las 8:00 horas del viernes 22 de octubre no se podrá aparcar en el Passeig de Gomiz, y en todo el itinerario desde el día 24 de octubre a las 5:00 horas, hasta la finalización del evento, y la Rambla desde las 22 horas, del 23 de octubre."
151,TXT,"Continúan las visitas guidas por los 125 años del descubrimiento de la Dama de ElcheLa compañía Joglars presentará este domingo 11 de diciembre a las 19:00 en el Gran Teatro ¡Qué salga Aristófanes!, su obra número 40 con la que cumple su 60 aniversario. Una representación que muestra los conflictos a los que se enfrenta un profesor que ha sido destituido de su cargo en la universidad y pasa sus días en un centro de reeducación.Además, el Gran Teatro también subirá a su escenario a Kokkei, un espectáculo teatral sobre las antiguas tradiciones de un pequeño pueblo de México y a la zarzuela La rosa del azafrán, una adaptación de la comedia de Lope de Vega El perro del hortelano.La Lonja acogerá una gala de mágia presentada por Pier Laconi, quien cuenta con un Guiness World Récord.Un nuevo mundo y Un héroe samurái: La leyenda de Hank serán las películas que se proyectarán en los Cines Odeón. La primera será proyectada de miércoles a domingo y la película infantil se podrá disfrutar el fin de semana.Los sábados y domingos continúan las visitas guiadas por el 125 aniversario del descubrimiento de la Dama de Elche.GRAN TEATROKokkeiViernes, 09 de diciembre20:00Precio: 10, 12 y 15€Duración: 80 minutos.Sinopsis: En un pequeño pueblo de México se venera por tradición a vírgenes y a otros santos mediante el sacrificio de gallinas negras.Itke, un niño del pueblo, ha criado a Kokkei desde que era un pollito. Ahora se ha convertido en una hermosa gallina negra.Un día, el padre de Itke lleva a Kokkei al templo para que, conjurada y delante de Dios, cumpla su misión. Itke la toma antes de ser degollada y huye lejos para liberarla en un gran corral. Pensó que sería lo mejor, pero lo que no imaginó es que eso implicaría sacrificar a todas las gallinas negras del corral.Venta: Taquilla del Gran Teatro o InstanticketLa rosa del azafránSábado, 10 de diciembre20:00Precios: 14, 18 y 22€Duración: 120 minutosInformación: La rosa del azafrán es una zarzuela en dos actos, adaptación libre de la comedia de Lope de Vega El Perro del Hortelano, con música de Jacinto Guerrero. El libreto original es de Federico Romero Sarachaga y Guillermo Fernández-Shaw Iturralde.El tema es clásico: el amor entre dos personajes de diferentes clases sociales. El nombre de la obra hace referencia a que el amor es tan frágil como esta flor peregrina “que brota al salir el sol y muere al caer la tarde”Venta: Taquilla del Gran Teatro o Instanticket¡Que salga Aristófanes!Domingo, 11 de diciembre19:00Precio: 20, 22 y 24€Duración: 85 minutosSinopsis: Un profesor de clásicas ha sido destituido de su cargo en una universidad y pasa sus días en un centro de reeducación. En su cabeza se mezcla la realidad y la ficción, lo cual le comporta diferentes conflictos con la dirección del centro.Empieza aquí un debate para reflexionar sobre los límites de la moral y la libertad de expresión.Venta: Taquilla del Gran Teatro o InstanticketCINES ODEÓN:Un nuevo mundoDel miércoles 7 al domingo 11 de diciembre17:30 / 20:00 / 22:30Sala AVenta: Taquilla o InstanticketSinopsis: La vida de Philippe está eclipsada por las exigencias de su trabajo, esto conlleva a que su esposa abandone su matrimonio y tenga que hacer balance y decidir el nuevo sentido de su vida.Un héroe samurái: La leyenda de HankSábado 10 y domingo 11 de diciembre17:30Sala BVenta: Taquilla o InstanticketSinopsis: Hank tiene el sueño de convertirse en samurái y parte en busca de su destino.Precios Cines OdeónEntrada general: 3€Miércoles (día del espectador): 1,5€ (gratis con la tarjeta dorada del Ayuntamiento)Jueves: Gratis para estudiantes de secundaria, bachillerato y de la Universidad de Elche (acreditándolo con el carnet del centro educativo).Filmoteca en VOSE: Jueves a las 20:00 y 22:30.L ‘ ESCORXADORCon mi papá y con mi mamá. Talleres de arte en familia: Arquitectura, Piratas y Arcilla.Sábado, 10 de diciembre y domingo, 11 de diciembre.De 11:00 a 13:00.Sala Plàstiques.Previa inscripción: A partir del lunes 5 de diciembre desde las 08:00 mandando un correo a arteparaleche@gmail.com.Información: Taller infantil de arte de arcilla y reutilización de materiales en el que se conocerá cómo fue la defensa en la costa de Alicante ante la llegada de los piratas y cuál fue la importancia estratégica de la isla de Tabarca.LA LLOTJAGala de mágia presentada por Pier LaconiViernes, 9 de diciembre21:00Precio: 11€ anticipada y 13€ en taquilla el día del espectáculoVenta de entradas: Taquilla del Gran Teatre, una hora antes del espectáculo en la taquilla de La LlotjaInformación: La Gala de Magia es un espectáculo de distintas disciplinas mágicas presentado por Pierpaolo Laconi, un mago de pompas de jabón conocido como Whitedream que cuenta con un World Guinness Record.MAHEExposición “La Dama Viajera. El periplo de la escultura más famosa del arte ibérico”Del viernes 25 de noviembre de 2022 al 30 de abril de 2023Lunes a sábado de 10:00 a 18:00 y domingos y festivos de 10:00 a 15:00Exposición gratuitaSala de exposiciones temporales del MAHEInformación: Exposición gráfica y audiovisual que recorre a través de 10 stands el periplo que condujo a la Dama D’Elx desde su descubrimiento en La Alcudia hace 125 años, pasando su llegada hasta el Museo del Louvre y terminando hasta el segundo préstamo a Elche en 2006.125 años del descubrimiento de la Dama d’ ElxSábados y domingos a la 13:00Visitas guiadasSala de la DamaMás información y reservas: 966 658 203.BIBLIOTECASSala de préstamo de la Biblioteca Pedro IbarraExposición “60 Anys d’un Diccionari”Del 19 de octubre de 2022 al 14 de enero de 2023Horario: De lunes a viernes de 9.00 a 21.00 horas. Sábados de 9.00 a 13.00 horas.Información: Sesenta aniversario de la finalización del Diccionari català-valencià-balear, 1962-2022.Cuentacuentos: La Navidad te cuenta…Lunes, 12 de diciembre17.30GratuitoMaestre Pep Sempere*Nota: Esta actividad corresponde a la agenda de la semana que viene.CAPILLA LAS CLARISASExposición de Germán Bernácer, el economista-humanista alicantino más universal.Del 3 de noviembre al 4 de diciembreMartes a sábados de 10 a 14 horas y de 15 a 18 horasDomingos y festivos de 10 a 14 horas.Información: La muestra conmemora que se cumplieron 90 años desde que Germán Bernácer, uno de los padres de la macroeconomía, se incorporara al Banco de España para dirigir, junto con Olegario Fernández-Baños, el recientemente creado Servicio de Estudios del banco emisor.CLAUSTRO DE LAS CLARISASExposición de esculturas de Roy Ledgard “Las manos que tallaron las palmeras”Del 24 de noviembre al 18 de diciembreInformación: Se trata de 15 esculturas realizadas en madera de palmera. Exposición organizada con motivo del aniversario de la declaración del Palmeral d’ Elx como Patrimonio de la Humanidad.LONJA MEDIEVAL Y CALAHORRAExposición de Tomás Almela ParreñoDel 11 de noviembre al 8 de eneroInformación: Artista ilicitano que expondrá su obra más importante, llevada a cabo durante sus 96 años de edad. Un homenaje compuesto por 50 obras pictóricas, 6 dibujos, fotografías personales, documentos, apuntes, premios y la recreación de su estudio.ESPACIO HERNANDIANO¿Si puedo pagar no me hace falta pensar?Sábado, 10 de diciembre.11:00.Entrada gratuita.Información: Coloquio sobre “Qué es ilustración” de Immanuel Kant, con José Antonio Cuenca y Ángel Martín, ambos profesores de filosofía.ÓRDEN TERCERAExposición colectiva del concurso “Primer Premio de Arte Textil Contemporáneo 2022”Del 22 de noviembre de 2022 al 30 de enero de 2023De martes a sábados de 10:00 a 14:00 y de 15:00 a 18:00 / Domingos y festivos de 10:00 a 14:00GratuitaInformación: La Concejalía de Cultura colabora con el Instituto Alicantino de Cultura Juan Gil-Albert, el cual es el creador del Premio Arte Textil Contemporáneo. La exposición consta de 21 obras galardonadas y los premios alcanzan el valor de 12.000 euros.JUVENTUD:Estampación y tintura textilLos martes del 11 de octubre al 13 de diciembre de 202217:30 a 19:30Sala Joven Las BayasDe 12 a 30 añosInformación: Aprende a estampar y tintar tus prendas y dales un nuevo toque creativo y personal. En este taller aprenderás a utilizar diferentes técnicas, herramientas y materiales que te permitirán customizar tus prendas de manera manual y podrás darles un punto de color.Cocina por el mundoLos lunes del 3 de octubre al 19 de diciembre18:30 a 20:30Sala Joven CarrúsDe 14 a 25 añosInformación: Aprende a cocinar platos de otras partes del mundo.Guitarra española para tiLos martes del 27 de septiembre al 20 de diciembre18:00 a 20:00Sala Joven CarrúsDe 14 a 25 añosInformación: Continuación del curso de guitarra para acampadas, fiestas y ratos buenosManualidades solidariasLos miércoles del 5 de octubre al 14 de diciembre18:00 a 20:30Sala Joven CarrúsDe 14 a 25 añosInformación: Crearemos manualidades: pulseras, carteras, atrapasueños… y las donaremos a una asociación para recogida de fondos para un acto benéfico."
2534,TXT,"Alicante, 10 de mayo de 2022.- El programa Zoom Tendencias, de RTVE, ha dedicado un amplio reportaje a recorrer lugares emblemáticos de Alicante de la mano del Patronato de Turismo Alicante City&Beach. El espacio, emitido el pasado domingo, incluye un viaje entre Jávea y Alicante. Al llegar a la ciudad, la jefa de Estrategia Turística del Patronato Alicante City&Beach, Elena Lumbreras, acompaña a la redactora Mercedes Cámara a la Plaza de Santa María para mostrar la Basílica y el MACA, así como una vista privilegiada del Castillo de Santa Bárbara desde la terraza de un hostal de la plaza. Entre las curiosidades se muestra el efecto visual de la coronación de la Virgen en la portada de la basílica y también se explica la dinamización turística de la fortaleza. El recorrido continúa por el Mercado Central y el Centro Cultural de Las Cigarreras, donde la coordinadora de exposiciones, Carolina Fuentes, muestra la última exposición de Miguel Lillo y resume las actividades que se realizan en este espacio. También hay espacio para la gastronomía y Zoom Tendencias destaca que la provincia cuenta con 12 restaurantes que suman 16 estrellas Michelin, al tiempo que se destaca la oferta cultural de Alicante que se suma a sus excelentes playas. El viaje termina en la playa de Urbanova donde el programa televisivo visita el restaurante Moments. Para el Patronato Municipal de Turismo esta “escapada” a Alicante de Televisión Española supone una notable promoción del destino y no sólo a través de la pantalla sino también de las redes sociales donde Zoom Tendencias cuenta con miles de seguidores."
1616,TXT,"El alcalde de Alicante, Luis Barcala, ha anunciado este sábado en el transcurso de la cena de “Fogueres en Nadal” que las Jornadas de Promoción de la Fiesta -denominadas comúnmente como Convivencias- se desarrollarán en Córdoba desde el 23 al 26 de marzo. “La proximidad y todo lo que de cultural ofrece Córdoba suponen una magnífica ocasión para que el mundo de la Fiesta siga conociendo esta capital andaluza. Además, hay que tener en cuenta que son muchos los andaluces residentes en Alicante, con familiares en Córdoba, que posibilitarán el viaje a nuestra capital en junio. El viaje supondrá un doble intercambio: el cultural, de Córdoba hacia Alicante; y el festivo, de Alicante a Córdoba”, ha explicado el alcalde ante un millar de comensales que han completado los distintos salones de un restaurante alicantino. El primer edil ha estado acompañado por la vicealcaldesa Mari Carmen Sánchez; el concejal de Fiestas, Manuel Jiménez, e integrantes de la Corporación Municipal.

La Bellea del Foc, Belén Mora Rosado, ha deseado una Feliz Navidad acompañada por sus Damas de Honor. Antes, ha sido la presidenta de la Federació de Fogueres, Toñi Martín-Zarco Marín, quien se ha dirigido a los asistentes expresándoles también los mejores deseos para 2023.

Córdoba será la quinta capital de Andalucía en albergar las Convivencias -ahora Jornadas de Promoción de la Fiesta-. Anteriormente lo fueron Almería, Granada, Málaga y Sevilla.

El calendario de actividades de Hogueras se retomará el 8 de enero con la primera mascletà, organizada por la Federació, dentro del ciclo “Mascletà 365”. Será disparada, a las 14 horas, en un lugar todavía por determinar. El fin de semana siguiente es el previsto para las proclamaciones. El sábado 14, el de la Bellea del Foc, Belén Mora Rosado, y sus Damas de Honor -Andrea Postigo Portes, Paula Carpena Julián, Alba Martínez Quintanilla, Alba Martínez Anaya, Belén López Molina, y Carolina García Rodríguez-. El domingo 15 será el momento de la infantil Inés Llavador Castelló y sus Damas de Honor -Martina Espuch Abengózar, Paula Saiz Ferrándiz, Inés García Castaños, Carla Gómez Polo, Martina Irles Jarrín, y Carmen Gómez López. Ambos actos se desarrollarán en el Teatro Principal. El primero de ellos, a partir de las 19.30 horas; el segundo, desde las 18.30 horas."
3861,TXT,"La Concejalía de Cultura, que dirige Antonio Manresa, ha organizado en el Centro Cultural Las Cigarreras el seminario 'Performance art', que se llevará a cabo desde el 10 al 21 de diciembre. Este taller gratuito se desarrollará en el recibidor de la Casa de la Música de Cigarreras y será impartido por el profesor Miguel Andrés.
 Este seminario ofrece al alumnado conocer y experimentar el 'performance art' utilizando el cuerpo como herramienta de trabajo indivisible del individuo y como eje central de todas las investigaciones que se desarrollarán en el aula. Pretende acercar este movimiento artístico a la sociedad, comprendiendo este arte como una herramienta de transformación social y personal. Además, el profesor Miguel Andrés aclara que el seminario tiene como objetivo ""constituir un espacio de reflexión y debate colectivo"" que busca que los participantes ""puedan sacar lo que cada uno lleva dentro"".
 El concejal de Cultura del Ayuntamiento de Alicante, Antonio Manresa, resalta la importancia de este taller en la actualidad ""porque es clave para la sociedad invertir en la promoción y el conocimiento del arte contemporáneo y en este caso del 'performance art'"".
 El seminario está dirigido a adultos a partir de 16 años (los menores de edad tendrán que presentar una autorización del padre, madre o tutor legal) que quieran explorar el cuerpo como elemento de trabajo. Tiene un cupo máximo de 30 plazas.
 La presentación del seminario será el 3 de diciembre a las 19:00 horas en la Caja 1 de las Cigarreras. El seminario se desarrollará de lunes a viernes de 17:00 a 21:00 horas entre los días 10 y 20 de diciembre. Finalmente, el 21 de diciembre se clausurará el taller con una presentación del proyecto mediante la representación de una obra. Este proyecto se enmarca en la Estrategia de Desarrollo Urbano Sostenible EDUSI Alicante – Área de Las Cigarreras, cofinanciado por el Fondo Europeo de Desarrollo Regional (FEDER) en el marco del ""Programa Operativo de Crecimiento Sostenible 2014-2020. Una manera de hacer Europa"".
 Miguel Andrés
 Nacido en Yecla (Murcia), Miguel Andrés es un performer y artista visual cuyo trabajo se centra en la experimentación con el performance art y el vídeoarte, así como por la difusión de éstas a través de su proyecto Performance Art School.
 Su obra destaca por su marcado carácter crítico con la sociedad contemporánea, especialmente con el capitalismo y la sociedad de consumo. Con su trabajo buscar despertar conciencias y aspira a un mundo en el que la justicia social y los derechos humanos sean una realidad, lo que le convierte en un artista comprometido con el activismo político.
 Su pieza 'System' ha sido proyectada en múltiples conferencias de Joan Fontcuberta, exhibida en decenas de festivales e instituciones y ha recibido diversos premios y menciones. Además forma parte de la colección permanente del MACVAC.
 En el plano docente, ha sido profesor en Inperiencia (Centro de Investigación escénica de Palma) y ha realizado diversos cursos, talleres y seminarios para L'estruch (Centre de les arts en viu de Sabadell), Marte (Feria de Arte Contemporáneo de Castellón) y Young Gallery Weekend (Festival de Arte Emergente de Barcelona).
 Inscripciones
 El taller es gratuito y las inscripciones estarán abiertas hasta el 9 de diciembre en https://www.alicante.es/es/area-tematica/centro-cultural-las-cigarreras"
3745,TXT,"El concejal de Cultura, Antonio Manresa, ha presentado la V Gala Cofrade de Alicante ""Solidaria con el Proyecto Hermano Sol"", que se celebrará el próximo 22 de marzo en el Aula Cultural de la CAM a las 18:30 horas y está organizada por la Hermandad Penitencial de la Humildad y Paciencia. Al acto de presentación, llevado a cabo en el Centro Municipal de las Artes, ubicado en la Plaza de Quijano, también han asistido: Daniel López, presidente de la Hermandad Humildad y Paciencia; Luis Romero, presidente de Fecuas (Federación de Casas de Andalucía) y Mª Carmen Torres, vicepresidenta de Asociación Social y Cultural Proyecto Hermano Sol. La recaudación irá destinada a la creación de una escuela de música en el área de Rabasa-San Agustín-Tómbola para niños sin recursos.
 El concejal de Cultura, Antonio Manresa, ha indicado que ""el Ayuntamiento debe apoyar este tipo de iniciativas cuyo objetivo es ayudar a niños en riesgo de exclusión social"". Asimismo, ha animado a todos los alicantinos a ""participar en una gala que el año pasado fue un éxito pero este año superará todas las expectativas"". La Gala Cofrade es una iniciativa solidaria que se viene realizando desde hace cinco años con el objetivo de conseguir fondos para el proyecto ""Hermano Sol"".
 Será un espectáculo lleno de sorpresas donde los asistentes disfrutarán de la cultura y la tradición de la Semana Santa, además, de contar con el concierto de coplas de Sergio Díaz Oliveros, uno de los mejores concursantes que ha pasado por el programa de Canal Sur Se llama copla."
1946,TXT,"Las instalaciones del CEP Pintor Sorolla acogerán del 28 de junio al 9 de julio el Campus de Verano Joe Arlauckas de baloncesto. El concejal de Deportes, Fernando Gómez, acompañado de la presidenta del Club Baloncesto Elda, Susana Herrera, y de los profesores del Pintor Sorolla, Daniel Martínez y Miguel Ángel Rodríguez, han dado a conocer los detalles de una actividad que tiene como objetivo impulsar y fomentar el baloncesto.

Fernando Gómez ha asegurado que “desde el Ayuntamiento de Elda agradecemos la implicación del CEP Pintor Sorolla y del IES La Torreta, así como del CB Elda, por unir fuerzas para organizar un campus que será un éxito y esperamos que tenga continuidad. Me gustaría destacar la unidad entre el deporte escolar y el deporte federado y, además, en una modalidad deportiva que en nuestra ciudad ha vivido diferentes etapas. También deseamos que con esta actividad pueda potenciarse la práctica del baloncesto entre los más jóvenes”.

Por su parte, Daniel Martínez ha explicado que “este campus viene a Elda para quedarse, estableciendo un proyecto deportivo que atiende a una necesidad social. El mejor lugar es un centro como el Pintor Sorolla, que es bien conocido por su promoción del deporte y de la actividad física. El CB Elda llevaba un tiempo impulsando un campus y hemos unido fuerzas para retomar un campus que se celebraba en la ciudad hace unos veinte años”.

Por su parte, Susana Herrera ha afirmado que “llevamos cuatro años promoviendo nuestro campus y este año teníamos mucha ilusión. Nos plantearon hacer el campus que se estaba realizando en Novelda y eso, unido a las ganas que hay de baloncesto en la ciudad, creemos que puede ser muy positivo. Hay muchos niños y niñas inscritos e interesados”.

Miguel Ángel Rodríguez ha reiterado “mi agradecimiento al CB Elda por aunar fuerzas en este interesante proyecto y, por supuesto a Dani, que es el alma máter del mismo. Es un campus muy importante porque aúna a todos los clubes de la comarca y eso aumenta su impacto. El colegio, además de apostar por el deporte, también incluirá talleres de hábitos saludables, detección de casos de acoso social, impulso de la inclusión y del deporte femenino, etc”.

El Campus de Verano Joe Arlauckas cuenta con la colaboración del programa ACBNxt y los clubes Fundación Lucentum, UCAM Murcia y Valencia Basket, además del Birmingham Rockets, club inglés que dará formación integral a los participantes por medio de entrenamientos y juegos en inglés.

El programa incluye un plan de entrenamientos de baloncesto con la presencia de Joe Arlauckas, que permanecerá en Elda durante los días de Campus, y la coordinación de un equipo de entrenadores titulados y jugadores/as del C.B. Elda y clubes colaboradores, como el C.B. Sax, C.B. Petrer y C.B. Jorge Juan de Novelda.

Todas las medidas de seguridad e higiene por el Covid-19 están contempladas con la distribución de grupos burbuja por franjas de edad y competencia. El campus se desarrollará en el CEP Pintor Sorolla y en el IES La Torreta con el objetivo de llegar al mayor número posible de jóvenes.

Los participantes que estén cursando Educación Primaria estarán en el CEP Pintor Sorolla y los de Educación Secundaria en el IES La Torreta.

La inscripción en el Campus tiene un precio de 50 euros (1 semana, del 28 de junio al 2 de julio o del 5 al 9 de julio) y de 95 euros (2 semanas, del 28 de junio al 9 de julio) y se puede realizar descargando la hoja de increpción en la web https://campusarlauckasnovelda.webnode.es/lista-de-precios/ y entregándola en el CEP Pintor Sorolla, de lunes a viernes de 9 a 15 horas junto al pago correspondiente y la fotocopia de la tarjeta SIP del participante, o por correo electrónico a daniel.marcre@sorollaeda.com. Por la tarde se puede entregar en el CB Elda con el justificante de pago y fotocopia de la tarjeta SIP o por correo electrónico a cbelda@cbelda.com"
1741,TXT,"Alicante, 30 de agosto de 2022. Dos proyectos optan a convertirse en la Hoguera Oficial 2023 y uno, en el caso de la infantil, después de que hayan sido analizadas las propuestas presentadas al finalizar el plazo de presentación. El viernes 2 de septiembre se reunirá el jurado para decidir cuáles de las presentadas serán plantadas en la Plaza del Ayuntamiento en junio de 2023.

El presupuesto, de acuerdo a una iniciativa del concejal de Fiestas, Manuel Jiménez, se ha incrementado en un 20% para el conjunto de los dos monumentos. La cuantía de la adulta pasa de los 98.000 euros de 2020 a 118.500. En el caso de la infantil, de 20.800 a 25.000 euros. El contrato aprobado en 2020, incluyendo los dos monumentos, totalizaba 119,600 euros. En el de 2023, 143.500 euros. Supone un incremento global de 23.900 euros o, porcentualmente, un 19,98%.

La hoguera oficial adulta 2023 no podrá superar los 20 metros de altura. Su base no será superior a 12x12 metros, sin que coincidan ambas dimensiones. Los materiales básicos serán el cartón y la madera. Las cartelas deberán estar escritas en castellano y valenciano y el número de ninots, originales, será de un mínimo de 28.

En el caso de la infantil, no podrá superar los 3 metros de altura. La base no será mayor de 3x3 metros. El cartón y la madera serán también los materiales básicos en su construcción. Las cartelas presentarán idénticas características que la adulta y el número mínimo de ninots será de 18. La hoguera adulta deberá estar totalmente plantada a las 6 horas del 21 de junio. La infantil, a la misma hora, del 20 de junio.

La presentación de los proyectos

Los artistas que se han presentado al concurso han adjuntado una Memoria Descriptiva en la que se detalla el tema y el lema de la hoguera. En cuanto al tema, aportando una explicación pormenorizada con el número de ninots, y las escenas que la componen, entre otros aspectos. Además, una Memoria Técnica. También figura, en el caso de la adulta, un plano a escala 1:10 de la planta de distribución de la hoguera y de una sección vertical tomada desde el núcleo. El plano de la infantil es de 1:20.

La documentación incluye dos bocetos -parte delantera y posterior del monumento- a todo color, en sentido vertical y con detalle de escala. Su formato no supera los 50x70 centímetros. La maqueta de la Hoguera Oficial ha sido presentada a una escala 1:20. El de la infantil, a 1:17. En ambos casos, en el margen superior derecho figura el lema de la hoguera.

El jurado

El jurado, presidido por el alcalde Luis Barcala, estará integrado por un concejal de cada uno de los grupos políticos de la Corporación Municipal, el jefe del Servicio de Fiestas y Ocupación de la Vía Pública, una persona relacionada con el mundo de las Bellas Artes, un profesional técnico, una persona relacionada con el mundo de la imagen, una persona prestigiada en el ámbito de las Hogueras que designará la Concejalía, la presidenta de la Federació de Fogueres, y el Maestro Mayor del Gremio de Artistas de Hogueras."
2321,TXT,"Alicante, 27 de octubre de 2022.  El Museo de Aguas de Alicante ha presentado el primer festival de narración oral “Cuentos de Vida y Muerte”, que tendrá lugar en los Pozos de Garrigós, ubicados en sus instalaciones en la Plaza del Puente de Alicante, el próximo día 31 de octubre y en conmemoración del Día de los Fieles Difuntos.

Este proyecto, que ha sido seleccionado en la Convocatoria de Proyectos Culturales 2022 realizada por la Concejalía de Cultura, está organizado por la Asociación Palabras y Cuentos, y dirigido por Raquel López, ha contado también con la colaboración de la Universidad de Alicante, Aguas de Alicante y el IES Figueras Pacheco. 

Gracias al trabajo conjunto de dichas organizaciones, la conmemoración de la noche en el Día de los Fieles Difuntos se convierte en una celebración especial, para la que “Cuentos de Vida y Muerte” quiere aunar tres elementos en la ciudad de Alicante: un lugar, los Pozos de Garrigós, sistema de aljibes del SXIX y un espacio cuya ubicación y especial acústica lo convierten en un sitio cargado de simbolismo para todo tipo de manifestaciones artísticas; una tradición, celebración de esta noche en el Día de los Fieles Difuntos; y un arte, el de la narración oral de historias de miedo.

El edil de Cultura, Antonio Manresa se ha mostrado satisfecho ""por este nuevo ejemplo de colaboración entre instituciones, derivado en este caso de la Convocatoria de Proyectos Culturales 2022, con el que estamos seguros 

En palabras de sus organizadores, “acudir al primer festival de narración oral ""Cuentos de Vida y Muerte"" es prepararse para el disfrute, prepararse para participar de un arte que siempre ha acompañado al ser humano allí donde ha ido. Cinco voces, cada una con su mirada, su acento, su forma de narrar, su manera de acompañar al cuento y a los protagonistas, cada una con su universo cuentista por compartir”.

Con relación al Museo de Aguas de Alicante como espacio cultural, según ha declarado Sanz, “más allá de su objetivo de concienciación medioambiental, se ha convertido en un espacio de referencia para acoger proyectos abiertos a toda la ciudadanía que organizamos gracias a la colaboración con otras instituciones. ""Cuentos de Vida y Muerte"" se suma a otras iniciativas culturales, como el Ciclo de Arte y Medioambiente, la exhibición de obras de VideoArt Festival o del reciente Festival Internacional de Teatro Clásico de Alicante, FITCA, con los que nos hemos implicado recientemente”.

Esta primera edición del festival constará de una conferencia inaugural y varias funciones programadas, cuyos detalles pueden consultarse en la página web, con entrada libre hasta completar el aforo.

Programa “Cuentos de Vida y Muerte”

Recogida de entradas, en los Pozos de Garrigós (31 de octubre, a partir de las 17 horas).

Conferencia

17:00 h: Antonio Rodríguez Almodóvar. El miedo a la muerte y la muerte del miedo en los cuentos orales

Espectáculos público familiar

18:30 h: Raquel López y Boniface Ofogo. Cuentos de vida y muerte (función colectiva)

19:30 h: Inés Bengoa y José Manuel Garzón. Cuentos de vida y muerte (función colectiva)

Espectáculos público adulto

22:00 h: José Manuel Garzón y José Galiana (al piano). Palabras de Miguel

23:00 h: Inés Bengoa. Nunca viene bien. Historias de muerte para vivir mejor

00:30 h: Boniface Ofogo. El soplo de los ancestros

01:30 h: Raquel López. Cuentos de la luz apagada"
2387,TXT,"Alicante, 9 de septiembre de 2022. El Ayuntamiento de Alicante ha presentado en Las Cigarreras la exposición organizada por el Consorci de Museus de la Comunitat Valenciana, ‘Art Contemporani de la Generalitat Valenciana IV’ que podrá visitarse en el Centro Cultural Las Cigarreras de Alicante hasta el próximo 3 de diciembre. El acto ha contado con la presencia del director del Consorci de Museus, José Luis Pérez Pont, y el concejal de Cultura del Ayuntamiento de Alicante, Antonio Joaquín Manresa Balboa.

La muestra reúne 37 piezas representativas del panorama artístico valenciano que la Generalitat Valenciana adquirió en el año 2020, en la cuarta edición de esta iniciativa que surgió en el año 2017 con el propósito de impulsar y poner en valor el sector artístico contemporáneo y conseguir un patrimonio de futuro.

Tras su paso por el Espai d’Art Contemporani de Castelló de la Plana y el Centre del Carme de València; el CMCV traslada la muestra al Centro Cultural Las Cigarreras de Alicante. El tiempo y la memoria, el feminismo, las fricciones entre lo cotidiano y lo tecnológico, el binomio individuo y sociedad, la incansable búsqueda de la utopía o la sostenibilidad son algunas de las cuestiones que aborda esta convocatoria.

“La colección ‘Art Contemporani de la Generalitat Valenciana’ reúne desde hace cinco años piezas de artistas nacidos o residentes en nuestro territorio, ofreciendo una panorámica del arte contemporáneo actual, con intención de convertirse en un legado patrimonial a largo plazo. Toda la serie de exposiciones que dedicamos a la colección, ponen en valor el sector artístico de la Comunitat y ofrecen a la ciudadanía la oportunidad de apreciar la calidad y diversidad de los trabajos, que abordan una gran variedad de temas a través de diferentes técnicas. Desde el Consorci de Museus ponemos todo nuestro empeño para que esta sea una colección viva, capaz de establecer diálogos entre las obras de arte que la componen y las personas que las descubren en un ejercicio de proximidad”, señala el director del Consorci de Museus, José Luis Pérez Pont.

El Concejal de Cultura, Antonio Manresa ha mostrado su satisfacción ""por el hecho que Cigarreras muestre, tras su paso por Castellón y Valencia, una muestra con la que aproximarnos al arte contemporáneo más cercano, y en muchas ocasiones, sorprendentemente más desconocido""; ""Estamos ante una gran oportunidad para apoyar el arte valenciano y a los grandes profesionales que tenemos en nuestro territorio, con muchas y novedosas ideas"".

Art Contemporani de la Generalitat Valenciana IV

‘Art Contemporani de la Generalitat Valenciana IV’ reúne 37 piezas de Alejandro Casanova; Alejandro Mañas; Álex Marco; Amanda Moreno; Ángeles Marco; Carmen Calvo; Carmen Ortiz; Carolina Ferrer; Chema López; Claudia Martínez; Concha Ros; DimaslA (Diana Lozano + Alvaro Jaén); Elena Aguilera; Elena Martí; Ester Pegueroles; Iluminada García Torres; Jesús Herrera; Josep Pedrós i Ginestar; Juan Carlos Nadal; Juan Fabuel; Juan Ortí; Julia Galán; Laura Palau; Lluc Margrau; Lluis Masià; M Reme Silvestre; Miguel Calatayud; Nuria Fuster; Nuria Riaza; Oliver Johnson; Pablo Auladell; Roberto Mollá; Sergio Barrera; Silvia Lerín; Silvia Sempere Ripoll; Vicente Ortí y Vinz Feel Free.

La colección de arte contemporáneo de Cultura de la Generalitat, en marcha desde el año 2017, reúne piezas representativas del panorama artístico valenciano, manteniendo una presencia equilibrada de artistas mujeres y hombres de Castelló, Alicante y València, sin pautas generacionales ni restricciones temáticas. La variedad de formatos, con propuestas de pintura, escultura, acuarela, dibujo, fotografía, vídeo e instalaciones, evidencia la diversidad de registros con la que las y los artistas de la Comunitat Valenciana abordan la creación y la realidad de nuestro tiempo.

Más información en www.consorcimuseus.gva.es/."
751,TXT,"El alcalde de Torrevieja, Eduardo Dolón, acompañado de la concejal de Turismo y la edil de Fiestas, Rosario Martínez y Concha Sala, han presentado en la FITUR las fiestas que se centran en diciembre de Torrevieja. A través de un vídeo que lleva por título “Érase una vez en diciembre”, se ha puesto en valor los más de 50 días que la ciudad salinera celebra sus fiestas patronales y la programación de Navidad.Es la primera vez que las fiestas patronales se hacen un hueco en este encuentro turístico, alzando así como un producto turístico más que la ciudad ofrece a todos los visitantes durante el último mes del año. El vídeo, que comienza con la fiesta del alumbrado, da el pistoletazo de salida a una programación que recoge todo tipo de eventos, desde los más tradicionales como es la procesión en honor a la Purísima Concepción, patrona de Torrevieja, hasta el desfile de Papá Noel, que se celebró por primera vez el pasado año.Torrevieja quiere poner en valor con este vídeo que, durante el mes de diciembre, la programación recoge numerosas actividades para disfrutar de una temperatura tan agradable como la que tiene la ciudad en pleno invierno. Las fiestas de los barrios, el desfile infantil, así como la gymakinica o los conciertos en el escenario de la Plaza de la Constitución, son algunos de los eventos que se muestran en este spot. Todos ellos acompañados de un sol brillante que hace de Torrevieja una gran ciudad para disfrutar en cualquier mes del año, incluido en el mes de diciembre."
1842,TXT,"La Junta Local de Gobierno ha aprobado esta mañana sacar a concurso público la gestión hostelera del restaurante del Parque Municipal de Elche. Así lo ha anunciado el portavoz del Equipo de Gobierno, Héctor Díez, quien ha detallado que, tras la elaboración de unos pliegos lo más flexibles posible, el plazo de duración de la explotación es de 25 años con un canon anual de 43.322 euros.

El canon tendrá una importante bonificación. Entre el primer año y el décimo quinto será del 95% y hasta que acabe la concesión será del 75%.

El concesionario, además, tendrá que asumir las obras e instalaciones que haya que renovar y reparar en el actual restaurante. Díez ha señalado que las obras no podrán incrementar la superficie construida y ha señalado que el edificio consta de 1.532 metros cuadrados, distribuidos en dos plantas. En la primera planta se sitúa la cocina, la cafetería, los distintos salones y servicios, así como una amplia terraza, mientras que el sótano cuenta con el almacén y los vestuarios del personal.

Por otro lado, el pliego de condiciones establece algunos requisitos. En este sentido, el portavoz ha explicado que la carta del restaurante debe estar inspirada en la cocina mediterránea así como poner en valor la gastronomía ilicitana. Del mismo modo, el nuevo local deberá dar servicio a turistas nacionales e internacionales y será obligatorio que la atención se preste en diferentes idiomas debido al enclave turístico de las instalaciones.

Díez ha puntualizado que “lo prioritario en esto momentos es que el restaurante vuelva a tener actividad y que esto repercuta socioeconómicamente en el municipio, dado que se trata de un establecimiento que se encuentra situado en un entorno idílico”.

También se ha adjudicado un contrato para la poda de palmera, otro para el suministro de gasóleo C en centros educativos e instalaciones deportivas municipales y uno más para hacer frente a ciberataques
Poda de palmera

El portavoz municipal ha destacado también que la junta ha adjudicado definitivamente el contrato de la poda de palmera en la vía pública para que los trabajos puedan empezar entre finales de agosto y principios de septiembre.

El lote uno es en el casco urbano y se adjudica a Mantenimientos Terrestres por 119.245 euros. El lote dos es en las pedanías y el tres en Elche Parque Empresaria. Ambos se adjudican a UTE Palmera Verde por 82.612 euros y 38.115 euros, respectivamente.

Díez ha destacado que este contrato no solo contempla la poda, sino que deberá asumir también la aportación de la maquinaria, el canon por el tratamiento de los restos y su transporte.

Ciberseguridad

Por otro lado, el Equipo de Gobierno ha adjudicado a la mercantil Apuntia por un valor de 280.00 euros y un plazo de 39 meses el contrato de suministro de sistema inteligente de control en lo servidores y almacenamiento frente a amenazas de ciberseguridad. Díez ha explicado que esta iniciativa está desarrollada con un fondo europeo de la estrategia Dusi y está financiado un 50% por el Ayuntamiento de Elche y otro 50% por la Comisión Europea.

“La ciberseguridad es algo fundamental en los tiempos que corren ya que cada vez es más común que las administraciones públicas reciban ciberataques”, ha señalado el portavoz municipal, quien ha recordado el importante esfuerzo inversor que ha llevado a cabo el ayuntamiento para la instalación de la sede electrónica que tiene que ir acompañada de una alta seguridad para la privacidad y protección de los datos de la ciudadanía.

Gasóleo C

También se ha aprobado sacar a concurso el contrato de suministro de gasóleo C para dotar de calefacción a los centros educativos e instalaciones deportivas municipales. El contrato es de 373.890 euros anuales por un periodo de tres años prorrogables a uno más y está dividido en dos lotes.

El primero consiste en el suministro de gasóleo a 45 centros educativos y sale a concurso por 174.240 euros, mientras que el segundo es para el suministro de gasóleo a 11 instalaciones deportivas por un valor de 199.650 euros.

Aprobado el nombramiento de ‘Nino’ como “Hijo Adoptivo de la Ciudad”, así como la concesión de la Medalla de Oro del Bimil·lenari al futbolista Óscar Gil y la Medalla de Plata al taekwondista Raúl Martínez
Reconocimientos

La Junta de Gobierno ha aprobado, a propuesta del alcalde, reconocer con la Medalla de Oro del Bimil·lenari al futbolista Óscar Gil y con la Medalla de Plata del Bimil·lenari de la Ciutat al taekwondista Raúl Martínez por participar en los Juegos Olímpicos de Tokio.

El portavoz municipal ha destacado que la participación de estos dos jóvenes ilicitanos en las Olimpiadas es una noticia extraordinaria, no sólo por los resultados obtenidos, sino también por su presencia en este evento tan relevante, como ejemplo a seguir, para toda la juventud ilicitana.


Asimismo, se ha aprobado la designación del exjugador de fútbol Juan Francisco Martínez Modesto ‘ Nino’ como “Hijo Adoptivo de la Ciudad”, en reconocimiento a su trayectoria y a los valores demostrados dentro y fuera del campo. Esta es la máxima distinción que se otorga a los ilicitanos nacidos fuera de la ciudad y que no se otorgaba desde 1945.

"
411,TXT,"El Estadio Municipal Guillermo Amor albergará los próximos martes y jueves, 15 y 17 de febrero, dos partidos amistosos de la Selección Española de fútbol sub 16. El combinado español, dirigido por el nuevo técnico José Lana, se enfrentará en ambos encuentros con la selección de Suiza. El primero de los partidos tendrá lugar el martes a las 17 horas, mientras que el segundo se celebrará el jueves a las 11 de la mañana. La entrada a ambos enfrentamientos es libre hasta completar el aforo permitido. Ambos partidos servirán de preparación para estos jóvenes futbolistas de cara a los futuros compromisos clasificatorios previstos este año. En el interior de la instalación será obligatorio el uso de la mascarilla durante la permanencia en el evento, incluida el área de los aseos, así como en los momentos de entrada y salida al recinto, según la resolución del pasado 9 de febrero de la Conselleria de Sanidad Universal y Salud Pública."
4036,TXT,"El 23 de abril es la fecha de nacimiento o fallecimiento de importantes escritores como Josep Pla, Vladimir Nabukov, William Shakespeare, entre otros.
 En 1996, la UNESCO escogió esta fecha para rendir tributo al libro y a los autores y para animar a todos a descubrir ""el placer de la lectura"".
 Para celebrar este día, el personal de la Biblioteca Florida-Babel ha organizado una sesión de cuenta-cuentos para los lectores infantiles, cuyo tema es ""Los ratones de bibliotecas"". También se realizará una manualidad.
 La actividad está dirigida a los niños de más de tres años y se realizará de 11:30 h a 12:30 h."
2197,TXT,"La Corporación Municipal ha aprobado hoy jueves, en el Pleno Ordinario de marzo, el nombramiento de Miguel Ángel Morcillo Ródenas como Caballero Cubierto 2019. La propuesta de la distinción ha salido adelante con los votos a favor de todos los grupos de la corporación, a excepción de Cambiemos, que se ha abstenido.

La concejal de Festividades, Mariola Rocamora, ha felicitado en nombre de la Corporación a Miguel Ángel Morcillo y ha declarado que “será un honor para la Comisión de Festividades acompañar a Morcillo en este día tan especial”. El Caballero Cubierto es una figura emblemática de la Semana Santa de Orihuela y participa en la Procesión del Santo Entierro del Sábado Santo, con la particularidad de que es la única persona que no se descubre al pasar por la Catedral de Orihuela. Esta tradición se remonta a 1620, cuando una bula papal concedió este privilegio que se mantiene en nuestros días.

Miguel Ángel Morcillo Ródenas, Caballero Cubierto 2019

Miguel Ángel Morcillo Ródenas nació en el año 1960 en Albacete. Está casado con Isabel, de cuyo matrimonio nacieron sus dos hijos, Miguel Ángel y Luis.

Licenciado en Medicina por la Universidad de Murcia, se formó como especialista en Cirugía General y del Aparato Digestivo en el Hospital Universitario “La Fe” de Valencia.

En 1990 inicia su vinculación con Orihuela ganando la Plaza de cirujano en el Hospital Vega Baja. Desde 2008 es el jefe de servicio de Cirugía de dicho centro hospitalario. Ha participado, desde el inicio, en la creación y desarrollo del Hospital de la Vega Baja desde los distintos Comités y Comisiones. También es miembro de la Asociación Española de Cirujanos y de la Sociedad Valenciana de Cirugía."
2244,TXT,"Desde la Concejalía de Cultura del Ayuntamiento de Orihuela y la sociedad municipal Orihuela Cultural se comunica la cancelación y aplazamiento de las actuaciones de Ara Malikian, prevista para el viernes 4 de diciembre, y de Imbécil, prevista para el 11 de diciembre. Las nuevas fechas de celebración serán los días 7 de febrero y 7 de mayo de 2021, respectivamente.

Se adopta dicha decisión en virtud de las restricciones establecidas por las autoridades sanitarias en el actual estado de alarma, y dado que la reducción de aforo de los teatros decretada del 75 al 50% y los confinamientos por comunidades autónomas hacen inviable la realización de dichos eventos. En ambos casos se ha acordado con los representantes de los artistas la decisión adoptada.

Se informa igualmente que las entradas ya adquiridas hasta este momento serán válidas para las nuevas fechas previstas, aunque quien así lo desee podrá solicitar la devolución de su precio por el mismo canal de compra, en un plazo máximo de 15 días. Para cualquier consulta al respecto se podrá contactar con el servicio de taquilla del Teatro Circo Atanasio Díe (telf. 96 674 01 04).

Tanto la Concejalía como Orihuela Cultural lamentan esta situación impuesta por las circunstancias actuales, esperando retomar la actividad cultural habitual tan pronto como sea posible."
1432,TXT,"El concejal de Cultura y vicepresidente del Instituto Municipal de Cultura “Joaquín Chapaprieta”, Antonio Quesada, informa que este próximo domingo, 18 de junio, se representará el último espectáculo de “III Teatro para tod@s”, dónde mínimo una vez al mes pequeños y adultos han podido disfrutar de obras cargadas de mensajes y valores tales como: ecologismo, amistad, respeto, amor, arte, cultura y mucha diversión. El domingo, a las 18:30 horas, en el Centro Cultural Virgen del Carmen, podrán presenciar de un espectáculo de títeres muy particular “Las Cotton”. Edades recomendadas a partir de 5/6 años, siendo el precio de la entrada de 5 euros.                                      

Las Cotton                                                                                                

Dejando atrás los peligros de su pueblo natal, la familia Cotton se dirige a la ciudad en busca de nuevas vidas y oportunidades. Entre los tejados y las luces de la ciudad, entre las telas, los hilos y las máquinas de la fábrica, la madre y sus dos hijas vivirán nuevas aventuras. Pero, esta vez, no están solas y se lanzarán con fuerza al deseo de ser felices.

Inspirada en las luchas obreras de las mujeres en la industria textil de principios de siglo, nace “Las Cotton”. Un imaginario visual a través de la mirada de una familia en plena revolución industrial, para hablar sobre la llegada de la industrialización, el éxodo a las ciudades, la dureza de la fábrica y el gran ejemplo de fueron aquellas mujeres, que entendieron que sólo juntas podrían conseguir unas vidas dignas.                                                                                              

Las Cotton es un espectáculo de Títeres. Los más pequeños disfrutaran de una propuesta altamente poética y emotiva, que recuerda qué pasó el 8 de marzo de 1908.

Esta obra es ganadora de los premios:

Mejor espectáculo de títeres FETEN 2021

Drac d’Or a la mejor escenografía – Fira de Titelles de Lleida 2022

 

Tráiler:   https://youtu.be/8QkLN6jTutI.

 

Compra de entradas: https://www.entradasatualcance.com/tickets-los-cotton-anita-maravillas-…."
1003,TXT,"El Ayuntamiento de Alicante, a través de sus Concejalías de Deportes e Igualdad, junto al Club Baloncesto Femenino Cabomar, organizan una JORNADA denominada ""CINE, MUJER Y DEPORTE"".

Se celebrará en la sala de conferencias del ADDA el próximo miércoles 30 de marzo, a las 18.30 horas.

Contará con la proyección de dos documentales y posterior mesa de debate con la presencia de cuatro deportistas del más alto nivel internacional.

La entrada es gratuita.

Os esperamos!!!"
903,TXT,"El Ayuntamiento de Elda, a través de la Concejalía de Movilidad y Transporte, y Vectalia, empresa concesionaria del transporte público en la ciudad, han presentado hoy la nueva cartelería que se ha instalado en las marquesinas de las paradas de autobús urbano de Elda.El concejal del área, Enrique Quílez, acompañado del director de Movilidad Urbana de Vectalia, Raúl Cantero, y del delegado de Vectalia en Elda, David Sastre, ha anunciado que “como novedad la cartelería incluye un código QR que da acceso a una aplicación que permitirá a los usuarios y usuarias conocer en ese mismo momento el tiempo que queda para la llegada del siguiente autobús”.Quílez ha indicado que “se ha incorporado también un panel informativo en los autobuses que informa a los pasajeros del nombre de la siguiente parada para las personas con problemas visuales”.El edil ha explicado que “el transporte urbano en nuestra ciudad se va recuperando poco a poco de la pandemia, incrementándose en los que va de año un 12% el número de usuarios con respecto a los dos años de pandemia. Conforme la confianza vaya volviendo y la situación se normalice, las cifras se situarán en niveles prepandémicos”.El número de viajeros en 2018 fue de 130.000 personas, en 2019 aumentó hasta los 137.000 usuarios y en 2020 se quedó en 70.000 y en 2021 en 78.900. “Se trata de una caída muy importante y, aunque aún es pronto, confiamos en que poco a poco se va a ir normalizando. Desde el gobierno local apostamos por el transporte público como un medio de desplazarse por la ciudad de una manera sostenible y en las próximas semanas llevaremos a cabo un estudio para mejorar o modificar los recorridos y las líneas si fuese necesario”.Por su parte, Raúl Cantero ha agradecido al Ayuntamiento de Elda “su apuesta por el transporte urbano. Incidiendo en lo que ha explicado el concejal, la bajada de usuarios ha sido una tónica general en todo el país e incluso a nivel mundial. Es un efecto obvio como consecuencia por la falta de movilidad. Las medidas de apoyo para fomentar el uso del transporte público redundará en un aumento de los pasajeros”.El director de Movilidad Urbana de Vectalia ha explicado que “las mejoras que hemos anunciado forman parte de una herramienta más compleja de geolocalización y de mejorar la gestión de los autobuses, dotándoles de una mayor conectividad con la ciudadanía, permitiendo al usuario gestionar su tiempo”.Cantero ha indicado que “el código QR enlaza con la localización del autobús indicando en tiempo real cuánto falta para que llegue a su parada, lo que aumenta la confianza en el servicio e incentiva su utilización”."
4301,TXT,"Esta tarde en el Jardín Vertical, ""Certamen Poesia Eròtica de l'Alacantí"". Más información
 Sábado 21 a las 12 horas en la Caja Negra, concierto #lascigarrerasmovistar con ""Luis Brea y el Miedo"". Gratuito con invitación. Más información
 El mismo sábado en la Casa de la Música, teatro con la Asociación akra Leuka. ""La importancia de llamarse Ernesto"" Entradas 7 euros. Más información
 Durante el fin de semana se podrá visitar la exposición ""Alegorías de lo cotidiano"", colección Banco Sabadell, con libre acceso. Más información
 Consulta el resto de actividades en la Agenda Cultura, aquí"
278,TXT,"Carlos González, la edil del área, Mariola Galiana, el presidente de la Federación Gestora de Festejos Populares, Fernando Jaén, miembros del Equipo de Gobierno y de la Corporación Municipal asistieron a la Gala del Fester, que congregó a más de medio millar de invitados en el Hotel Huerto del CuraEl alcalde, Carlos González, reafirmó el compromiso municipal con la Federación Gestora de Festejos Populares de Elche en la Gala del Fester, celebrada el sábado 5 de noviembre por la noche en el Hotel Huerto del Cura. Ante más de medio millar de personas, González reiteró el respaldo del Ayuntamiento y su Concejalía de Fiestas al trabajo de los festeros, las comisiones, la propia Federación Gestora y “a todos los proyectos que sirvan para engrandecer las Fiestas de Elche”.El regidor ilicitano, acompañado de la edil del área, Mariola Galiana, del presidente de la Federación Gestora de Festejos Populares, Fernando Jaén, miembros del Equipo de Gobierno y de la Corporación Municipal, señaló que, desde el Gobierno local, se seguirán sumando esfuerzos con las entidades festeras y trabajando “con seriedad y determinación” dada la importancia de las celebraciones para los ilicitanos e ilicitanas y la convivencia en la ciudad, algo que quedó patente con la pandemia.De hecho, González manifestó que las fiestas no solo son claves desde el punto de vista económico, turístico, identitario, cultural y social, sino que significan “alegría, reencuentros, estrechar lazos, afectos y emociones”. Y que las pasadas Fiestas de Agosto fueron “una quincena mágica” de “recuperación económica y emocional” que, para muchos, indicó, se recordarán como “las mejores en décadas, extraordinarias y en las que Elche se volcó”.Por ello, el alcalde reiteró su gratitud a la gran contribución de los hombres y mujeres que las hacen posibles: “Vuestro papel es realmente esencial para que todos podamos disfrutarlas”. “Hemos sido conscientes que escucharos, apoyaros y aumentar los recursos destinados a las fiestas no solo sirven para que cada año salgan un poco mejor, sino para que la ciudadanía disfrute más, consecuencia de vuestra labor y nuestra suma de esfuerzos”, agregó González.Previamente a las palabras de González, la reina mayor e infantil, Alba Berenguer y Julia Moreno; y las damas mayores e infantiles, Irene Botías y Clara Sanz, y Noelia Jiménez y Carmen Tortosa, amén de las reinas y damas de las 19 comisiones festeras de la Federación Gestora, desfilaron y saludaron a los invitados. Además, se entregaron nueve placas a modo de homenaje a firmas y organizaciones que colaboran con la entidad, siendo la Concejalía de Fiestas una de ellas y cuyo reconocimiento fue recogido por Galiana.La distinción ‘Nit de l’Albà’ recayó en TeleElx por una trayectoria informativa de proximidad que arrancó en marzo de 1987. Igualmente, el comisario del Cuerpo Nacional de Policía en Elche, Pedro Montore, entregó a la dama Clara Sanz una metopa, como ya hiciera con la reina mayor y la dama Irene Botías en la efeméride de los Ángeles Custodios, que tuvo lugar en la Plaza del Congreso Eucarístico el pasado 2 de octubre y a la cual Sanz no pudo acudir por cuestiones laborales.El regidor llamó a seguir “sumando esfuerzos” dada la importancia de las fiestas ilicitanas para la dinámica de la ciudad, en un acto en el que se entregaron placas a modo de homenaje a firmas y organizaciones que colaboran estrechamente con la Federación Gestora, siendo la Concejalía de Fiestas una de las reconocidas“Hoy es una noche de reconocimiento y agradecimiento”, expresó Jaén, indicando que el objetivo de la Federación Gestora es hacer unas fiestas “orientadas a todo el pueblo”; unos actos que no serían posibles sin el trabajo de los festeros. “Este 2022 ha sido atípico, donde se nos pidió un esfuerzo porque hacía dos años que no realizábamos fiestas; hemos estado al pie del cañón para poder ofrecer lo mejor que tenemos a los ilicitanos y visitantes”, declaró.Asimismo, agradeció el respaldo de empresas, de los medios de comunicación, de los progenitores de las reinas y damas y del apoyo “incondicional” de la Policía Local y Nacional. También verbalizó su gratitud, al igual que a la Concejalía de Fiestas, a otros departamentos del Consistorio que trabajan “codo con codo” con la Federación Gestora: “Montajes, electricistas, jardinería, fontanería…”.“Nuestra suma de esfuerzos da buenos resultados a todos: a los festeros y a las fiestas, pero, sobre todo, a Elche”, concluyó González, quien enfatizó que, para ello, “nos encontraréis a la concejala, al Gobierno municipal y a mí como alcalde, como hemos hecho a lo largo de estos años”. La Federación Gestora de Festejos Populares fue fundada en 1978 para coordinar las diferentes comisiones el casco urbano y destacar la figura de la reinas y damas de la Fiestas de Elche. Tal como recordó Jaén, 2023 será muy especial al cumplir la entidad que encabeza 45 años de existencia."
4342,TXT,"Alicante. Martes 13 de marzo de 2018.
 El actor Alberto Celdrán comenzará mañana miércoles, en Villafranqueza, su ""gira"" para público infantil por las bibliotecas municipales llevando en su maleta la función ""Cuentos animalescos, historias para crecer"", un espectáculo compuesto por narraciones con las que despierta la emoción de los más pequeños. 
 Celdrán está considerado un un artista de la palabra, un narrador con abundantes recursos imaginativos y un interesante repertorio con los que capta la atención y divierte a sus oyentes. Su larga experiencia como cuenta cuentos le permite trenzar unos relatos que transportan a niños y niñas a unos escenarios impensables.
 La sesión de mañana en la biblioteca pública de Villafranqueza, que se encuentra en calle Castelar, número 40, empezará a las 18 horas, será de libre acceso, hasta completar aforo, y pensada para público infantil (con más de cuatro años) y familiar.
 La sesión lúdica forma parte de la campaña de Animación a la lectura con la que el Ayuntamiento pretende acercar a nuevos usuarios a las bibliotecas. El planeamiento vigente de Animación a la lectura se extenderá hasta el mes de mayo, con cerca de medio centenar de actividades repartidas por la red de bibliotecas municipales de la ciudad.
 Tras la actuación de mañana en Villafranqueza, Alberto Celdrán actuará el 6 de abril en la biblioteca central de Florida - Babel; el 27 de abril en la de Benalúa, y el 17 de mayo, en la de San Blas.
 Todos estos espectáculos donde la palabra es la protagonista son gratuitos y han sido organizados por el área de Animación socio - cultural de la Concejalía de Cultura, que dirige Gloria Vara. En algunas de las funciones, como las que se escenificarán a través de la Fundación Fedord, Cultura cuenta con la colaboración de la Concejalía de Igualdad, a cuyo frente se encuentra la edil Sofía Morales. 
 En la imagen, cartel de Alberto Celdrán con datos alusivos a su próxima actiuación en la biblioteca pública de Benalúa."
6,TXT,"Alicante, 13 de diciembre de 2022. La Concejalía de Deportes del Ayuntamiento de Alicante, junto a los clubes Aquatic Alicante y RC7, organizan este domingo 18 de diciembre (9.30 horas) en la Playa del Postiguet la Travesía de Navidad, la primera de las cinco pruebas englobadas en la Liga de Travesías Copa Alicante 22/23.Esta primera prueba de natación en aguas abiertas cuenta con dos categorías, con distancias de 3.000 y 1.500 metros y los nadadores podrán participar con o sin neopreno, siendo obligatorio el uso de boya. El concejal de Deportes, José Luis Berenguer (Cs) ha señalado que “es un orgullo poder poner en marcha esta Copa Alicante con las cinco travesías reinas de esta modalidad ya que son muchos los seguidores, aficionados y deportistas que disfrutan nadando en aguas abiertas y este torneo está dedicado a ellos”.La Travesía de Navidad, que tiene salida y llegada en la Playa del Postiguet, dará comienzo a las 9:30 horas. En la carrera puede participar cualquier persona mayor de 15 años previa inscripción a través de la web www.conxip.com. El plazo para apuntarse como participante de la carrera finaliza este miércoles 14 de diciembre.La cita de este domingo es la primera de las cinco travesías en aguas abiertas recogidas en la llamada ‘Copa Alicante’. Además de la Travesía de Navidad se realizarán cuatro carreras más a lo largo del año 2023: Travesía Santa Faz – J. Crivillés, que se celebra el 23 de abril; Travesía La Cantera, el 11 de junio; Travesía de Hogueras, el 02 de julio; y Vuelta a la Escollera, el 3 de septiembre. El concejal de Deportes, José Luis Berenguer ha destacado que “estos eventos cuentan con una importante participación y muestran la afición por el mar que hay en Alicante y en las provincias de alrededor”. Está previsto que en algunas de estas citas deportivas se alcancen los 700 inscritos.Cita para toda la familiaEl concejal de Deportes, José Luis Berenguer ha agradecido “el compromiso y el trabajo de las entidades deportivas que han hecho posible que la Copa Alicante salga adelante y que cada una de estas citas no atraiga únicamente a los nadadores”. La Travesía de Navidad contará, durante la mañana del domingo, con diversas actividades dirigidas a las personas participantes y al público general.Berenguer ha apuntado que “puede ser un día para pasar en familia a orillas de nuestro mar” con animaciones, música y sorteos de regalos."
705,TXT,"La concejal de Deportes del Ayuntamiento de Torrevieja, Diana Box, informa que entre hoy lunes y el miércoles 26 de octubre, la Ciudad Deportiva acoge un grupo de 262 niñas y niños jugadoras de Netball. Un campus que ha sido posible gracias a la colaboración entre el Departamento de Turismo Deportivo de la Concejalía de Deportes y la Agencia de Viajes Visión in Education, agencia que tiene presencia en América, Europa y África, con viajes de estudiantes y competiciones de Turismo Deportivo[U1] .No es la primera ocasión que Visions in Education viene a Torrevieja con grupos deportivos. La primera tuvo lugar en 2019, y en aquel momento, y gracias a la colaboración de las entidades involucradas, fue todo un éxito y se acogieron a 100 deportistas de este desconocido deporte en España.El Netball es conocido por ser el deporte que más mujeres han jugado históricamente, aunque ahora se está abriendo a equipos mixtos. Se juega en todo el mundo y es mucho más popular en los países de la Commonwealth. En España es un deporte prácticamente desconocido.El Netball, traducido literalmente al castellano  “pelota de red”, es  un deporte de canasta,  derivado del baloncesto.En esta ocasión Visions in Education y la Concejalía de Deportes, también en colaboración con la agencia de viajes receptiva AthletiQ Finland, han conseguido organizar tres días de entrenamientos, finalizando con un Torneo que jugaran entre ocho clubes y escuelas de diferentes países de procedencia.Estos son los centros formativos que formarán parte de esta experiencia:- Harrogates Ladies- Adcote School- Aspire Netball- KTK Netball (Sudáfrica)- Berkhamstead- St. Christopher- Westfield School- Bury GrammarA todo esto sumamos la dirección de este evento que está a cargo de Vicki Wilson, ícono internacional del netball. Fue la jugadora nacional con más partidos internacionales y la capitana de los Diamantes australianos, equipo con el que consiguió ganar innumerables campeonatos consecutivos y  medallas de oro en la Copa del Mundo y los juegos de la Commonwealth.Esta semana en España, Vicki Wilson está a cargo de la dirección del programa de Netball de una escuela del Reino Unido, trabajando con entrenadores y estudiantes británicos y también con un grupo de Sudáfrica.Por último, cabe destacar que después de la dura etapa del Covid, la demanda es muy alta y España es un destino emocionante con excelentes instalaciones y especialmente Torrevieja, que ha trabajado duro para poder albergar esta experiencia con casi 300 jugadores de Netball durante esta semana.Horario de actividades Netball 24-25 y 26 de octubre 2022:Lunes 24/10/22Entrenamientos10:00 h a 12:00 h y de 14:00 h a 16:00 h.Martes 24/10/22Entrenamientos10:00 h a 12:00 h y de 14:00 h a 16:00 h.Miércoles 26/10/22Torneo de Netball entre los equipos participantes.10:00 h a 12:30 h y de 13:45 h a 16:15 h.Desde la Concejalía de Deportes nos informan que el mejor momento para realizar reportaje fotográfico o grabar imágenes es el miércoles 26 de octubre, sobre las 12:00 horas, ya que después de la sesión de la mañana se procederá a realizar una foto de todo el grupo.[U1]"
3403,TXT,"Alicante, viernes 14 de mayo de 2021. Seis jóvenes miembros de la Asociación Pro - Deficientes Psíquicos de Alicante (APSA) van a trabajar un año más prestando labores de apoyo en la Concejalía de Cultura gracias a la renovación del convenio rubricada por el concejal de Cultura y portavoz municipal, Antonio Manresa, y la presidenta de la agrupación humanitaria, Isabel “Nito” Manero. 
 Los seis jóvenes, de ambos sexos, desempeñan sus cometidos en varias dependencias de la Concejalía dirigida por Manresa.
 
 Carlos Giner, gerente de Apsa, monitores de la asociación y algunos afiliados han acompañado a Manresa y a Isabel Manero en el acto de firma del convenio, que ha tenido lugar en el despacho del concejal.
 Las tareas que desarrollan estos seis jóvenes vienen contempladas en el convenio de cooperación como prácticas laborales formativas, por las que perciben sus correspondientes salarios. Cuatro trabajan como subalternos y dos como auxiliares. 
 En la imagen, el concejal de Cultura, Antonio Manresa, y la presidenta de APSA, Isabel Manero, con directivos, monitores y afiliados de Apsa"
2543,TXT,"Fin de semana cargado de actividades culturales para todos los gustos en Alicante que arranca el viernes 6 de mayo con el espectáculo de humor del famoso monologuista David Guapo en el Principal y el concierto de la banda BOW en Las Cigarreras. El sábado 7 de mayo se podrá disfrutar de una degustación gratuita de diferentes tipos de chocolates en el Castillo de Santa Bárbara y el domingo 8 llega al Teatro Principal el musical `Vivir así es morir de amor’, para disfrutar de las canciones más icónicas de Camilo Sesto. Además, el próximo jueves 12 de mayo dos citas importantes: el espectáculo de flamenco ‘Fuego’ en el Principal y el concierto de la arpista estadounidense Mary Lattimore en Las Cigarreras. A lo largo de la semana se podrán disfrutar de diversas exposiciones entre las que destacan 'Cuerpas de agua, cuerpas de tierra', de Andrea Restrepo en la sala de exposiciones del Centro 14 y la representación fotográfica del 175 aniversario de la Policía Local en la plaza Séneca.

 

AÑO EUROPEO DE LA JUVENTUD:

El lunes 9 se celebra el Día de Europa. La estación de ADIF acogerá una exposición a lo largo del mes que se complementará con diversas actividades culturales entre el 9 y el 13 de mayo. Cada día de la semana estará dedicado a un tema de interés combinado con actividades complementarias de información y ocio. Se pueden consular todas las actividades aquí: https://www.alicante.es/sites/default/files/documentos/202205/libreta-ex...

Lugar: Estación de trenes de ADIF

Fecha: actividades del 9 al 13 de mayo. Exposición del 9 al 31 de mayo

Horario: diversos. Consultar programación

Precio: gratuito

https://www.alicante.es/es/noticias/libreta-jovenes

 

MÚSICA:

VIVIR ASÍ ES MORIR DE AMOR de Moon World

Musical

VIVIR ASÍ ES MORIR DE AMOR es el mayor espectáculo en torno a la figura de Camilo Sesto, icono musical con más llegada internacional. El musical ofrece un amplio recorrido por las canciones más grandes y emblemáticas de la meteórica carrera de Camilo Sesto.

Lugar: Teatro Principal

Fecha: domingo 8 de mayo

Horario: 19h

Precio: entre 40 y 50€

https://www.teatroprincipaldealicante.com/fichaobra.php?id=1023

Concierto de B.O.W.

Concierto

La banda de rock clásico B.O.W presenta su doble álbum de debut BROTHERHOOD OF WOLVES en directo. Esta banda nacida en pleno 2021, después de una pandemia histórica, llega a Las Cigarreras para ofrecer un recorrido por la geografía del rock y devolver el sonido de las guitarras a la realidad.

Lugar: Caja Negra de Las Cigarreras

Fecha: viernes 6 de mayo

Horario: 21:30h

Precio: entre 10 y 15€

https://www.agendacultural.org/es/ayuntamiento-de-alicante/bow-en-concie...

Concierto de Mary Lattimore

Concierto

Mary Lattimore, arpista estadounidense que con los años ha revertido su formación clásica hasta llevarla a un plano alternativo en el que, con la fusión por bandera, ha logrado catapultarse dentro los créditos de artistas tan relevantes como Thurston Moore, Kurt Vile, o Jarvis Cocker

Lugar: Caja Negra de Las Cigarreras

Fecha: jueves 12 de mayo

Horario: 21:30h

Precio: gratuito

https://www.agendacultural.org/es/ayuntamiento-de-alicante/concierto-mar...

 

TEATRO:

#QUENONOSFRUNJANLAFIESTA2 de David Guapo

Humor

Considerado por el gran público uno de los mejores monologuistas Nacionales y tras más de 5 años situado en el más alto nivel de la comedia; David Guapo combina diálogo y música con este espectáculo único para todos los públicos lleno de humor, música e improvisación. David hace diálogos y no monólogos, porque sus actuaciones son auténticos intercambios de impresiones con los espectadores.

Lugar: Teatro Principal

Fecha: viernes 6 de mayo

Horario: a las 20:30h

Precio: entre 20 y 24€

https://www.teatroprincipaldealicante.com/fichaobra.php?id=1022

“Adiós, dueño mío” de María de Zayas

Teatro

Un «sarao», como decía María de Zayas, en pleno Siglo de Oro. Comedia. Enredo. Sexo. Música. Verso. Baile. Cinco actrices interpretan a cinco amigas. Y a tres hombres. Cinco mujeres que gozan y sufren. Que buscan amor. Sin compromisos. Sin dueños. Sin ataduras. Con la misma libertad que cualquier hombre. ¿Por qué no?

Lugar: Teatro Principal

Fecha: martes 10 de mayo

Hora: 20:30h

Precio: entre 9 y 15€ (descuentos disponibles)

https://www.teatroprincipaldealicante.com/fichaobra.php?id=1024

BAILE:

“FUEGO” de Compañía Antonio Gades

Flamenco
Ballet inspirado en el amor brujo de Manuel de Falla, cuenta la historia de Candela, una joven gitana enamorada de Carmelo y atormentada por el espíritu de su difunto marido con el que baila todas las noches. Una hechicera recomienda a la pareja bailar “la danza del fuego” para deshacerse del espectro que se interpone en el camino de su amor.

Lugar: Teatro Principal

Fecha: jueves 12 de mayo

Horario: 18h

Precio: entre 18 y 30€ (descuentos disponibles)

https://www.teatroprincipaldealicante.com/fichaobra.php?id=1025

 

GASTRONOMÍA:

Fin de semana del chocolate

Degustación gastronómica
La provincia de Alicante y en concreto Villajoyosa cuenta con una larga tradición en la creación y elaboración de chocolate, con recetas y trabajos que se remontan al siglo XIX. Con zonas tematizadas a lo largo del Castillo se realizará un recorrido por la historia de este producto tan arraigado en esta tierra con una jornada de degustaciones gratuitas de diferentes tipos de chocolates y chocolate a la taza.

Lugar: Castillo de Santa Bárbara

Fecha: sábado 7 de mayo

Horario: de 11 a 14h

Precio: gratuito

https://castillodesantabarbara.com/programacion/

 

EXPOSICIONES:

“CUERPAS DE AGUA, CUERPAS DE TIERRA” de Andrea Restrepo

Exposición

Exhibición que se gesta a partir de la reflexión autobiográfica sobre el origen de la vida, explorando el linaje materno a través de los principios femeninos, representados universalmente por el Agua y la Tierra.

Lugar: Sala de Exposiciones del Centro 14

Fecha: hasta el 30 de mayo

Horario: de lunes a viernes de 10 a 14h y de 15 a 20:30h

Precio: gratuito

https://www.alicante.es/es/agenda/nueva-exposicion-cuerpas-agua-cuerpas-...

175 aniversario Policía Local

Exposición Fotográfica

Muestra retrospectiva con fotografías y exhibición de unidades policiales. Consta de una parte audiovisual y una exposición con fotografías y documentos dispuestos sobre paneles sobre la evolución de la Policía.

Lugar: Plaza Séneca

Fecha: hasta el 15 de mayo

Horario: de martes a sábado de 10:30 a 13:30h y de 16:30 a 19:30h.

Domingos de 10:30 a 13:30h. Lunes cerrado

Precio: gratuito

https://www.agendacultural.org/es/ayuntamiento-de-alicante/exposicion-fo...

“100 años del Mercado Central”

Exposición fotográfica

Se trata de una selección de 35 fotografías distribuidas en ocho paneles que se exhiben en los ventanales del edificio situado en la calle Labradores con San Isidro. Las fotografías rememoran la construcción del Mercado de abastos, el antiguo mercado del Muelle y la futura Plaza de la Puerta del Mar. La muestra contiene fotografías de puestos de carne, pescado, salazones y de frutas y verduras.

Lugar: exterior del Archivo Municipal

Fecha: hasta el 5 de junio

Horario: permanente

Precio: gratuito

https://www.agendacultural.org/es/ayuntamiento-de-alicante/totem-de-pabl...

“Evil Toys”

Exposición

Los fanáticos del terror no se pueden perder esta exposición de muñecos de las principales películas de terror que han hecho temblar durante años a adultos y niños. Anabelle, Chucky, Talky Tina, Billy y muchos más.

Lugar: Castillo de Santa Bárbara (Sala Taberna)

Fecha: de lunes a domingo

Horario: de 10 a 20h

Precio: gratuito

https://castillodesantabarbara.com/programacion/#programacion

""Obertura. Más allá de los mapas"" de Michael Jenkins y Javier Romero

Exposición de arte contemporáneo

Los coleccionistas han donado 291 de sus obras, correspondientes a 155 artistas internacionales para su custodia, conservación, investigación y exhibición en el museo. La colección se compone de dibujo, escultura, pintura, obra gráfica, fotografía, instalación, libro de artista o video que refleja la diversidad de la práctica de los artistas modernos. La donación comprende obras de artistas locales como Elena Aguilera, Rosana Antolí, Aurelio Ayela y otros de talla internacional como Andy Warhol, Josef y Anni Albers o Richard Artschwager.

Lugar: MACA

Fecha: hasta el 29 de mayo

Horario: de martes a sábado de 10h a 20h.

Domingos y festivos de 10h a 14h. Lunes cerrado

Precio: gratuito

https://maca-alicante.es/colecciones/coleccion-michael-jenkins-javier-ro...

“El Cazador Furtivo” de Alberto Corazón

Exposición de arte contemporáneo

La primera muestra póstuma del artista que revolucionó el diseño en España, indaga en su proceso creativo a través de obras hasta ahora inéditas. Diseccionando su obra plástica a través de los asuntos más representativos que ocuparon al emblemático diseñador gráfico, pintor, escultor y ensayista (Madrid 1942-2021), reúne un conjunto de más de 60 piezas, de las cuales 45 no habían sido nunca antes expuestas al público.

Lugar: Sala de exposiciones Lonja del Pescado

Fecha: hasta el 8 de mayo

Horario: de martes a viernes: 9 a 14 horas / 16 a 21:45 horas

Sábados: 10 a 14 horas / 17 a 21:45 horas

Domingos: de 10 a 14 horas. Lunes: cerrado

Precio: gratuito

https://www.agendacultural.org/es/ayuntamiento-de-alicante/exposicion-el...

PHOTOALICANTE:

“Asia Town” de Miguel Trillo

Exposición fotográfica. PHOTOALICANTE

Esta exposición es una muestra que reúne el trabajo de dos de las series actuales de Miguel Trillo, ‘Cromasiáticos’ y ‘Ficciones’, ambas realizadas en el siglo XXI en Asia. Todas las imágenes de la exposición son retratos de gente joven a pie de calle a plena luz del día en espacios urbanos habituales para los adolescentes de hoy como centros comerciales, parques al aire libre o festivales de manga.

Lugar: Caja Blanca de Las Cigarreras

Fecha: hasta el 8 de mayo

Horario: de martes a sábado de 10 a 21:30h. Cerrado domingos y lunes.

Precio: gratuito

https://www.agendacultural.org/es/ayuntamiento-de-alicante/exposicion-as...

“El olvido de los espejos” deMiguel Ángel Calderón

Exposición. PHOTOALICANTE

El olvido de los espejos es un proyecto audiovisual ambientado en la Amazonía peruana que conecta el pasado con el presente a través del documental, la ficción y la animación 3D. Consta de dos partes: una película y una serie de fotografías intervenidas, que reflexionan sobre la mirada occidental y los fines extractivistas que han dominado la región, particularmente la fiebre del caucho de los siglos XIX y XX.

Lugar: Sala Negre de las Cigarreras

Fecha: hasta el 14 de mayo

Horario: de martes a sábado de 10 a 21:30h. Cerrado domingos y lunes.

Precio: gratuito

https://www.agendacultural.org/es/ayuntamiento-de-alicante/negre-el-olvi...

Se puede consultar el resto de exposiciones de PHOTOALICANTE en el siguiente enlace:https://photoalicante.com/exposiciones-2022/"
1580,TXT,"El alcalde de Elda, Rubén Alfaro, ha presentado esta mañana el vídeo oficial de las Fallas 2022, en un acto que ha contado con la presencia de Lorena Pedrero, concejala de Fiestas; de las Falleras Mayores, Lucía Giménez e Imara Lencina, y la presidenta de la Junta Central de Fallas, Isabel Martínez.

El regidor eldense ha dado la bienvenida a Lucía e Imara, “que nos acompañan un día antes de una jornada tan importante como es la del pregón y la crida en la que se dirigirán a todos los falleros y falleras y a los eldenses en general para animarles a disfrutar de las fiestas del reencuentro”.

Alfaro ha afirmado que “como hacemos con todas las fiestas de nuestra ciudad, tratamos de darles visibilidad con un vídeo promocional con el que también invitamos a todos los ciudadanos y ciudadanas a disfrutar la fiesta y compartir la celebración de nuestras costumbres”.

El alcalde ha destacado que “todos los barrios y las comisiones falleras están poniendo mucho empeño para organizar la fiesta con toda su plenitud y desde aquí quiero agradecer y felicitar a todos los voluntarios y voluntarias que están al frente y hacen un sacrificio importante”.

El vídeo, realizado por la productora eldense Malasandra, recoge imágenes de las Fallas de 2019, que fueron las últimas que se celebrarán y en las que además se conmemoró el 90 aniversario de las mismas, y resume todos los actos y actividades que se desarrollan durante las fiestas."
4644,TXT,"Alicante. martes 6 de junio de 2017
 La campaña de Animación a la lectura que la Concejalía de Cultura despliega por las bibliotecas públicas municipales llega hoy martes a Villafranqueza con una actividad pensada para público infantil y juvenil.
 El centro de lectura del barrio tiene preparada, desde las 10 horas, una conferencia, seguida de debate, en torno a los cómics. Las posibilidades comunicativas de estos relatos gráficos y los fondos sobre este tipo de literatura a disposición de los usuarios de la biblioteca van a ser temas sobre los que se hablará en el encuentro. Uno de los fines de esta charla - debate es ir captando el interés de los jóvenes con la lectura e, incluso, con la realización de relatos del género.
 Mañana miércoles, las bibliotecas de Diagonal y Ciudad de Asís albergarán sesiones de sus respectivos Clubs de lectura, en los que sus miembros intercambias impresiones y sensaciones en torno a las obras que, en común, han acordado leer y analizar. De 9,30 a 11 horas y de 11,30 a 13 horas, respectivamente. 
 La presente campaña de Animación a la lectura dio comienzo en marzo y concluirá este mismo mes de junio, tras haber dinamizado la vida de las bibliotecas de Pla-Carolinas, Benalúa, Florida - Babel, El Cabo, Ciudad de Asís, Villafranqueza, Virgen del Remedio, San Blas, Diagonal y Juan XXIII. También ha organizado eventos en las partidas de Cañada del Fenollar (centro polivalente) y Bacarot (en el colegio CEIP Bacarot, plaza Madreselva, 8)."
121,TXT,"El Ayuntamiento de Elche se suma a la lucha contra el cáncer. Los ediles del Equipo de Gobierno Marga Antón, Héctor Díez, Felip Sànchez y Esther Díez, junto a miembros de la Corporación Municipal han asistido  en la Plaça de Baix a la lectura del manifiesto con motivo del Día Internacional contra el cáncer.La edil de Cultura, Marga Antón, ha tomado la palabra para expresar el apoyo municipal a la lucha contra esta grave enfermedad, considerada como uno de los principales problemas sanitarios de la actualidad. El Ayuntamiento de Elche destina 12.000 euros a la Asociación Española Contra el Cáncer (AEC) con el fin de mejorar la prevención y el cuidado de la salud de los pacientes, además de la investigación relacionada con las enfermedades oncológicas.Seguidamente ha sido Juanjo Licerán, presidente de la Asamblea Local Española contra el Cáncer en Elche, quien ha leído el manifiesto en el que ha ofrecido cifras tan demoledoras como que en 2030 uno de cada dos hombres y una de cada tres mujeres padecerán esta enfermedad.Licerán ha señalado que la iniciativa impulsada por el Gobierno de España ‘Todos contra el cáncer’ “es una oportunidad sin precedentes para concienciar y movilizar a la sociedad española sobre la importancia de sumar los recursos y las capacidades de todos en torno a un gran programa de acción contra el cáncer, que incremente los recursos disponibles para proyectos de prevención, investigación, atención y divulgación”."
3270,TXT,"Alicante, 18 de octubre de 2021. La Asociación 11-M Afectados por el Terrorismo ha organizado en Alicante la conferencia del catedrático Fernando Reinares, uno de los primeros expertos en España sobre terrorismo yihadista, que pronunciará en el auditorio del MACA, el miércoles 20, a las 18 horas. 
 La conferencia de Fernando Reinares, autor del libro 11-M La venganza de Al Qaeda, se producirá en conexión con la exposición artística que la referida asociación protagoniza estos días, de la mano de la Concejalía de Cultura, en una de las salas del complejo cultural de la Lonja del Pescado.
 Fernando Reinares es director del Programa sobre radicalización Violenta y Terrorismo Global en el Real Instituto Elcano, Catedrático de Ciencia Política en la Universidad Rey Juan Carlos, ambos en Madrid; Global Fellow del Europe Program en el Woodrow Wilson Center y profesor de Estudios de Seguridad en la Universidad de Georgetown, en Washington. 
 La conferencia es un acto relacionado con la muestra “Trazos y puntadas para el recuerdo”, con la que Alicante se une a los homenajes que se suceden por diversos puntos de España a favor de las víctimas de los atentados del 11-M en Madrid, acontecidos en 2004.
 El MACA, Museo de Arte Contemporáneo de Alicante, está situado en la plaza Santa María, 3, en el centro histórico de la ciudad. 
 “Trazos y puntadas para el recuerdo”
 La exposición “Trazos y puntadas para el recuerdo” fue inaugura por Antonio Manresa, concejal de Cultura, y Eulogio Paz, presidente de la asociaciacón mencionada, el pasado 1 de octubre. La muestra podrá ser recorrida en la Lonja hasta el 7 de noviembre.
 La panorámica recoge una selección de obras de la colección de arte de la Asociación 11-M Afectados del Terrorismo, conseguida gracias a las muestras de solidaridad de artistas y creadores con las víctimas de aquellos atentados. Varios miembros de la Corporación municipal asistieron a la apertura de la exposición, junto a altos cargos de la Generalitat Valenciana."
2879,TXT,"Alicante, 23 de mayo de 2022. El alcalde de Alicante, Luis Barcala, ha anunciado este lunes que el artista de hogueras, Pedro Espadero; la barraquera María José Sicuter; y la foguerera, Chiqui Sánchez, serán el 3 de junio quienes pregonen las Hogueras 2022 desde el balcón principal del Ayuntamiento de Alicante. Barcala, al hacer una valoración conjunta de todos ellos, ha significado que “se trata de personas con trayectorias de casi cuatro décadas ligadas al mundo de la Fiesta, cuyas aportaciones han sido notorias en la celebración de las Hogueras”

Ha razonado la decisión al señalar que “porque éste es un año singular con el retorno de la Fiesta Oficial, se ha pensado en un Pregón distinto porque por vez primera serán tres las personas que lo protagonicen”. Además, “queremos que sean los representantes de los tres sectores -artistas, foguerers y barraquers-, quienes expresen sus sentimientos hacia las Hogueras del reencuentro. Nadie mejor que los propios implicados para ser la voz de la Fiesta”.

La vicealcaldesa Mari Carmen Sánchez, ha expresado su satisfacción por la acogida que han tenido los pregoneros, que han recibido la noticia por sorpresa en una reunión mantenida en el Ayuntamiento. “No hay nada más bonito en la Fiesta que pregonar aquello que uno quiere. Ser pregonero cuando las Hogueras se reencuentran, les tiene que suponer a los elegidos una inmensa alegría que, desde el Ayuntamiento, queremos compartir con ellos por todo lo que nos han dado durante décadas”.

Manuel Jiménez, concejal de Fiestas, ha manifestado que “hemos pretendido que sean protagonistas en Les Fogueres, con una dilatada y reconocida trayectoria, quienes se dirijan a los alicantinos para transmitirles un mensaje de recuperación, esperanza, alegría e ilusión”.

Pedro Espadero

Pedro Espadero ha construido más de 300 hogueras y fallas desde que debutó en 1984 con la infantil de Plaza de Pío XII. Posee el Emblema de Oro y Brillantes de las Hogueras desde 2006. Con la “Ars Amandi” que plantará a mediados de junio en la Plaza del Ayuntamiento, serán 15 las Oficiales que haya construido. De ellas, siete de forma consecutiva.

María José Sicuter

Es la actual presidenta de la barraca “Tot bacores”, integrada únicamente por mujeres. Fue vicepresidenta de Instituciones Fogueriles, en el periodo 1999-2004, con José Manuel Lledó como presidente de la Gestora. Anteriormente, con Andrés Llorens, delegada de Hogueras Infantiles. Su trayectoria en la Fiesta tuvo su reconocimiento en 2021 cuando figuró en la exposición “Referentes” que se pudo apreciar durante los días de Hogueras en los ventanales de la Casa de la Festa “Manuel Ricarte”.

Chiqui Sánchez

Actualmente es la vicepresidenta de su hoguera Hernán Cortés. En el mundo de la Fiesta se le conoce, además, por haber sido la “mano derecha” de José Ángel Guirao en los años 80 con los festivales de elección de la Bellea del Foc. También lo fue de otros delegados artísticos (Gines Pérez, Javier Villacampa, Carlos Pro y Noelia Rondón) hasta asumir la propia delegación artística en 2017. Ha coordinado un buen número de espectáculos con la Fiesta."
3824,TXT,"La Concejalía de Cultura del Ayuntamiento de Alicante, dirigida por el edil Antonio Manresa, informa que la muestra del artista y arquitecto municipal, Alejandro Yborra, puede visitarse en la Sala Taberna del Castillo de Santa Bárbara hasta el próximo 7 de enero. Alejandro Ybarra, nació en Aínsa, Huesca, en 1951. Su infancia y juventud los pasó en el Pirineo oscense. Posteriormente se trasladó a Valencia donde realizó sus estudios de arquitectura. Desde 1983 reside en Alicante, lugar en el que ha desarrollado su carrera profesional y artística. Hace una década cambió el lápiz y los pinceles por la tableta digital, herramienta en la que produce su obra gráfica.
 Es fundador de dibujandRo, cuya exposición de paisajes, personas y personajes se exhibe actualmente en el Castillo. Actualmente ejerce de Arquitecto Municipal
 La exposición
 Hace casi una década cambió el lápiz y los pinceles por la tableta digital. Desde entonces ha recreado en ella composiciones, paisajes , personas y personajes. Esta herramienta le permite crear con precisión- control total del color y el detalle, y reproducir en papel sus obras como cuadros de formato libre o proyectarlas digitalmente.
 Bajo el título “miradas desde mi tableta” se agrupan una serie de obras representativas de su particular universo creativo compuesto por:
 DibujandRo. Es un colectivo creativo que gira en torno a Alejandro Ybarra, arquitecto y artista, que ya hace algunos años cambió el lápiz y los pinceles por la tableta digital. Desde entonces se dedica a recoger y retratar distintos paisajes y personajes de manera incansable en su inseparable tableta. Como un pequeño diario, su pantalla recoge sus idas y venidas por la geografía española, a la vez que le permite trabajar y reproducir sus creaciones digitales como cuadros de gran formato en los que el control del color y del detalle es total."
2830,TXT,"Normas que se aplicarán al Registro Electrónico del Ayuntamiento de Alicante a partir del 9 de diciembre de 2019, en cumplimiento de lo dispuesto por la Ley 39/2015, de 1 de octubre, del Procedimiento Administrativo Común de las Administraciones Públicas.
Fecha de aplicación:
9 de diciembre de 2019.

Contenido de las solicitudes:
Todas las solicitudes deberán contener, al menos, los siguientes datos:

Nombre y apellidos del interesado y, en su caso, de la persona que lo represente.
Identificación del medio electrónico, o en su defecto, lugar físico en que desea que se practique la notificación. 
Hechos, razones y petición en que se concrete, con toda claridad, la solicitud.
Lugar y fecha.
Firma del solicitante.
Identificación previa a la presentación de solicitudes:
Previo al registro de la solicitud, se comprobará la identidad del interesado o de la persona que en su nombre la presente, y que deberá figurar en ésta como su representante.
No se admitirá la presentación de solicitudes que no sea realizada por el interesado o su representante.
La verificación de la identidad se realizará mediante la comprobación del nombre y apellidos que conste en el Documento Nacional de Identidad o documento identificativo equivalente, original.
La verificación de la adecuada acreditación de la representación corresponderá al órgano competente de la tramitación del procedimiento de que se trate. Debe tenerse en cuenta que tal acreditación es necesaria para formular solicitudes, presentar declaraciones responsables o comunicaciones, interponer recursos, desistir de acciones y renunciar a derechos.
Personas obligadas a presentar solicitudes a través de la Sede Electrónica:
Las Personas Jurídicas: Tendrán tal consideración las que a continuación se indican (la letra es la que aparece al inicio de su NIF):
A. Sociedades anónimas.
B. Sociedades de responsabilidad limitada.
C. Sociedades colectivas.
D. Sociedades comanditarias.
F. Sociedades cooperativas.
G. Asociaciones.
J. Sociedades civiles, con o sin personalidad jurídica.
N. Entidades extranjeras.
P. Corporaciones Locales (ayuntamientos o diputaciones ). 
Q. Organismos públicos.
R. Congregaciones e instituciones religiosas.
S. Órganos de la Administración del Estado y de las Comunidades Autónomas. 
V. Otros tipos no definidos en el resto de claves. 
Las Entidades sin Personalidad Jurídica: Tendrán tal consideración las que a continuación se indican (la letra es la que aparece al inicio de su NIF):
E. Comunidades de bienes y herencias yacentes.
H. Comunidades de propietarios en régimen de propiedad horizontal.
N. Entidades extranjeras.
P. Corporaciones Locales (Juntas vecinales, departamentos u órganos dependientes de la Administración sin     personalidad jurídica).
S. Órganos de la Administración del Estado y de las Comunidades Autónomas.
U. Uniones Temporales de Empresas.
V. Otros tipos no definidos en el resto de claves.
Quienes ejerzan una actividad profesional para la que se requiera colegiación obligatoria, para los trámites y actuaciones que realicen en el ejercicio de dicha actividad profesional:
Conforme a la Ley 2/1974, de 13 de febrero, sobre Colegios Profesionales, son actividades para las que su ejercicio requiere colegiación, las siguientes:

Ingenieros:
De armamentos y materiales.
De Construcción y Electricidad.
Aeronáuticos.
De Armas Navales.
De Caminos, Canales y Puertos.
De Montes.
Navales.
De Telecomunicaciones.
Agrónomos.
De Minas.
Industriales.      
Ingenieros Técnicos:
Aeronaúticos.
De Obras Públicas.
De Telecomunicaciones.
En Topografía.
Forestales.
Agrícolas.
De Minas.
Industriales.
Agentes de la Propiedad Industrial.
Diplomados en Enfermería.
Físicos.
Fisioterapeútas.
Graduados Sociales.
Logopedas.
Odontólogos y Estomatólogos.
Peritos e Ingenieros Técnicos Navales.
Podólogos.
Psicólogos.
Delineantes y Diseñadores Técnicos.
Arquitectos.
Arquitectos Técnicos y Aparejadores.
Decoradores Diseñadores de Interior.
Agentes de Aduanas.
Administradores de Fincas.
Agentes Comerciales.
Economistas.
Gestores Administrativos.
Biólogos.
Diplomados en Trabajo Social y Asistentes Sociales.
Educadores Sociales.
Farmacéuticos.
Médicos.
Abogados.
Procuradores.
Químicos.
Titulados Mercantiles.
Geólogos.
Veterinarios.      
Además, dentro de este colectivo se entenderán incluidos los notarios y registradores de la propiedad y mercantiles.
Quienes representen a un interesado que esté obligado a relacionarse electrónicamente con la administración:
Los sujetos obligados a relacionarse a través de la Sede Electrónica con el Ayuntamiento, lo estarán tanto si lo hacen en nombre propio como en representación de terceros.

Los empleados de las Administraciones Públicas:
Para los trámites y actuaciones que realicen con ellas por razón de su condición de empleado público.

Oficina de Registro Virtual (ORVE):
Como consecuencia de la obligación de las personas indicadas en el apartado anterior, a relacionarse electrónicamente con las Administraciones, no se admitirán solicitudes presenciales suyas dirigidas a órganos de cualquier Administración Pública por el sistema de ventanilla única, a través de la plataforma estatal ORVE.

Consecuencias de la no utilización de medios electrónicos por las personas obligadas:
En caso de que alguno de los sujetos obligados a relacionarse con el Ayuntamiento a través de su Sede Electrónica no lo hiciera por esta vía sino presencialmente, será requerido por la unidad tramitadora para que subsane mediante su presentación electrónica. Se considerará como fecha de presentación de la solicitud aquella en que haya sido realizada la subsanación.

Trámites en Sede Electrónica:
Para trámites en Sede Electrónica es necesario disponer de un certificado digital válido o DNI electrónico.

Los colectivos obligados a relacionarse electrónicamente con el Ayuntamiento pueden obtener firma electrónica del siguiente modo:

A través de Internet:

Agencia de Tecnología y Certificación Electrónica (ACCV)
Fábrica Nacional de Moneda y Timbre
Presencialmente:

Delegación de la Agencia Tributaria en Alicante:
Plaza de la Montañeta, 8.
03001 Alicante.
*Debe solicitarse cita previa en el teléfono 901 200 351."
4028,TXT,"El profesor David Garrido junto con un grupo de alumnos del Grado Superior de Administración y Finanzas del Instituto Doctor Balmis de Alicante han conocido las instalaciones del Archivo Municipal y han consultado diversos fondos: fotografías, periódicos y libros de padrones de habitantes."
3336,TXT,"Alicante, 12 de julio de 2021. Imágenes enviadas desde diversas ciudades españolas, desde China y desde Vietnam han copado los premios del VII Concurso Internacional de Fotografía Alicante, según se desprende del acta del Jurado que se ha hecho pública este fin de semana, tal como se recoge en las Bases del certamen. El concurso consta de 12 premios, que se repartirán un total de 4.500 euros.
 El concejal de Cultura de Alicante, Antonio Manresa, ha manifestado que las mejores fotos que han competido en esta VII edición del concurso, al que han concurrido instantáneas de 48 países, podrán ser apreciadas por el público y los seguidores de esta especialidad artística en una próxima exposición, en el Centro Municipal de las Artes, en el barrio histórico de la ciudad.
 El concejal de Cultura ha destacado la alta calidad de las instantáneas y ha puntualizado que los autores españoles, al ser los más numerosos en el certamen, han acaparado la mayor parte de los galardones. Ha explicado, sin embargo, que un fotógrafo de China y otro de Vietnam, han sido igualmente distinguidos en los apartados de Obras sueltas y Hechas con móvil.
 Jurado
 El acta del Jurado, que ha estado conformado por Pilar Irala, Isabel Ripoll y Carlos Balsalobre, se notificará también a los autores de las más de 3.600 fotos participantes, que han sido realizadas por profesionales, estudiantes de fotografía y aficionados residentes en 48 países.
 El acta del Jurado del concurso recoge las siguientes decisiones: “El concurso ha contado con 511 participantes y se han presentado 3.613 obras, de 48 países. Tras diversas deliberaciones, y según las categorías preestablecidas, el Jurado Calificador del VII Concurso Internacional de Fotografía Alicante 2021, otorga los siguientes premios:
 Premios
 PREMIOS A COLECCIONES CON UNIDAD TEMATICA:
 1º PREMIO: “Viejos recuerdos”. Santi Viladrich Pujol. Manresa-España
 2º PREMIO: “Flats”. Felipe Antonio Juárez Moreno. Madrid-España
 3º PREMIO: “Diálogos en silencio”. José A. López Rico. Petrer-España
 
 PREMIOS A OBRAS SUELTAS SIN UNIDAD TEMATICA:
 1º PREMIO: “Escúchame”. Noelia Palafox Romero. Guadalajara-España
 2º PREMIO: “Car in the forest”. Guanghui Gu. Guangzhou-China
 3º PREMIO: “La canasta”. Carlos Bravo. Castellón-España
 4º PREMIO: “El destajo”. María Reig Brotons. Ibi-España
 5º PREMIO: “Deshielo”. Rafael Bastante Casado. Madrid-España
 
 PREMIOS LOCALES A RESIDENTES EN EL MUNICIPIO DE ALICANTE:
 1º PREMIO: “Masquerade 10”. Luis Rivera. Alicante-España
 2º PREMIO: “Wall”. Tomas Martínez Hernando. Alicante-España
 
 PREMIO A FOTOS REALIZADAS CON TELÉFONO MÓVIL:
 1º PREMIO: “90 years old shoemaker”. Viet Van Tran. Ha Noi-VIET NAM
 2º PREMIO: “Rural patata”. Urbano Suarez. Valencia-ESPAÑA
 
 El Club Fotográfico Alicante (CFA), presidido por Sergio Rodríguez Roselló, y la Concejalía de Cultura, dirigida por el edil Antonio Manresa, trabajan al unísono en esta iniciativa. La exposición aludida, que colgará unas 50 fotos del concurso, se prepara para el mes de septiembre.
 En la imagen, foto llegada de Vietnam que se ha alzado con el primer premio en el apartado de instantáneas hechas con móvil."
3456,TXT,"La Concejalía de Igualdad os invita a representación teatral de ""FEAS"" dentro de su programación ""IGUALDAD EN LOS BARRIOS"" a cargo de la compañía MARACAIBO TEATRO, el viernes 23 de abril a las 18:30 h. en el Centro Social Comunitario ISLA DE CUBA (C/ Isla de Cuba, 40).
 FEAS propone el desafío de reivindicar y celebrar las feminidades disidentes. Todo lo que el sistema estigmatiza porque no encaja en los cánones que marca el patriarcado. Es un canto hermoso y comprometido a la Heterodoxia. Un espectáculo de humor tierno o descarado, planteado desde un feminismo borderline, algo punk o poligonero, que rescata a las mujeres invisibles, a las proletarias de la feminidad, y deja que sus silenciados cuerpos hablen. También hablamos de los hombres que buscan nuevos modelos de masculinidad.
 ENTRADAS
 PÚBLICO: 
 NORMAS DE ASISTENCIA"
2937,TXT,"Alicante, 14 de noviembre de 2021. El alcalde de Alicante, Luis Barcala, ha anunciado este domingo, al término de la XVII Gala Festers d´Alacant, que el Premio “José Ángel Guirao”, que valora toda una trayectoria personal en el ámbito de la Fiesta, se concede “In Memoriam” al casi centenar de festeros fallecidos en los dos últimos años. El primer edil ha significado de todos ellos que “casi desde el anonimato, día a día, mes a mes, año a año, han contribuido a poner en valor lo que son nuestras Fiestas. Sinónimo de nuestras raíces y de nuestra forma de ser. Se nos ido yendo en distintas circunstancias cuando, seguro estoy, tenían mucho más proyectos e ilusiones con los que engrandecer nuestras Fiestas. No están entre nosotros. Pero su recuerdo, con este Premio concedido, será imperecedero”.

En el transcurso de la Gala se han desvelado los nombres de los premiados en la modalidad individual. Son los siguientes:

Fiestas Tradicionales: María Dolores Peretó Cots
Fiestas en Barrios y Partidas: Balbina Espadas Bertomeu
Moros y Cristianos: José Antonio Miranda Martínez
Semana Santa: José Box Ortega
Hogueras: Pascal Domínguez
En lo que respecta a la colectiva, éstos son los ganadores:

Fiestas Tradicionales:  Fiestas de Tabarca
Fiestas en Barrios y Partidas: Comisión de Fiestas de San José de Carolinas
Moros y Cristianos: Moros del Cordón
Semana Santa: Colectivo de Costaleros de Semana Santa
Hogueras: Colectivo de Foguerers y Barraquers
El acto ha comenzado con una voz en off, personificando a la Fiesta, que ha pronunciado unas palabras de aliento y esperanza de cara al comienzo del calendario festero de 2022. Tras la coreografía “Alicante por Bandera” ha sido la vicealcaldesa Mari Carmen Sánchez quien ha dado la bienvenida a los asistentes. Ha incidido en lo que representan las Fiestas “como garantes de nuestras tradiciones” y ha enfatizado sobre el “motor turístico” que supone el conjunto de las celebraciones festeras.

Al anuncio de los ganadores de la modalidad individual, le ha seguido la coreografía “El sueño de la Fiesta”, un número en el que se ha proyectado el tema “El Sueño Imposible”, del musical “El Hombre de la Mancha”. 

Uno de los momentos de mayor emotividad de la Gala se ha vivido, a continuación, con el denominado “Festers In Memoriam”. En él se ha recordado mediante una sucesión de imágenes proyectadas en las pantallas y con la intervención del concejal Manuel Jiménez, a todas las personas del mundo de la Fiesta que han fallecido en los dos últimos años. 

La Gala
La Gala ha sido presentada por Miguel Llorca, representante de la Semana Santa, y por Andrea Martínez, de los Moros y Cristianos. Los más de cuarenta integrantes de los cuerpos de baile han sido alicantinos. Tanto para el acceso al recinto como durante el espectáculo se han aplicado las medidas sanitarias vigentes.

La apoteosis final ha estado dedicado a todas las fiestas de la ciudad. La de la Semana Santa, con la interpretación de una saeta por parte de Juan Luis de la Rosa y con los integrantes del Ballet de Alba Martínez. Los compases de un pasodoble, relacionado con las fiestas en Barrios y Partidas, han tomado forma en las evoluciones de Lidia Martínez y Víctor Valera, campeones de España de baile deportivo y de competición. La representación de un boato y un desfile de ambos bandos ha recordado a los Moros y Cristianos. La evocación de las Fiestas Tradicionales la ha representado la Colla de Nanos i Gegants d´Alacant. El estribillo del Himno de las Hogueras ha acompañado las evoluciones de los integrantes de la Fiesta Oficial."
2640,TXT,"Alicante, 19 de agosto de 2021. Más de 500 jóvenes alicantinos participaron la semana pasada en las actividades conmemorativas del Día Internacional de la Juventud que, organizadas por la Concejalía de la Juventud del Ayuntamiento de Alicante junto al Consell de la Joventut d’Alacant, ofrecieron a la población alicantina dos jornadas centradas en el deporte y ejercicio saludable además de la cultura y el ocio alternativo.

En este sentido, la agenda logró reunir, el pasado miércoles 11 de agosto, a más de 300 jóvenes que participaron en las actividades deportivas, que se celebraron en colaboración con la Concejalía de Deportes. A través de diferentes disciplinas y habilidades deportivas, como el vóley playa, fútbol playa, balonmano, pilates, entrenamientos funcionales o calistenia, la juventud alicantina demostró el interés en situar a Alicante como capital del deporte, además de poner en valor su compromiso con los hábitos saludables.

Asimismo, al día siguiente fueron más de 250 jóvenes los que visitaron el Centro de Cultura Contemporánea Las Cigarreras, donde se ubicó la tradicional feria de entidades del Consell de la Joventut d’Alacant junto a un concierto del grupo de indie y rock alternativo Malditeria. En este espacio, las asociaciones juveniles alicantinas pudieron mostrar su labor de voluntariado y su día a día, en cuanto a proyectos y actividades, a la sociedad, promoviendo así la participación y el asociacionismo entre las personas jóvenes de la ciudad.

María Conejero ha resaltado el éxito de esta convocatoria en la que ""más de 550 jóvenes han participado en las actividades del Día Internacional de la Juventud, que desde el ayuntamiento hemos impulsado junto con las asociaciones juveniles, y en las que hemos podido fomentar cuestiones como el asociacionismo, el voluntariado, el compañerismo, y compartido inquietudes por la cultura, el deporte o el medio ambiente, pero también en cuestiones como la precariedad laboral o el desempleo, todas ellas que preocupan a los jóvenes de hoy por los que hemos de seguir luchando pues de ellos depende el futuro"".

Por su parte, el presidente del Consell de la Joventut d’Alacant, Àlvar López de Medina, ha agradecido a la Concejalía de Juventud y al Ayuntamiento “la inclusión del Día Internacional de la Juventud en la agenda institucional del Consistorio”, una cita que espera “se tenga en cuenta cada día del año, porque la juventud es un sector que ha estado muy abandonado en esta ciudad y necesita políticas y actuaciones urgentes para acabar con la precariedad y el desempleo”.

López de Medina también ha manifestado su gratitud con las más de 30 entidades que conforman el CJA, las cuales “están siempre dispuestas a trabajar por el asociacionismo juvenil y la participación en la ciudad, a través de la pasión que ponen para desarrollar sus actividades, del voluntariado al que se enfrentan sin esperar nada a cambio y de las ganas de cambiar una sociedad que, tristemente, es adultocentrista”, a lo que ha añadido que “esperamos que pronto las asociaciones y grupos del CJA puedan disfrutar de un espacio digno en el que reunirse y desarrollar actividades, como bien podría ser el Centro 14”."
4225,TXT,"Alicante. Domingo 17 de junio de 2018
 Unos 700 participantes enrolados en nueve muixerangues de Alicante y otras ciudades de la Comunidad, junto varias collas de músicos, han convertido hoy la avenida de la Constitución en una gran demostración de torres humanas. 
 La concejal de Cultura, María Dolores Padilla, la bellea del Foc, Aleida González, y sus damas han presidido la IV Diada Muixeranguera, un encuentro que forma parte del programa Fogueres Culturals, que impulsa el Ayuntamiento junto a la Federación de Fogueres e IVC-Generalitat.
 Mañana festiva para los grupos que tratan de recuperar y engrandecer a Les muixerangues como forma de expresión de la tradición popular. 
 La IV Diada Muixeranguera de Alicante ha comenzado con el desfile de las nueve muixerangues hasta la avenida de Alfonso el Sabio, frente a la fachada del Mercado central, donde han levantado las primeras construcciones humanas. 
 Con la Muixeranga de Alacant de anfitriona, han participado, además, en el encuentro la de El Campello, la de la Marina Alta, la Colla Corball, la Penyeta Blanca de Cocentaina, la Torrentina, así como las de Vinaroz, Xátiva y Castellón.
 Los grupos de muixerangueros y muixerangueras, con las collas de músicos, han descendido después por la avenida Constitución, hasta ocuparla, prácticamente en su totalidad, donde han protagonizado varias tandas de construcciones humanas de diversas formas y técnicas.
 Una importante cantidad de público ha seguido las evoluciones de esta forma de expresión popular."
4369,TXT,"Alicante. Jueves 22 de febrero de 2018
 “Una gata sobre el tejado de cinc caliente” fue distinguida con el Premio Pulitzer de teatro en 1955 y fue una de las obras preferidas de su autor, Tenesee Williams, nombre artístico del periodista y escritor Thomas Lanier Williams. 
 El Teatro Principal de Alicante propone para este próximo fin de semana - sábado 24 y domingo 25 - dos funciones de esta pieza, en versión de Amelia Ochandiano, que también la dirige.
 T. Williams está considerado como uno de los grandes creadores dramáticos estadounidenses del siglo XX (nació en 1911 y falleció en Nueva York, en febrero de 1983). Sus obras contienen una importante carga social y, con frecuencia, los programadores estadounidenses censuraron algunas de sus escenas. 
 La riqueza de la acción en sus textos supuso que sus obras fueran rodadas para el cine, como fue el caso de La gata sobre el tejado de zinc caliente, cuya trama de desenvuelve en el transcurso de una calurosa tarde. 
 El guión, como apunta el programa del Principal, alude a un ambiente familiar: “Al padre de familia, que cumple 70 años, le están preparando una fiesta. Sus dos hijos, con sus mujeres, han acudido para celebrar la onomástica y la, aparentemente, recuperada salud del padre. Brick, el hijo menor, pegado a una botella de whisky desde hace unos meses y despreciando a su mujer. Gooper, el mayor, con su esposa Mae haciendo méritos para hacerse con la posible herencia del patriarca”. Y en medio de todos, Maggie - la Gata, una mujer bella y ansiosa dispuesta a arañar a todo aquel que intente apartarla de sus objetivos. 
 Teatro Principal de Alicante.
 Plaza Ruperto Chapí, S/n. Tfno: 965.203.100. www.teatroprincipaldealicante.com 
 Obra: Una gata sobre el tejado de cinc caliente.Dirección: Amelia OchandianoReparto: Juan Diego, Begoña Maestre, Eloy Azorín, Ana Marzoa, José Luis Patiño y Marta Molina.
 Funciones. 
 Sábado, 24 de febrero. 20 horas. 
 Domingo, 25 de febrero. 18 horas
 Precio de las entradas: 12, 18 y 25 euros."
550,TXT,"La concejala de Deportes del Ayuntamiento de Orihuela, Patricia Menárguez, ha presentado junto a Hermenegildo Conejero, presidente del Grupo Oriolano de Montañismo (GOM), el programa de actividades en el medio natural, que organiza GOM y en la que colabora la Concejalía. Menárguez ha explicado que “es esencial que este área colabore con este tipo de actividades para abrir a la ciudadanía este deporte, ya que en muchas ocasiones se concibe como una práctica para un público especializado. Sin embargo, hay un gran número de actividades programadas que van destinadas al público en general”. La programación, que cuenta con diez actividades que se desarrollarán desde septiembre hasta diciembre, contempla rutas de senderismo por la Sierra de Orihuela, jornadas de orientación, de limpieza, barranquismo, escalada y ghymkana infantil. Patricia Menárguez, concejala de Deportes, ha destacado la celebración de las Jornadas de Deporte y Montaña, organizadas por la Concejalía de Deportes, que tendrán lugar del 20 al 22 de octubre y en las que prestigiosos alpinistas como Juan Agulló, Juanjo San Sebastián y Rosa Real impartirán las conferencias. “Estamos hablando de montañistas que han alcanzado varios ochomiles, que han pasado verdaderos calvarios para llegar a la cumbre. Unas experiencias que no solo serán interesantes a los amantes de este deporte, sino que al público en general, ya que hablan de valores como el afán de superación, autodisciplina, superación de los límites o desarrollo personal, entre otros”. Por su parte, Hermenegildo Conejero, ha informado que las primeras actividades programadas consistirán en tres rutas senderistas por la Sierra de Orihuela. El 3 de septiembre se realizará la “Ruta de Las Minas”; el día 11 la “Ruta de Las Yeseras” y el día 17, la “Ruta de San Cristóbal”, todas ellas de dificultad media-baja. Así, en octubre se realizará el 8 y 9 unas jornadas de iniciación a la orientación con una sesión de teoría y otra de práctica; el día 15 una gymkana infantil y el 30, una jornada de limpieza en la que “se subirá a la sierra por diferentes rutas y se limpiará la basura que se encuentre por los senderos”, ha explicado Conejero. El club de montañismo ha organizado para el 13 de noviembre una jornada de barranquismo por la Sierra de Orihuela. El día 27 de noviembre y el día 3 de diciembre tendrá lugar una jornada de escalada. Hermenegildo ha indicado que para la realización de estas actividades “el club aportará el material necesario para las mismas, como arneses, cascos, descensores, cuerdas o sistemas de aseguramiento. Los participantes solo tendrán que llevar sus ‘pies de gato’ y la ropa adecuada para el monte”. El GOM publicará con 15 días de antelación en sus redes sociales, la ficha técnica y de inscripción de cada una de las rutas. Asimismo, se publicarán en la web de la Concejalía de deportes https://deportes.orihuela.es/"
4357,TXT,"-- La exposición estará montada durante todo el mes de marzo y se verá reforzada con la conferencia “Quien bien te quiere te hará llorar"", programada para el miércoles 7, a las 17,30 horas. 
 Alicante. Viernes 2 de marzo de 2018.
 “Los hombres andan flojos”, “Vampiros emocionales”, “Solas”, “La agresividad humana”, “Mujeres letales”, “El síndrome de la ternura”, “De qué hablamos las mujeres cuando hablamos de sexo”, “Cásate y verás” o “Las damas del laboratorio” son algunos de los títulos seleccionados por la biblioteca municipal Francisco Liberal, de Ciudad de Asís, para conformar una exposición en homenaje a la mujer. 
 Esta pequeña selección de volúmenes que se exhibe en lugar destacado en el centro público de lectura forma parte del extenso fondo que dispone la biblioteca para ofrecer a sus usuarios tanto para leer en sala como para ceder en préstamo. 
 La diversidad de los contenidos expuestos abarca novela con distintas temáticas, asuntos como el feminismo, las relaciones de pareja, la autoestima, violencia de genero o el trafico de mujeres, entre otros. 
 Este espacio de interés dentro de la biblioteca estará montado durante todo el mes de marzo con la idea de incentivar la lectura y acercar a la ciudadanía interesada a asuntos en los que quizás no haya profundizado hasta ahora.
 Conferencia de Vero Mc Clain. 
 Como refuerzo de esta preocupación por asuntos vinculados con la mujer, la biblioteca ofrecerá la conferencia “Quien bien te quiere te hará llorar. La cara oculta del refranero español”, que pronunciará la artista Vero Mc Clain.
 Esta actividad está programada para las 17,30 horas, del referido miércoles, y está pensada para un público juvenil y adulto. Libre acceso, hasta completar aforo.
 La conferencia forma parte del programa de actividades de “Animación a la lectura” que la Concejalía de Cultura, dirigida por Gloria Vara, despliega de febrero a mayo en la red de bibliotecas municipales de la ciudad.
 La biblioteca municipal Ciudad de Asís está situada en la calle Águila, 41. Teléfono, 965.283.486. 
 En la imagen, el punto de interés expositivo dentro de la biblioteca."
3487,TXT,"Alicante, 26 de marzo de 2021.- La balconada principal de la Casa Consistorial estará adornada desde hoy, 26 de marzo, y hasta el martes 6 de abril con unos elementos decorativos, de color blanco y morado, en homenaje al mundo cofrade. El diseño ha sido consensuado con el presidente de la Junta Mayor, Alfredo Llopis.
 Esta iniciativa, ha explicado el concejal de Fiestas, Manuel Jiménez, “es un reconocimiento al conjunto de personas y entidades que hacen posible la Semana Santa en Alicante y que, por segundo año consecutivo, no podrán sacar a sus imágenes en procesión”.
 La ornamentación se completa con cubrebalcones de color morado, y que abarcan la parte central y la fachada de la Casa Consistorial. A éstos se le suman las reproducciones de los escudos de las 27 hermandades y cofradías que configuran la Semana Santa de Alicante."
1330,TXT,"La Concejalía de Cultura del Ayuntamiento de Benidorm ha animado hoy a los compositores de música festera a presentar sus obras para el XXII Concurso de Música Festera ‘Villa de Benidorm’, cuyo plazo de admisión finaliza el próximo 31 de julio a las 23,59 horas. Para esta edición la modalidad elegida ha sido la de pasodoble.

El concejal de Cultura, Jaime Jesús Pérez, ha destacado que el concurso “es uno de los más longevos de la Comunitat Valenciana y también de los más esperados por los compositores, que ven en él un aliciente para entregarse a la creación de nuevas obras”.

Las composiciones deben ser originales e inéditas y no haber sido interpretadas en público con anterioridad a la decisión del jurado. Cada participante podrá presentar el número de obras que desee.

Las bases del concurso establecen un único premio de 2.000 euros y trofeo. Los participantes deberán enviar cuatro copias de la partitura y en un sobre el lema de la obra así como los datos del autor. Durante quince días naturales el jurado evaluará las obras recibidas y comunicará el lema del pasodoble ganador, que será interpretado en el concierto extraordinario que tendrá lugar en septiembre."
96,TXT,10 de Noviembre - 19:30h. Molière - El avaro Melpómene Teatro11 de Noviembre - 19:30h. Andrea Borrás - Concierto Íntimo12 de Noviembre -12h. Siete Cabritillos Los Claveles Teatro25 de Noviembre - 20h. El hombre que pescó un sueño. A la llum d’Alacant Ambulante Lab Alacant a Escena 2022ENTRADA LIBRE LIMITADA AL AFORO DE LA SALA
679,TXT,"Más de 100 millones de personas han podido conocer el festival a través de las redes sociales, prensa, radio y televisiónBrilla Torrevieja cierra su segunda edición tras tres semanas de actuaciones y actividades programadas. El festival, impulsado por seis jóvenes promotores alicantinos, ha conseguido reunir a 50.000 personas logrando alcanzar un impacto económico de 8 millones de euros en su segunda edición. Así mismo, más de 100 millones de personas, tanto del ámbito nacional como internacional, han podido seguir el festival a través de redes sociales, prensa, radio y televisión.El pasado 12 de agosto, Brilla Torrevieja puso el broche de final a las 26 actuaciones programadas en los diferentes escenarios distribuidos por toda la ciudad. Durante el segundo ciclo, 18.000 personas han acudido a las diferentes actuaciones de pago celebradas en el Principal Stage y 30.000 personas han asistido al resto de actuaciones gratuitas distribuidas en el Vegafibra Stage, Red Stage y Agamed Stage. Estas cifras, que ascienden a un total de 50.000 asistentes de todos los perfiles y edades. “En todo momento queríamos que cualquier persona pudiera conocer el festival sin importar el lugar en el que se encontrara. Gracias a la difusión que hemos estado llevando a cabo en redes, prensa, radio y televisión, más de 100 millones de personas han podido estar al día de todo lo que ocurría durante todo el transcurso Brilla Torrevieja”, destaca Pablo Pamies, uno de los promotores del festival.Así mismo, en cuanto a las cifras de turismo de la ciudad de Torrevieja, el festival ha logrado atraer a 35.000 visitantes tanto nacionales como internacionales. “Durante esta segunda edición hemos conseguido atraer a un público mucho más amplio, tanto de la comarca como de toda la provincia de Alicante y colindantes, así como de otras provincias que son fuente de turismo para la ciudad, como Madrid o Bilbao”, destaca Pamies.Impacto económico de Brilla TorreviejaEn cuanto a la repercusión económica, el festival ha logrado alcanzar un impacto de 8 millones de euros, de entre los cuales 3 millones de euros han sido generados directamente por el festival y 5 millones de euros han repercutido en los diferentes hoteles, restaurantes, cafeterías y otros comercios de Torrevieja.A pesar de que hace menos de una semana que acabó la segunda edición del festival, celebrado sin ningún tipo de incidente ni altercado, los promotores ya tienen en mente traspasar fronteras e iniciar conversaciones para poder contar en futuras ediciones con el apoyo de la Generalitat Valenciana, continuando así con su labor para conseguir posicionar tanto a la ciudad de Torrevieja como a la Vega Baja como destino musical referente de la Provincia de Alicante."
1502,TXT,"El Ayuntamiento de Elda ha sorteado esta mañana las plazas de portadores de las 100 antorchas de fuego que abrirán la bajada del Monte Bolón el próximo sábado y que serán seguidas por otras 180 antorchas LED que imitan el fuego, desarrolladas por el Instituto Tecnológico INESCOP y fabricadas por alumnos de electrónica del IES La Torreta, a instancias del Ayuntamiento de Elda.

En total, se han inscrito 284 personas. Los seleccionados recibirán un SMS que les informará sobre el tipo de antorcha que van a llevar, de acuerdo con el orden que ha salido en el sorteo. Los 100 primeros portarán las antorchas de fuego, mientras que el resto llevará las de luces LED. Si se produjeran algunas vacantes entre los primeros, serían cubiertas por los suplentes según el orden determinado por el sorteo.

Todos los portadores de antorchas de fuego deben acudir esta noche, a las 20.30 horas en el Centro Cívico, a la reunión en la que se les explicará las normas que deben cumplir rigurosamente durante la bajada. En la reunión estarán presentes representantes de Policía Local, Protección Civil, Bomberos y Cruz Roja. La no asistencia a esta reunión lleva implícita la pérdida de la condición de antorchero.

Los portadores se concentrarán el sábado a las 15.30 horas junto al Instituto La Melva, desde donde se procederá a ascender hasta la cumbre de Bolón para posteriormente, a las 18.00 horas, realizar la bajada.

La bajada del Monte Bolón de este año será el primer evento festivo con fuego que se desarrollará bajo la nueva normativa de seguridad contra incendios forestales, aprobada hace unos meses por la Conselleria de Medio Ambiente."
4124,TXT,"La Biblioteca Municipal Francisco Liberal, en el barrio de Ciudad de Asís, ha organizado una actividad lúdica los días 10 y 11 de diciembre. Los usuarios que deseen compartir sus juegos de mesa pueden hacerlo en la biblioteca en las fechas indicadas. El objetivo es que los lectores y los usuarios tomen conciencia de que la biblioteca es un lugar de esparcimiento y convivencia dentro del barrio, y no solo un depósito de libros y sala de estudio. Se preparará una selección de libros relacionada con esta actividad.
 El horario será de 16:30 h a 19:15 h. Se requiere hacer reserva en el teléfono 965 114 671."
2988,TXT,"Alicante, 15 de Abril de 2021. El Ayuntamiento de Alicante ha hecho un balance “muy positivo” del operativo de Seguridad organizado esta Santa Faz en el que han participado más de trescientos Policías Locales para garantizar el cumplimiento de las medidas anticovid, informando que ha transcurrido “sin incidentes y con una baja afluencias de personas al Monasterio, y sin botellones en las playas”.

El alcalde de Alicante, Luis Barcala, en declaraciones al finalizar la bendición ha destacado que “los alicantinos han respondido una vez más al llamamiento de no acudir a la Santa Faz hoy y han dado la talla con responsabilidad”, al tiempo que se ha mostrado muy satisfecho porque “no se han registrado incidentes, y la afluencia de personas que han acudido ha sido muy baja y cumpliendo con todas las medidas de seguridad, por lo que les damos las gracias”.

Sobre el dispositivo de Seguridad organizado para garantizar el cumplimiento de las medidas sanitarias anticovid el alcalde agradeció el excepcional trabajo realizado por “todos los cuerpos y fuerzas de Seguridad tanto de la Policía Local como del Estado que se ha mantenido todo el día en el trayecto desde Alicante al Monasterio, así como en la Santa Faz y las playas para garantizar que no se registrasen incidentes ni aglomeraciones”.

En cuanto a la afluencia de personas, el alcalde ha señalado que “las condiciones meteorológicas adversas de la lluvia durante el día han colaborado y ayudado para disuadir botellones y  aglomeraciones, que no se han registrado”, y puso en valor “el excepcional trabajo que se ha hecho desde el área de Seguridad,  y en especial la Policía Local que siempre ha demostrado en este día su profesionalidad organizando un gran  dispositivo y son un orgullo para nuestra ciudad”.

La vicealcaldesa de Alicante, Mari Carmen Sánchez, reiteró ese agradecimiento por “el comportamiento ejemplar y la responsabilidad de todos los ciudadanos”, así como “a los cuerpos de Seguridad que han realizado una excepcional labor y van a seguir velando durante todo el día y el fin de semana por nuestra seguridad”.

El tiempo inestable y lluvioso de esta jornada festiva en Alicante ha favorecido que no se produjeran aglomeraciones, y a su vez evitado que los jóvenes acudieran a las playas, como ocurría en pasadas jornadas. El concejal de Seguridad, José Ramón González, dio la enhorabuena por el inmejorable trabajo realizado por la Policía Local destacando “la buena coordinación del operativo en cada una de las zonas de intervención, y el excelente trabajo desarrollado, que ha garantizado que discurra la Santa Faz con total normalidad y sin ningún incidente”.

Con este dispositivo de Seguridad desde primera hora se han controlado todos los accesos al Caserío y la avenida de Denia, desplegando varias patrullas, y han sido muy pocas las personas que han decidido  a realizar  esta mañana la peregrina a la Santa Faz.

Además se ha establecido también un control de aforo a la Plaza Foglietti, delimitando las entradas y salidas en los accesos, en el que no ha sido necesario tener que cerrar el acceso de personas en toda la mañana. En el momento de la Bendición en la plaza los agentes han garantizado que las pocas personas que se encontraban mantuvieran las distancias de seguridad, y ha transcurrido de forma segura y sin aglomeraciones.

La Policía Local con cerca de un centenar de agentes han vigilado distribuidos durante todo el día las playas y la ciudad, para evitar el consumo de alcohol con un Plan Antibotellón, y no se han registrado ni grupos de jóvenes, ni botellones, así como tampoco se han levantado actas de sanción."
108,TXT,"La edil Marga Antón presenta las actuaciones musicales que se llevarán a cabo hasta junio en la Sala Roja del museo y en el Patio de Armas del Palacio de Altamira con el objetivo de fomentar el arte en el municipioEl Conservatorio Profesional de Elche con la colaboración de la Concejalía de Cultura han impulsado cinco conciertos gratuitos en el Museo Arqueológico y de Historia de la ciudad (MAHE). La edil del área, Marga Antón, acompañada por el director del conservatorio, José Galiano, y la vicedirectora, Ana Fenoll, ha presentado la nueva temporada de conciertos que se desarrollarán entre los meses de febrero a junio con el fin de fomentar el arte en el municipio.Las cuatro primeras actuaciones se realizarán en la Sala Roja del museo, y la última tendrá lugar en el Patio de Armas del Palacio de Altamira. Los conciertos serán interpretados tanto por alumnos como profesores del conservatorio, además solistas de guitarra y grupos de viola, chelo, saxofón y guitarra.Esta acción se ha realizado por segundo año consecutivo. Tanto el director como la vicedirectora agradecen la colaboración del MAHE y el apoyo de la Concejalía en este proyecto."
4034,TXT,"La Concejalía de Cultura, programa diferentes acciones en torno a la celebración el próximo 23 de abril del Día del Libro. Además de las Bibliotecas Públicas Municipales, otros centros como el Museo de Arte Contemporáneo, las Cigarreras, o algunas de las plazas más importantes de la ciudad, se convierten en el epicentro de la celebración del Día Internacional del Libro. 
 23 de abril
 Biblioteca Florida-Babel de 11.30 a 12.30 h
 Sesión de cuenta-cuentos y taller para los lectores infantiles, mayores de 3 años, cuyo tema es ""Los ratones de bibliotecas"".
 Biblioteca El Cabo a las 11:00h
 ""Vuela alto con tu avión de cartón"".TALLER DE MANUALIDADES. Por Karen Jaruffe. Niñas/os (de 6 a 10 años ) en compañía de adultos.
 24 de abril
 Biblioteca Villafranqueza de 9:45 a 10:45h. 
 Sesión del Club de lectura infantil (Plan Clic) de 8 a 12 años Libro: “Furia” de Patxi Xubizarreta
 El libro se puede recoger previamente en la biblioteca. Para inscripciones y más información en la propia biblioteca.
 A las 11:00h.
 ""Pequellibre"". TALLER Por Rebombori Cultural. Público infantil ( de 7 A 12 años).
 Biblioteca Diagonal a las 11:00h.
 ""Crea tus personajes y tu propio teatro de cartón"" .TALLER DE MANUALIDADES.
 Por Karen Jaruffe. Niñas/os (de 6 a 10 años ) en compañía de adultos.
 25 de abril
 Biblioteca Virgen del Remedio a las 11:00h.
 ""El enigma literario"". TALLER Por Rebombori Cultural. Público infantil (De 7/8 a 12 años años).
 26 de abril
 Biblioteca Benalúa a las 11:00h.
 “La historia interminable”. NARRATIVA ORAL. Por Rebombori cultural. Público infantil (+ 4 años).
 Teatro y cuento en las calles de Alicante
 Los días 23, 24 y 25 de abril, “Al otro lado de la parcela”, compañía de teatro de Va de Cuentos, y Alberto Celdrán, reconocido cuenta cuentos alicantino, llevarán a cabo espectáculos familiares gratuitos que promueven la literatura infantil a través del teatro y la música.
 Estas son las fechas y lugares:
 23 ABRIL 18:00 h Plaza Oliveretes
 "" Ensalada de cuentos"" Al Otro Lado de la Parcela.
 24 ABRIL 18:00 h Plaza San Juan de Dios
 “Cuentos monstruosamente divertidos” Alberto Celdrán.
 25 ABRIL 18:00 h Palmeretes - Plaza Castellón 
 “Cuentos en la maleta” Al Otro Lado de la Parcela.
 “Cuéntamelo todo”: un día dedicado a la literatura
 Durante la jornada del 27 de abril, en el Centro Cultural Las Cigarreras, habrán espacios permanentes, desde las 10 horas, organizados por Va de Cuentos, en los que tendrán lugar desde “Laboratorios de letras e imágenes”, a la realización de un mural colectivo con collages de cuentos, y espacios destinados a la creatividad, con disfraces, dramatización y juegos con cajas y materiales reciclados.
 Además, hay toda una programación desde las 11 de la mañana a las 19 horas de la tarde, con diferentes talleres infantiles y familiares, como cuenta cuentos musicales, talleres de expresión artística o yoga y cuentos.
 Los adultos también encontrarán espacios en los que aprender a promover la educación emocional a través de los cuentos y la literatura infantil desde el respeto. Desde las 10:30 hasta las 20:30, podrán disfrutar de talleres con títulos como “Cuentos e Igualdad de Género”, “Acompañamiento Emocional y literatura infantil” impartidos por Va de Cuentos, y espectáculos y talleres de la mano de Félix Albo, reconocido narrador oral y escritor español.
 23 abril.
 Un año mas y con motivo de la celebración del Día del Libro, la biblioteca del MACA, vuelve a participar en lo que se conoce como BookCrossing o Liberación de libros. Conjuntamente con el resto de Museos y Centros de Arte de muchas ciudades de España, hacemos que ese día la ciudad se llene de libros viajeros..
 Además el MACA, para celebrarlo tendrá una lote de publicaciones, que estarán a disposición de todo el que nos visite del 23 al 28 de abril, como regalo para celebrar el Día del Libro.
 Todos los espectáculos a las 18 horas
 Martes 23 en la Avenida Historiador Vicente Ramos EQM-Producciones presenta “Antipasti” (Circo y Magia)
 Miércoles 24 en la Plaza Montañeta EQM-Producciones presenta “Stromboli” (Teatro de calle)
 Jueves 25 en el Parque La Paz, Pau 2 Clowdestino Teatro presenta “Narices al rescate” (Teatro)
 Viernes 26 en la Avenida Pintor Xavier Soler Pámpol Teatro presenta “Casi de verdad” (Marionetas)"
1589,TXT,"Todo está listo para que Sus Majestades los Reyes Magos lleguen mañana a Elda guiados por las antorchas de los montañeros de Bolón. A partir de las 18.30 horas dará comienza la espectacular Cabalgata Real de Elda, con más de 1.500 personas acompañando a Gaspar, Melchor y Baltasar en su recorrido por las calles de la ciudad, donde miles de familias darán la bienvenida a los Magos de Oriente, que llegan cargados de ilusión y de regalos.

‘Elda, ciudad de las maravillas’ es el lema de la Cabalgata 2023 que, tras las restricciones de los dos últimos años, llega más espectacular que nunca. Será un desfile marcado por el colorido, la música y el olor a mirra, canela y naranja, ingredientes del incienso elaborado de manera específica para la Cabalgata eldense que prenderán los integrantes del séquito real y que impregnará las calles de todo el recorrido.

Además del incienso de la Navidad eldense, otra de las novedades será el estreno de la canción que la cantante Alba Ed-Dounia ha compuesto para la Cabalgata de Elda y que sonará durante todo el desfile. Será, por tanto, una cabalgata en la que los sentidos van a tener un protagonismo especial.

La Cabalgata contará con dos carrozas más que en 2022 desde las que se repartirán más de 2.000 kilos de caramelos. El recorrido del desfile se mantiene y como curiosidad el traje del Rey Baltasar es nuevo, así como el de sus pajes.

La duración prevista de la Cabalgata es de unas dos horas y en la Plaza de la Constitución tendrá lugar la Adoración, que en esta ocasión se celebrará sobre un escenario desde el que los Reyes Magos se dirigirán, sobre las 20.45 horas a los niños y niñas de Elda. A continuación, Sus Majestades partirán hacia el estadio Nuevo Pepico Amat, para llevar su magia al encuentro de Copa del Rey que enfrentará al Deportivo Eldense y al Athletic de Bilbao."
442,TXT,"El Ayuntamiento de Benidorm ultima estos días, de la mano de todos los agentes implicados, los dispositivos de seguridad y sanitario de las próximas Festes Majors Patronals, que se celebran a partir de la noche del 11 de noviembre. Como es habitual, los operativos prestarán especial atención a los eventos pirotécnicos programados, así como a los eventos en los que habrá una mayor concentración de público y festeros. Para perfilar los últimos detalles de estos dispositivos, esta mañana se ha celebrado una reunión de seguridad presidida por los concejales de Fiestas y Seguridad Ciudadana, Jesús Carrobles y Lorenzo Martínez, a la que han asistido técnicos de ambas áreas y de Vía Pública y Espacio Público; responsables de la Policía Local y del Cuerpo Nacional de Policía; representantes de Cruz Roja y Protección Civil; y miembros de la Comissió de Festes Majors Patronals y de l’Associació de Penyes, entre otros."
2753,TXT,"El Ayuntamiento de Alicante ha aprobado en Junta de Gobierno el plan de Seguridad y Salud para iniciar las obras del Lote 2  de ‘Renovación de los campos de fútbol situados en el polideportivo de la Albufereta, 'Luis Gómez' en Virgen del Remedio y el 'Juan Antonio Samaranch' en Gran Vía Sur’, a favor de la empresa Galitec Desarrollos Tecnológicos S.L con un presupuesto de 535.200 euros. El área de Infraestructuras, que dirige José Ramón González, junto con la de Deportes, que gestiona José Luis Berenguer, dan el último paso para el inicio de esta actuación muy demandada y esperada por los clubes de fútbol especialmente en sus categorías base. 

Estas obras de  inversiones financieramente sostenibles tienen un plazo de ejecución de ciento treinta y cinco días, y como ha señalado el edil de Infraestructuras con ellas  “se logra mejorar y modernizar importantes instalaciones que cuentan con muchos usuarios y  sustituir el pavimento de césped artificial de tres nuevos campos de fútbol en los complejos deportivos de los barrios de la ciudad”.

Las obras para acometer los trabajos de acondicionamiento y rehabilitación de los polideportivos están coordinadas por la Concejalía de Deportes, que dirige el edil José Luis Berenguer, y se enmarcan dentro de plan de mejora y modernización.

El edil de Deportes ha  destacado la importancia de “poder llevar a cabo esta necesaria renovación para cambiar las porterías, redes y mobiliario, mejorar las zonas de paso en estrechamientos y proteger los cañones de riego así como renovar el césped del campo de futbol que se prevé ampliarlo”.

El edil de Infraestructuras ha explicado que también se van a llevar a cabo “labores de mantenimiento en general, así como  se realizará la limpieza de los imbornales”.

En el polideportivo de la Albufereta se va a sustituir el pavimento de césped artificial actualmente existente en el terreno de juego del campo de fútbol 7 de 4.077 metros cuadrados, así como las zonas de circulación interior del recinto.

En las instalaciones de 'Luis Gómez' en Virgen del Remedio se renovará el terreno de juego del campo de fútbol 11 de 5.032,5 metros cuadrados,  y por último el de  'Juan Antonio Samaranch' en Gran Vía Sur’, se cambiará el césped del campo  de 6250 metros  cuadrados."
4615,TXT,"Alicante. Lunes 10 de julio de 2017 
 El Centro Municipal de las Artes estará cerrado esta tarde de lunes, según informan los servicios administrativos de la Concejalía de Cultura, que alegan problemas técnicos.
 Ante este imprevisto, se avisa a los posibles usuarios para que cambien la fecha de su visita, en el supuesto de que pensasran acudir esta tarde a dicha sede municipal."
2372,TXT,"Alicante, 21 de septiembre de 2022. El festival Rocanrola Rap Attitude llegará a Alicante los próximos 6 y 7 de octubre. Se trata de una de las mayores citas a nivel nacional de rap y trap enfocado para un público joven que cuenta con la colaboración del Patronato de Turismo Alicante City&Beach.

La vicealcaldesa y responsable del Patronato de Turismo Alicante City&Beach, Mari Carmen Sánchez, ha señalado que “continuamos ampliando la oferta cultural y musical en la ciudad que tan buenos resultados nos está ofreciendo después de dos años sin poder disfrutar de festivales y conciertos sin restricciones”. “Desde el Patronato apostamos de manera firme por este producto turístico, en esta ocasión destinado a un público más joven, para promocionar nuestra ciudad”, ha añadido.

El festival se celebrará en el Espacio Rabasa y contará con tres escenarios, zona de acampada, de restauración incluyendo comida para veganos, áreas de descanso y zona Vip.

La organización asegura que ya ha vendido 19.000 abonos para el festival, cuyo cartel incluye artistas de primer nivel: Natos Y Waor, Kase. O, SFDK, Ayax Y Prok, FernandoCosta, Morad, Nach, Juancho Marqués, Kaze, Toteking, Delaossa, Funzo & Baby Loud, Rayden, Recycled J, Hard GZ, Fyahbw, Rapsusklei, Los Chikos del Maíz, Anier, Sharif, Denom, Errecé, Sofía Gabanna y Killah Man.

Desde la organización del Rocanrola prevén un impacto económico de más de 6 millones de euros para la ciudad, principalmente en restauración y alojamientos, así como un aporte de 350 puestos de trabajo directos y más de 500 indirectos en la ciudad y alrededores.

Las acciones de comunicación que ha realizado el festival desde su inicio suponen un alcance “de más de 7 millones de impactos de marca dirigidas a un público joven, mayoritariamente entre 18 y 30 años, con diferentes campañas que se han realizado a través de las redes sociales y de los múltiples canales de publicidad digital, situando a la ciudad de Alicante en el epicentro de la música rap nacional”, han indicado las mismas fuentes.

La organización también ha dispuesto autobuses desde Madrid, Barcelona, Valencia, Murcia y Albacete.

Los abonos están a la venta en la web del festival www.festivalrocanrola.com"
676,TXT,"Tras el periodo vacacional, el Instituto Municipal de Cultura “Joaquín Chapaprieta” anuncia que desde el día 5 hasta el 9 de septiembre se va a abrir una segunda convocatoria para matricularse en algunas de las escuelas municipales que tienen plazas vacantes.Las escuelas que ofertan plazas son las siguientes: Danza oriental, teatro, taichí y fotografía. En caso de haber más solicitudes que plazas ofertadas se atenderá al orden de inscripción, creándose una lista de espera para aquellos que no se hayan podido inscribir.El modo de matriculación será exclusivamente telemático a través de la sede electrónica del Instituto Municipal de Cultura, en el siguiente enlace: https://torreviejacultura.sedelectronica.es/info.0"
839,TXT,"La concejala de Cultura, Rosa Vidal, ha presentado esta mañana la programación del Teatro Castelar para el primer semestre del año, una programación que incluye propuestas teatrales, musicales y de danza para todos los gustos y para todos los públicos. “Vamos a tener mucho humor, temas sociales y reivindicativos, además de Eldenses en el Castelar y el Año Coloma”, ha indicado Vidal.La edil ha recordado que el programa arrancará el sábado 12 de febrero, a las 20 horas, con una de las representaciones incluidas también en la programación del Año Coloma como es el concierto de la Capella de Ministrers: “Ya hemos tenido ocasión de conocer detalles de este concierto, pero me gustaría recordar que se trata de una excelente ocasión para los amantes de la música de calidad con un grupo de renombre internacional y con muchos premios en su haber”.Vidal ha indicado que “un día después, el 13 de febrero y a partir de las seis de la tarde, llega al escenario del Castelar ‘El amor debería esta prohibido’ de la mano de Juan Luis Mira, con Iván Gisbert e Inma Mira. Es una obra muy divertida y será gratuita. A continuación, con motivo del 200 aniversario de la AMCE Santa Cecilia, ofreceremos un concierto en el que se realizará un recorrido por la historia de la banda. Nuestro teatro estará abarrotado para un concierto que intercalará piezas musicales y la recuperación de músicos que han formado parte de la banda”, ha añadido la concejala.El 5 de marzo, a las 21.00 horas, es el turno del humor, con el Comandante Lara, “que nos hará reír a carcajadas, acompañado de Jesús Tapia y Vicente Ruidos, con un nuevo show que llegará el 5 de marzo a las 21.00 horas”.Además, habrá actividades con motivo del Día de la Mujer. El 8 de marzo a partir de las 20.00 horas y con entrada gratuita, llega a Elda Pink Show Comedy, que traerá a Carmen Alcayde, Chely Capitán y Nerea Garmendia con ‘Monólogos muy cuquis’. El 12 de marzo, a las 20.00 horas, llegará ‘Flamenco Kitchen’, ofrecido por una compañía sevillana fundada por mujeres que realiza un espectacular innovador, nominado a los Premios Max, “con cantaoras, bailaoras, guitarrista y percusionista, con una trama reivindicativa que se desarrolla en la cocina de un restaurante”, ha indicado Vidal.Rosa Vidal ha recordado que “por supuesto, tendremos también Año Coloma, con ‘El Ávaro’ de Molière. La compañía Atalaya ha realizado una adaptación musical muy pegada a la realidad, a pesar de que es una obra que cumple 400 años. La representación será el 8 de abril a las 20.00 horas”.Dentro de ‘Eldenses en el Castelar’, el ballet contemporáneo llegará con el Balletto del Sud, una compañía joven referente en Italia con propuestas muy interesantes, con 20 bailarines procedentes de todo el mundo, una de ellas la eldense Eva Colomina. Además, el 13 de mayo llegará a Elda Alejandro Vera con ‘En tierra extraña’, una obra que llenará de coplas el patio de butacas del Castelar. Estará acompañado por Avelino Piedad y la prodigiosa voz de Diana Navarro. Interpretarán a Concha Piquer, Rafael de León y Federico García Lorca.El 7 de mayo, a las 20.00 horas, Yllana Teatro representará ‘Maestrissimo’, un espectáculo muy divertido que rompe los corsés alrededor de la ópera y de la música clásica.Para finalizar, Rosa Vidal ha indicado que “la programación se completará con propuestas infantiles, de la Universidad de Alicante, conciertos del Conservatorio y de la Sinfónica del Castelar y, por supuesto, campaña didácticas que iremos anunciando”.Las entradas se pueden adquirir en Servientradas y también en las taquillas, dos horas antes de cada uno de los espectáculos, y la programación está disponible en la web https://www.agendaelda.com/INICIO.html"
3237,TXT,"Alicante, 23 de noviembre de 2021. Alicante se une a la Comisión de Pueblos y Ciudades para Promover la Vida y Reinado de Alfonso X El Sabio en el VIII Centenario de su nacimiento. Esta iniciativa está impulsada por la Federación de Municipios y Provincias (FEMP) en el marco de las actividades por los 40 años de su constitución. En total son 57 municipios de 23 provincias los que van a participar en la conmemoración, durante este año y el que viene, por ser los lugares por los que se desplazó Alfonso X y donde dejó un gran legado cultural, político y social.
 Al cumplirse este martes los 800 años del nacimiento de Alfonso X (23 noviembre 1221- 4 de abril 1284), Toledo, lugar de su nacimiento, ha acogido una reunión institucional con representantes de los municipios que se han adherido a la iniciativa para realizar la presentación oficial de las actividades previstas. El epicentro estará en Toledo, ciudad de las tres culturas donde el rey Sabio tuteló la famosa Escuela de Traductores que fue clave para difundir el conocimiento. Pero todas las ciudades participantes realizarán actividades sobre la figura del rey de Castilla y el legado que dejó en ellas. Además del valor cultural e histórico, la FEMP quiere que la conmemoración sirva para reactivar el turismo cultural en todos los municipios participantes.
 El concejal de Cultura de Alicante, Antonio Manresa, ha asistido a esta reunión y considera que la conmemoración es “una oportunidad única para que los alicantinos conozcan la historia de un reinado que impulsó el saber clásico y medieval”. Y también de “intercambiar con otras ciudades alfonsíes experiencias culturales que nos permitirán conocer más nuestra historia común, la de España y la de nuestra ciudad”, ha añadido.
 Entre otros hechos históricos curiosos, no todos los alicantinos saben que el nombre del barrio del Pla (Pla del Bon Repós) tiene su origen en una residencia de recreo que Alfonso X y su mujer, doña Violante, se hicieron construir extramuros de Alicante. Allí pasaron temporadas y fue donde, según cuentan las crónicas, doña Violante quedó embarazada tras años pensando que no podía tener hijos. En la época lo atribuyeron a que el sitio de la residencia era óptimo para el reposo de la reina y de ahí el nombre.
 Los objetivos de la Comisión de Pueblos y Ciudades son facilitar un mayor conocimiento y relación de los lugares vinculados a Alfonso X, apoyar y difundir actividades conjuntas entre los miembros de la Comisión, difundir la vida y reinado de Alfonso X, potenciando programas educativos y culturales que permitan un mayor conocimiento y difusión de los valores de su obra en el entramado educativo y social. Y promover una política cultural que se ajuste a los objetivos marcados, según recoge el documento constitutivo de la Comisión.
 Actividades en la ciudad
 La Concejalía de Cultura con la colaboración del Archivo Municipal de Alicante va a organizar durante el año conmemorativo una serie de actividades expositivas para difundir la presencia del rey Alfonso X el Sabio a través de los documentos de la época, así como las celebraciones que se organizaron en la ciudad de Alicante en épocas más contemporáneas que recordaban su figura.
 Para conmemorar la efeméride del nacimiento del rey este martes el Archivo Municipal, que dirige Susana Llorens, ha presentado en la web municipal un extracto del Libro de los Privilegios a la ciudad de Alicante, que se guarda en el Archivo, en la que Alfonso X concede a los pobladores exenciones en pagos de impuestos de caza y pesca.
 A esta actividad divulgativa le seguirá una exposición en los ventanales del Archivo donde se mostrarán una selección de documentos manuscritos, impresos, fotografías y publicaciones que hablan de la vida y obra de un rey con una trascendencia histórica."
2256,TXT,"El concejal de Deportes, Víctor Bernabéu, ha anunciado este miércoles que ante la actual situación de la alta incidencia en los contagios por COVID-19, y atendiendo a los informes técnicos municipales, “nos vemos obligados a tener que suspender la edición de JUVE 2022 que teníamos previsto celebrar los días 2, 3 y 4 de enero en la Glorieta Gabriel Miró”.

En este sentido, el edil oriolano ha manifestado también que los informes técnicos recogen que “no se puede garantizar desde la administración pública la aplicación de la norma y disminución del riesgo de contagio sin perder la esencia del evento”.

Por otra parte, Bernabéu ha lamentado que “un año más la pandemia nos deja sin JUVE, pero tenemos que priorizar ante todo la seguridad y la salud de los oriolanos, esperamos que el próximo año la situación sea diferente y podamos celebrar este evento deportivo tan esperado por todos”.

            El año pasado este evento ya no se pudo celebrar precisamente por la complicada situación de la pandemia y las restricciones establecidas en su momento, lo que impidió que este evento se pudiera llevar a cabo finalmente."
135,TXT,"Los ediles de Cultura, Marga Antón, y de Turismo, Carles Molina,  asisten a la presentación de la cita cinematográfica ilicitana la Feria Internacional de Turismo de Madrid. La concejala de Cultura, Marga Antón, y el concejal de Turismo, Carles Molina, y , han asistido esta tarde a la presentación del Festival Internacional de Cine Independiente de Elche (FICIE) en el estand de Fitur Cine, junto a otros festivales y series de televisión producidas en la Comunidad Valenciana.“El FICIE es uno de los festivales de cine independiente de mayor prestigio. Un evento que cumple su 46 edición y que convierte a Elche en un referente cultural“, ha apuntado la edil de Cultura, quien ha indicado que cada año más de un millar de trabajos se presentan al festival.Marga Antón ha destacado que “el FICIE es un festival único a nivel tanto nacional como internacional, un evento para dar a conocer a los nuevos talentos del panorama cinematográfico. Un festival que sigue creciendo como lo prueba el hecho de que la Academia de las Artes y las Ciencias Cinematográficas de España lo ha admitido como festival preseleccionador de los Premios Goya“.Además de la presentación de este festival, VisitElche va a promocionar durante todos los días de feria el municipio ilicitano como destino para la producción de rodajes cinematográficos, series de televisión y publicidad.“Hemos aprovechado nuestra presencia en Fitur para dar a conocer ‘Elche Film Office’, la oficina desde la que ofrecemos a las productoras espacios naturales y culturales únicos ideales para el escenario de películas, series o videoclips”, ha indicado Molina que ha recordado que directores de la talla de Pedro Almodóvar se han decantado por la ciudad para rodar escenas de alguna de sus películas."
2743,TXT,"La Concejalía de Deportes de Alicante publica el protocolo donde se establecen las normas de obligado cumplimiento con respecto al acceso y uso de espacios, infraestructuras y material necesario para el desarrollo de la actividad deportiva en las instalaciones deportivas municipales de Alicante a partir del 1 de septiembre de 2020.

Más información en el siguiente enlace:"
214,TXT,"La alcaldesa en funciones, María José Martínez, y el concejal de Deportes, Vicente Alberola, han asistido a la tradicional ofrenda que el Elche C.F. realiza a la patrona en la Basílica de Santa María para pedir una temporada llena de salud para todos los miembros del club y éxitos deportivos.El acto ha contado con la presencia también del máximo accionista del club, Christian Bragarnik, el presidente del Elche C.F. Joaquín Buitrago, cuerpo técnicos, directivos y miembros de las diversas plantillas que conforman el club ilicitano.Los miembros del Elche C.F. han agradecido a la patrona por los éxitos deportivos de la temporada pasada y han recordado a los aficionados del club que han fallecido este año."
3111,TXT,"Alicante, 24 de marzo de 2022. Esta semana la Agenda Cultural Municipal viene cargada de actividades para todos los gustos. El viernes en Las Cigarreras se estrena el corto documental ‘Mercado’, que representa la personalidad del barrio y de su gente. Además, el viernes y el sábado el espacio acogerá el Piano Day con varios conciertos y el sábado la performance “Cuerpos Desnudos”. El próximo jueves actuará en el Teatro Principal el grupo ‘Siempre Así’ tras más de 30 años de rumba alegre y flamenca. Con motivo del Día Mundial del Teatro el domingo 27, se podrá disfrutar de un 50% de descuento en la segunda entrada para la obra “True West”. Para conmemorar el Día de la Memoria se han programado visitas guiadas a los refugios antiaéreos de la ciudad y la representación teatral “El último puerto” en el Refugio de Tabacalera.
 ACTIVIDAD POR EL DÍA INTERNACIONAL DE LA MUJER 8-M
 - Jornada Cine, Mujeres y Deporte el día 30 de marzo a las 18h en el ADDA. Evento Organizado por el Club de Baloncesto Femenino Cabomar, la Concejalía de Deportes y la de Igualdad con la colaboración de la Diputación de Alicante.
 ACTIVIDADES POR EL DÍA DE LA MEMORIA
 - Teatro “El último puerto”. Los días 24, 26 y 27 de marzo en el Refugio de Tabacalera a las 20:00h previa reserva.
 - Visitas guiadas a refugios antiaéreos de 2h. Punto de encuentro en la entrada al refugio de la Avenida General Marvá, frente a las escaleras del instituto Jorge Juan el viernes 25 a las 18:00h y sábado 26 y domingo27 a las 10:00h.
 MÚSICA
 Piano Day
 Música
 El ""Piano Day"" es una iniciativa que tiene como objetivo homenajer con distintos eventos a nivel mundial a este instrumento. En Alicante, el primer concierto lo interpreta Gilbertástico, quién presentará en directo “El ocaso de los imperios”, un disco inspirado en algunos personajes decisivos para el relato de la primera guerra mundial. Por su parte, el compositor y pianista, Carles Viarnès, actúa junto con Alba G. Corral y traen un espectáculo de música y visuales en directo poderoso y emocionante, único por primera vez en la ciudad de Alicante.
 Lugar: Las Cigarreras
 Fecha: viernes 25 y sábado 26 de marzo
 Horario: 18:30h charla. 20:30h concierto
 Precio: entre 2 y 5€
 https://www.alicante.es/es/noticias/alicante-celebra-piano-day-musica-vi...
 ""Los Gofiones y albaladre""
 Música
 Con más de medio siglo de existencia, Los Gofiones cuentan con una trayectoria musical de rescate, creación y difusión de la música popular de Canarias, así como de la de otros países con los que los canarios han tenido relación en su historia. Además el grupo alicantino Albaladre evidencia en su música el amor y la predilección por los distintos ritmos populares y las culturas de Latinoamérica.
 Lugar: Teatro Principal
 Fecha: viernes 25 de marzo
 Horario: 20:30h
 Precio: entre 22 y 29€
 https://www.teatroprincipaldealicante.com/fichaobra.php?id=993
 ""AIDA"" de GIUSEPPE VERDI
 Ópera
 Una producción de la Ópera Nacional de Moldavia. Aida y Radamés están enamorados. Mientras que él es un capitán egipcio, ella es una esclava etíope al servicio de la princesa egipcia Amneris, que también ama al joven guerrero. El ejército etíope invade Egipto y nombran a Radamés para que lidere las tropas egipcias, con las cuales ganan la batalla.
 Lugar: Teatro Principal
 Fecha: martes 29 de marzo
 Horario: 20:30h
 Precio: entre 26 y 48€
 https://www.alicante.es/es/noticias/estreno-del-nuevo-himno-policia-loca...
 “30 Años” de SIEMPRE ASÍ
 Música
 30 años que han dado para 16 discos en el mercado y un éxito incontestable: alrededor de un millón de copias vendidas a lo largo de su carrera y más de mil conciertos entre España y Latinoamérica. Su rumba con mensaje, alegre y sureña, conservando sus raíces flamencas han abarrotado teatros y auditorios conquistando a varias generaciones.
 Lugar: Teatro Principal
 Fecha: jueves 31 de marzo
 Horario: 20:30h
 Precio: entre 32 y 42€
 https://www.teatroprincipaldealicante.com/fichaobra.php?id=996
 Matinal de la Banda Sinfónica Municipal
 Música
 Sinfonías y Oberturas de Gioacchino Rossini, (1792-1868)
 -Tancredi
 -La Gazza Lladra
 -La italiana en Argel
 Lugar: Las Cigarreras
 Fecha: viernes 25 de marzo
 Horario: 11h
 Precio: gratuito
 https://www.agendacultural.org/es/ayuntamiento-de-alicante/matinal-de-la...
 
 CINE:
 ""MERCADO""
 Proyección de un corto documental
 El proyecto Barrio Mercado de Guillermo Alcalá-Santaella, pretende acercar a la ciudadanía alicantina la idiosincrasia de un vecindario característico de Alicante a través del estudio de su contexto histórico, cultural y social. Un documental reflejo del carácter intrínseco de este barrio. Un proceso de documentación e investigación realizado a pie de calle en 2021 donde sus vecinos y agentes sociales son protagonistas. https://youtu.be/EML12kKE29I
 Lugar: Las Cigarreras
 Fecha: viernes 25 de marzo
 Horario: 20:30h
 Precio: gratuito
 https://www.agendacultural.org/es/ayuntamiento-de-alicante/proyeccion-de...
 
 CIRCO:
 ""LUNÁTICOS""
 Espectáculo de circo
 El Castillo de Santa Bárbara acoge un espectáculo de circo gratuito. ""Todos nacemos locos, alguno continuamos así siempre"" decía Samuel Becket. Los números de acrobacia forman parte de una historia sin palabras en la que la música y la danza hablan por si mismas y mientras el humor y la locura hacen de hilo conductor.
 Lugar: Castillo de Santa Bárbara
 Fecha: domingo 27 de marzo
 Horario: 12:30h
 Precio: gratuito
 https://www.alicanteturismo.com/wp-content/uploads/2022/02/ACTIVIDADES-C...
 
 TEATRO:
 “TRUE WEST” de Sam Shepard
 Teatro
 Esta obra está etiquetada como “drama familiar” reflexiona sobre la identidad individual y cultural. Los conflictos familiares, el absurdo, el mundo de los perdedores…, son algunos de los temas que se cuelan en este Off teatral. Lleno de humor, violencia o sátira, transita del ‘naturalismo americano’ al ‘realismo mágico’.
 Lugar: Teatro Principal
 Fecha: sábado 26 de marzo a las 20h y domingo 27 de marzo a las 18h
 Precio: entre 12 y 25€ (descuentos disponibles)
 PROMOCIÓN ESPECIAL: Para celebrar el Día Mundial del Teatro, compra tu entrada para ver “True West” el domingo 27 de marzo y obtén un 50% de descuento en la segunda entrada en todos los sectores.
 https://www.teatroprincipaldealicante.com/fichaobra.php?id=994
 
 PARA LOS MÁS PEQUEÑOS:
 KIDS & STORIES “THE EMPEROR'S NEW CLOTHES”
 Cuentacuentos
 Los cuentos tradicionales han sido siempre una herramienta fantástica para la educación en valores. El Teatro Principal recupera la magia de las historias de siempre y ofrece un espacio exclusivamente diseñado para que los más pequeños disfruten a través del teatro en inglés interpretado por Jon Mitó.
 un plan irresistible para.
 Lugar: Teatro Principal
 Fecha: sábado 26 de marzo
 Horario: 12h
 Precio: 5€
 https://www.teatroprincipaldealicante.com/fichaobra.php?id=1006
 
 EXPOSICIONES:
 “Cuerpos en observación”
 Performance/estudio
 Con el propósito de trasladar la investigación sociológica de la academia al espacio artístico se ha creado esta performance donde se exploran las formas de interacción con el desnudo para descubrir el lugar que ocupa el cuerpo en el contexto actual. Para llevar a cabo esta acción se precisa la participación del público, cuyo papel es imprescindible para la construcción de la obra. Para mayores de 18 años.
 Lugar: Las Cigarreras
 Fecha: sábado 26 de marzo
 Horario: de 17h a 21h
 Precio: gratuito
 “Evil Toys”
 Exposición temporal
 Lugar: Castillo de Santa Bárbara
 Fecha: de lunes a domingo
 Horario: de 10.00 a 20.00h
 Precio: gratuito
 ""Obertura. Más allá de los mapas"" de Michael Jenkins y Javier Romero
 Exposición de arte contemporáneo
 Los coleccionistas han donado 291 de sus obras, correspondientes a 155 artistas internacionales para su custodia, conservación, investigación y exhibición en el museo. La colección se compone de dibujo, escultura, pintura, obra gráfica, fotografía, instalación, libro de artista o video que refleja la diversidad de la práctica de los artistas modernos. La donación comprende obras de algunos artistas locales como Elena Aguilera, Rosana Antolí, Aurelio Ayela y otros de talla internacional como Andy Warhol, Josef y Anni Albers o Richard Artschwager.
 Lugar: MACA
 Fecha: hasta el 29 de mayo
 Horario: de martes a sábado de 10h a 20h
 Domingos y festivos de 10h a 14h. Lunes cerrado
 Precio: gratuito
 https://maca-alicante.es/colecciones/coleccion-michael-jenkins-javier-ro...
 
 “El Cazador Furtivo” de Alberto Corazón
 Exposición de arte contemporáneo
 La primera muestra póstuma del artista que revolucionó el diseño en España, indaga en su proceso creativo a través de obras hasta ahora inéditas. Diseccionando su obra plástica a través de los asuntos más representativos que ocuparon al emblemático diseñador gráfico, pintor, escultor y ensayista (Madrid 1942-2021), reúne un conjunto de más de 60 piezas, de las cuales 45 no habían sido nunca antes expuestas al público.
 Lugar: Sala de exposiciones Lonja del Pescado
 Fecha: hasta el 8 de mayo
 Horario: de martes a viernes: 9 a 14 horas / 16 a 21:45 horas
 Sábados: 10 a 14 horas / 17 a 21:45 horas
 Domingos: de 10 a 14 horas. Lunes: cerrado
 Precio: gratuito
 https://www.agendacultural.org/es/ayuntamiento-de-alicante/exposicion-el...
 PHOTOALICANTE:
 “Se ha hecho tarde para ir al mar” de Laura Villamisar y Javier Robles
 Exposición fotográfica. PHOTOALICANTE
 Se ha hecho tarde para ir al mar ahonda en la apatía y el temor a enfrentarse a la mundana realidad.
 Lugar: Sala de Exposiciones del Centro 14
 Fecha: hasta el 6 de abril
 Horario: de lunes a viernes de 10 a 14h. Martes y jueves de 15 a 20:30h
 Precio: gratuito
 https://www.alicante.es/es/agenda/exposicion-se-ha-hecho-tarde-ir-al-mar...
 
 “Asia Town” de Miguel Trillo
 Exposición fotográfica. PHOTOALICANTE
 Esta exposición es una muestra que reúne el trabajo de dos de las series actuales de Miguel Trillo, ‘Cromasiáticos’ y ‘Ficciones’, ambas realizadas en el siglo XXI en Asia. Todas las imágenes de la exposición son retratos de gente joven a pie de calle a plena luz del día en espacios urbanos habituales para los adolescentes de hoy como centros comerciales, parques al aire libre o festivales de manga.
 Lugar: Caja Blanca de Las Cigarreras
 Fecha: hasta el 8 de mayo
 Horario: de martes a sábado de 10 a 21:30h. Cerrado domingos y lunes.
 Precio: gratuito
 https://www.agendacultural.org/es/ayuntamiento-de-alicante/exposicion-as...
 “El olvido de los espejos” deMiguel Ángel Calderón
 Exposición. PHOTOALICANTE
 El olvido de los espejos es un proyecto audiovisual ambientado en la Amazonía peruana que conecta el pasado con el presente a través del documental, la ficción y la animación 3D. Consta de dos partes: una película y una serie de fotografías intervenidas, que reflexionan sobre la mirada occidental y los fines extractivistas que han dominado la región, particularmente la fiebre del caucho de los siglos XIX y XX.
 Lugar: Sala Negre de las Cigarreras
 Fecha: hasta el 14 de mayo
 Horario: de martes a sábado de 10 a 21:30h. Cerrado domingos y lunes.
 Precio: gratuito
 https://www.agendacultural.org/es/ayuntamiento-de-alicante/negre-el-olvi...
 Se puede consultar el resto de exposiciones de PHOTOALICANTE en el siguiente enlace:https://photoalicante.com/exposiciones-2022/"
3797,TXT,"La Concejalía de Cultura del Ayuntamiento de Alicante, programa diversas actividades en Las Cigarreras y el MACA, para conmemorar el próximo 11 de febrero el Día Internacional de la mujer y la niña en la ciencia, que se celebra desde el año 2015. A través de charlas y talleres, en colaboración con expertos, la Concejalía pretende poner su grano de arena para concienciar y reducir la brecha de género tan importante que hay en los sectores de la ciencia, la tecnología, la ingeniería y las matemáticas.
 El Día Internacional de la Mujer y la Niña en la Ciencia, que se celebra cada año el 11 de febrero, fue aprobado por la Asamblea General de las Naciones Unidas con el fin de lograr el acceso y la participación plena y equitativa en la ciencia para las mujeres y las niñas, y además para lograr la igualdad de género y el empoderamiento de las mujeres y las niñas. Este Día es un recordatorio de que las mujeres y las niñas desempeñan un papel fundamental en las comunidades de ciencia y tecnología y que su participación debe fortalecerse. La celebración de este día está dirigida por la UNESCO y ONU-Mujeres, en colaboración con instituciones y socios de la sociedad civil que promueven el acceso y la participación de mujeres y niñas en la ciencia.
 Actividades organizadas conjuntamente por la Concejalía de Cultura y la Asociación de Divulgación Científica de Alicante
 ACTIVIDADES
 Las Cigarreras dentro de ""Panorama Las Cigarreras"" de Edusi Alicante
 Sábado 8 de febrero. Conferencias en la Casa de la Música
 18.30 h. Dña. Ana Cros Stötter. ""Materiales del futuro al alcance de la mano""
 19.30 h. Dña. Ainara Aberasturi. ""Fósiles, museo y sociedad""
 Entrada libre limitada al aforo
 Martes 11 de febrero. Conferencia en la Casa de la Música
 18.30 h. D. Enrique Aparicio Arias. ""Mujeres Científicas en Astronomía""
 Entrada libre limitada al aforo
 Miércoles 12 de febrero. Desde las 17.30 h. Talleres familiares. “Ciencia en Femenino”
 “Mujeres espAciales"". Taller de lanzamiento de Cohetes. (45’)
 “Vegetales GENiales”. Taller de extracción de ADN. (30’)
 “Más allá de Marie Curie”. Taller de reacciones químicas. (45’)
 Realización de los talleres en el Centro Cultural Las Cigarreras. Caja 2 (primera planta de la nave de Cultura Contemporánea). Actividad destinada a mayores de 7 años para disfrutar junto a un adulto.Gratuito. Inscripción en www.cigarreras.es
 Estos proyecto se enmarcan en la Estrategia de Desarrollo Urbano Sostenible EDUSI Alicante – Área de Las Cigarreras, cofinanciado por el Fondo Europeo de Desarrollo Regional (FEDER) en el marco del Programa Operativo de Crecimiento Sostenible 2014-2020. Una manera de hacer Europa
 MACA, Museo de Arte Contemporáneo de Alicante
 11 de febrero en a las 17 h.
 Actividad organizada por la Sociedad para el Avance del Pensamiento Crítico
 Conferencia ""Ciencia XXI"" con Amparo Marco, del grupo de investigación ""Astrofísica Estelar"" Universidad de Alicante y Paula Benavídez del grupo de investigación ""Astronomía y Astrofísica "" Universidad de Alicante.
 Se expondrá la ciencia que se realiza en la actualidad en nuestro país. Nos hablarán sobre el Universo y nuestro lugar en la Galaxia, de cúmulos estelares, asteroides y cometas, y también de arte y su relación con la ciencia.
 Entrada libre.
 Actividades organizada conjuntamente por la Concejalía de Cultura y la Asociación de Divulgación Científica de Alicante"
180,TXT,"El polideportivo Kelme ha acogido este domingo 18 por la mañana los tradicionales partidos solidarios entre Populares e Informadores tanto en categoría masculina como femenina, que este año llegan a su cuarenta y quinta edición, respectivamente, y cuya recaudación irá destinada a Cáritas y al Comedor Social Al-Taufik.El partido de las chicas ha acabado con un 9-4, para las Informadoras. Y el de los chicos ha finalizado con un 3-1 a favor de los informadores. En ellos, han participado concejales del Ayuntamiento de Elche y periodistas de prensa, radio y televisión, además de directivos de empresas, entre otros y otras.Un encuentro que ha contado con gran expectación y dónde se han sorteado unas 50 entradas para el primer partido del Elche C.F de 2023 en el Martínez Valero ante el Celta de Vigo.El alcalde, Carlos González, y la presidenta de la Asociación de Informadores de Elche, Mariate Bolívar, han entregado los galardones a los participantes al finalizar una jornada en la que ha primado la deportividad el compañerismo y la sana competición."
69,TXT,"Alicante acoge un año más el Festival Internacional del 2 al 10 de diciembre, que además oferta talleres gratuitos para los mas pequeñosFestitíteres 2022FUNCIONESViernes 2 y sábado 3 18 h. “Polvo de estrellas o de como Nawal decidió nacer"". Cía Mercè Framis Teatre d'Ombres. CataluñaFunciones en la Caja Negra: día 2 - 18 h. (castellano), día 3 - 18 h. (catalán). Familiar (+5). Venta online y en taquillaCada noche la cuidadora del cielo y su ayudante la estrella Nunki, ponen orden y preparan las tareas diarias. De todas, la que más les gusta es preparar un cuento para las estrellas. Hoy van a contar la historia de cómo la estrella Nawal decidió bajar a la tierra para nacer. Nawal vivía dentro de una estrella, des de allí miraba la tierra con atención porque había algo que le gustaba mucho ¡los melocotones!Sábado 3 y domingo 4 de 11 a 17 horas, ""Aventuras del Barón Munchausen"". Hermanos Sabbatini. Francia. (Pases de 25’). Jardín Vertical de Cigarreras. Público familiar (+4). Entradas 3€. Venta solo en taquillaObra inspirada en la maquinaria de los teatros a la italiana, Pequeñas marionetas que se asoman a los balcones de una mini escenografía en la que los espectadores podrán disfrutar de un pequeño / gran viaje que comienza en los bosques de Baviera, después de atravesar la estepa de Siberia, hacemos un alto en el camino de Samarcanda, antes de embarcarnos hacia los Polos. El viaje encuentra su apoteosis en las orillas del mismísimo planeta Venus de la mano de “Courier”, “Jardinier” y “Cintrier” . Pasen y vean.Domingo 4 - 18 h.La Cía Ymedio Teatro de Andalucía nos presentará “Eco”, nueva propuesta de esta pareja de cómicos (Alex y Santos) que a través de la mímica, las marionetas, la música y la poética...nos hacen disfrutar de su creatividad. Día 4 - 18 h. Casa de la Música. Obra para el público familiar (+8). Venta online y en taquilla"
4397,TXT,"Alicante. Viernes 2 de febrero de 2018.
 El área de Animación de Parques de la Concejalía de Cultura avisa del cierre de servicios lúdicos en el parque Tossal el sábado 3 y domingo 4 de febrero por la tarde.
 En el parque El Palmeral no prestarán servicio el domingo 4 por la mañana.
 Perdonen las molestias."
4211,TXT,"- - La concejal de Cultura, María Dolores Padilla, participa en el acto de inauguración y anima a seguir con este tipo de experiencias donde confluyan autores y amantes de la literatura. 
 
 Alicante. Jueves 5 de julio 2018.
 Un centenar de autores de la Asociación de Escritores de Alicante y Provincia, a los que se han unido creadores de diversas agrupaciones, como de la Asociación de Escritores de Madrid, han organizado una feria con sus obras en el vestíbulo de la Estación de trenes. Los escritores salen así en busca de lectores viajeros para promocionar y vender sus libros de forma directa.
 La I Feria del Libro de Autores Independientes de Alicante y Provincia se ha abierto esta mañana en el vestíbulo principal de la Estación Adif y podrá ser recorrida hasta el domingo 8, con horarios ininterrumpidos de 10 a 21 horas. 
 La concejal de Cultura de Alicante, María Dolores Padilla, ha participado en el acto de apertura junto al presidente de la asociación, Francisco Carrión; la secretaria general, Maruja Moyano; el tesorero, Pablo Guillén, y dos representantes de Adif, Juan Bautista Cano, subdirector de estaciones del Este, y Esteban Soto, jefe de la estación de Alicante. La senadora popular Asunción Sánchez Zaplana, de tránsito en la estación de camino a Madrid, se ha interesado por esta iniciativa y ha compartido el acto con sus protagonistas. 
 La propuesta, que ha convertido un espacio de tránsito en un encuentro cultural, envía a los pasajeros un llamativo mensaje desde su cartel: “Un viaje, repleto de estaciones, donde las vidas se cruzan, como lo hacen las historias de un libro”. 
 María Dolores Padilla ha recordado que “la Asociación de Escritores de Alicante se presentó públicamente en el curso de una rueda de prensa en el Ayuntamiento, en el mes de noviembre de 2017, y su primer acercamiento a los lectores fue celebrado el pasado marzo en el hall de la Estación de Autobuses. Fue un ensayo positivo que ha desembocado en esta I Feria de Libros de Autores de Alicante”. 
 Además, ha elogiado que Adif por favorecer esta confluencia cultural para relacionar a autores de diferentes géneros y a los usuarios de la estación. “De estos contactos estoy segura que surgirán nuevas ideas, nuevas obras y muchos libros dedicados”.
 Los portavoces de Adif han invitado a los escritores a utilizar otras estaciones de la provincia para este tipo de iniciativas fomentadoras de la lectura, lo que ha sido aplaudido por los autores.
 Además de las citadas asociaciones de escritores de Alicante y Madrid, en esta I Feria de Autores Independientes exhiben sus obras creadores de los grupos “Escritores en su Tinta”, “Gramática Parda”, “La estación de las palabras”, “El picudo Blanco”, “Anuesca” y la “Asociación Crisálida”.
 La feria propone a los viajeros libros de narrativa contemporánea, ciencia ficción, de suspense, novela histórica y romántica, poesía, obras infantiles, relatos y revistas, como AUCA de las Letras. 
 En la imagen, la senadora Asunción Sánchez Zaplana, la concejal María Dolores Padilla, con los representantes de la Asociación de Escritores y de Adif, en la apertura de la feria."
3164,TXT,"Alicante, 11 de febrero de 2022. El alcalde de Alicante, Luis Barcala, ha felicitado este viernes a la Junta Mayor de Hermandades y Cofradías por la declaración de la Semana Santa alicantina como Fiesta de Interés Turístico Nacional. “Es un reconocimiento al trabajo de miles de personas y muchas generaciones, que han hecho de nuestra Semana Santa un gran acontecimiento religioso, turístico y cultural”, ha destacado el primer edil, que se ha comprometido a “seguir impulsando “esta celebración que tiene ya 420 años de historia”.
 “Estamos contentos y orgullosos por este reconocimiento, que es de justicia y más que merecido”, ha añadido Barcala, “que confirma el gran valor de la historia, la tradición y el sentimiento que ponemos los alicantinos en nuestra Semana de Pasión y en el desarrollo de sus 28 procesiones, preparativos y múltiples actos complementarios”.
 El primer edil recalca que este reconocimiento como Fiesta de Interés Nacional “no sólo es un espaldarazo para la Semana Santa, sino que también tiene un gran impacto para la promoción turística y de la imagen de la ciudad”. De hecho, en el informe remitido por la Junta Mayor de Hermandades y Cofradías al Ministerio de Turismo para esta catalogación se incluyó un completo dossier sobre los equipamientos de Alicante y sus alrededores para recibir a visitantes, así como los servicios e infraestructuras turísticas disponibles.
 “Esperamos retomar con la mayor normalidad posible la Semana Santa este año entre el 10 y el 17 de abril”, ha destacado Barcala, “aunque es un hecho que las actividades de nuestra gran Semana de Pasión se prolongan durante todo el año gracias a ese gran trabajo y compromiso de los cofrades y miembros de las hermandades, que ahora se ve recompensado""."
2473,TXT,"La convocatoria ha sido organizada por el Consorci de Museus de la Comunitat Valenciana y  NEGRE, proyecto de programación para la sala audiovisual del Centro Cultural Las Cigarreras 

Alicante 15.06.2022. El Consorci de Museus de la Comunitat Valenciana (CMCV)  junto a NEGRE -proyecto de programación y sala audiovisual del Centro Cultural Las Cigarreras,  puesto en marcha por el equipo de TODO BIEN-, abre el plazo de presentación de la convocatoria de la segunda edición de Scroll. 

Esta se traduce en un llamamiento público de presentación de proyectos expositivos audiovisuales de carácter artístico que por segundo año consecutivo seleccionará las propuestas de NEGRE que se exhibirán en la Sala Audiovisual (sala NEGRE) del espacio la Caja Blanca del Centro Cultural Las Cigarreras para el año 2022 y 2023.

El plazo de presentación queda abierto hasta el jueves 30 de junio de 2022 y podrá presentarse cualquier persona física o jurídica, artistas y/o comisarias y comisarios tanto locales como nacionales. Son dos las propuestas que se seleccionarán y se destinará un total de 3.400 € a cada proyecto.

Presentación de propuestas

“Tras la calidad de los trabajos presentados en la primera edición, impulsamos esta segunda convocatoria que es una buena oportunidad para seguir apostando por el talento emergente alicantino, pero también internacional, donde a través de las nuevas tecnologías desarrollan narrativas interactivas en su forma más experimental en un espacio de referencia como es Las Cigarreras. Nuestro compromiso es contribuir a la necesaria agitación cultural de Alicante en materia de nuevas expresiones artísticas”, indica el director del Consorci de Museus, José Luis Pérez Pont.

La verticalidad infinita del scroll y lo rizomático son los dos ejes temáticos sobre los que orbita este proyecto en esta segunda edición dentro de la programación del Consorci de Museus de la Comunitat Valenciana y del Centro Cultural Las Cigarreras de Alicante.

“Scroll se presenta en esta ocasión como una invitación a explorar, a través de las prácticas artísticas, el espacio que se sitúa entre la aparentemente inocente tecnofilia y las oscuras distopías de la tecnofobia. Una ruptura con el pensamiento binario, que categoriza la realidad de manera dual, opuesta y jerarquizada”, indican Alicia Escobio y Maite Muñoz de Vista Oral, las autoras del texto curatorial.

“Busca ser una reivindicación de las prácticas artísticas como lugar de experimentación radical para re-imaginar la verticalidad infinita del scroll y explorar estructuras que se relacionan de manera rizomática, a través de cuerpos que requieren de otros cuerpos conectados por redes de cuidado mutuo. Es un llamamiento a explorar las grietas del sistema, a adentrarse en ellas y ocuparlas, para aprovechar los errores del ‘apparatus’ y generar nuevas reglas del juego”, añaden. 

Sobre Scroll
Scroll seleccionó en la primera convocatoria de 2021 tres proyectos que han trabajado diferentes conceptos, con diversos recursos artísticos, que han reunido las obras de hasta diez artistas. Los tres trabajos escogidos fueron: ` Allò que s’escolta des que un cos deixa d’estar al seu eix fins que el recupera’ de Mar Reykjavik que contó con la pieza musical de la artista Adina L. Velázquez;  ‘Azul subsuelo’ de Iñigo Barrón y Mon Cano; y ‘No es propio de esta época’, de Lava Art Project con obras de María Alcaide, Kara Güt, Yosi Negrín y Jannis Zell.

La sala NEGRE se ha ido transformando con cada proyecto. Un total de tres instalaciones donde el denominador común ha sido el carácter experimental y la reunión de artistas del panorama contemporáneo internacional.

Sobre NEGRE
NEGRE es el proyecto de programación expositiva de TODO BIEN ubicado en la sala audiovisual de la Caja Blanca del Centro Cultural Las Cigarreras. El objetivo de este proyecto es la explotación de este espacio como lugar de exposición, experimentación y de difusión de proyectos artísticos contemporáneos que exploran las posibilidades del audiovisual en su uso y contexto contemporáneo. Además Negre pretende generar apoyo a nuevos creadores que trabajen con el medio audiovisual, impulsando y generando condiciones que faciliten la exhibición y difusión de sus proyectos dentro y fuera del Centro Cultural Las Cigarreras.

Más información en www.consorcimuseus.gva.es "
1533,TXT,"La concejala de Fiestas, Lorena Pedrero, ha presentado esta mañana la fiesta de la Tardebuena Eldense, que será la más multitudinaria y sostenible. La edil, acompañada del presidente de la Asociación de Locales de Ocio de Elda (ALOE), César Garijo, y de Laura Guillén, de la empresa Milvidas, ha afirmado que “la Tardebuena Eldense se ha ido consolidando con el paso de los años y cada vez participan más ciudadanos y ciudadanas”.

Pedrero ha explicado que “este año vamos a compaginar el ocio y la sostenibilidad. Se prevé una gran participación por la gran cantidad de reservas que se han realizado en bares y restaurantes”.

La Tardebuena comenzará a las cinco de la tarde con un pasacalles a cargo de a Acoustic Band desde la Plaza Castelar en el que se repartirán gorros.

Por su parte, César Garijo ha dado las gracias al Ayuntamiento de Elda por su colaboración y ha afirmado que “el tardeo está en auge y este año, en la Tardebuena, se prevé una afluencia aún mayor. La Asociación se ha volcado para poner en marcha una iniciativa como la del vaso reciclable. Hemos notado que Elda suena como ciudad de ocio y está viniendo mucha gente de la comarca y de otras zonas. Estamos viviendo un buen momento y las expectativas para esta Tardebuena son muy buenas. Hemos intentado hacer estimaciones de la gente que puede acudir, pero es difícil porque se masifica la zona centro”.

Garijo ha señalado que “hemos querido poner en marcha esta prueba piloto con un vaso biodegradable, que pueden reutilizar en cualquiera de los locales que toman parte en esta iniciativa. Queremos visibilizar que este vaso se puede utilizar en cualquier otro evento o fiesta multitudinaria, como pueden ser los Moros y Cristianos”.

Laura Guillén ha explicado que “esta iniciativa surge para reducir el residuos plástico. Para ello, hemos creado este vaso reciclable que se puede reutilizar, se puede llevar a casa y lavar en el lavavajillas. Los vasos tienen un diseño original, tendrán un coste de un euro e incluye una pinza con un cordón para llevarlo cómodamente sin perderlo. Se puede reciclar en el contenedor amarillo”.

En total, al tratarse de una iniciativa piloto, se van a poner a disposición de la gente unos 600 vasos repartidos entre los cinco o seis locales que van a participar."
1846,TXT,"El Salón de Plenos ha acogido hoy la recepción al CD El Algar y CD Chamara del regidor ilicitano, Carlos González, y el edil de Deportes, Vicente Alberola, que han querido reconocer y homenajear los méritos deportivos de estos dos equipos durante la temporada 2020/21

El Club Deportivo Chamara de gimnasia rítmica ha conseguido, entre otros grandes logros, ser campeón autonómico y subcampeón nacional en categoría benjamín.

El alcalde ha señalado que “viendo todas esas medallas sé que detrás hay trabajo, ilusión, esfuerzo y por supuesto, diversión. Además de unas entrenadoras, Laura Chazarra y Davinia Melgar, que hacen una labor fundamental en el club”.

Vicente Alberola, por su parte, ha añadido: “Quiero reconocer y celebrar el gran trabajo que habéis realizado esta temporada y agradeceros el esfuerzo materializado en todos estos logros”.

Chazarra, quien además de técnica es directora del club, ha destacado el éxito de la temporada pese “a los entrenos online por la pandemia y el cierre de instalaciones” y ha expresado su deseo de que para la próxima temporada, las competiciones vuelvan a tener público “y que los padres sean más partícipes”.

Reconocimiento a CD El Algar
El Salón de Plenos también ha visto el homenaje al CD El Algar, entidad de gimnasia rítmica a quien el concejal de Deportes ha señalado como “el club estrella de deporte inclusivo de toda España” y ha querido agradecer tanto el esfuerzo como los resultados obtenidos.

El palmarés esta temporada del CD El Algar está formado por varios primeros puestos tanto en categorías individuales como de equipos, y otras tantas segundas y terceras plazas.

Carlos González ha mostrado su satisfacción por todas las medallas conseguidas y ha señalado que el Ayuntamiento “está muy orgulloso de todos vosotros y vosotras porque sabemos que os esforzáis muchísimo, trabajáis muy duro y sobre todo, que lo pasáis muy bien y sois un gran equipo y una gran familia”.

El acto ha terminado con la intervención de la entrenadora Titi Alberola que ha animado a sus gimnastas a no dormirse en los laureles “ y a seguir entrenando para ganar más competiciones”."
3035,TXT,"El concejal de Fiestas ha expresado su agradecimiento a la Cofradía del Cristo del Divino Amor “porque las Monjitas de la Sangre, como ha venido ocurriendo desde siglos, volverán a custodiar la imagen de la Virgen de la Soledad, de las más veneradas de la Semana Santa de Alicante”. El traslado desde el Convento de las Monjas de la Sangre -Agustinas-, en Alicante, está previsto para la tarde del sábado 3 de octubre. A su llegada al monasterio de Santa Faz, “La Marinera” ocupará un lugar preferente en el Altar, a escasos metros de la Sagrada Reliquia."
1593,TXT,"El próximo lunes, 17 de abril, se abre el proceso que deben seguir los integrantes de cuartelillos para contar con la autorización pertinente para las próximas fiestas de Moros y Cristianos. El Ayuntamiento de Elda contempla dos tipo de cuartelillos: estables y eventuales. Desde la Concejalía de Urbanismo y Actividades se han registrado un total de 224 cuartelillos estables. Se trata de cuartelillos que ha realizado los trámites durante cuatro años o más y han permanecido en el mismo local, es decir, desde junio de 2017.

El concejal del área, Jesús Sellés, ha explicado hoy que la lista de cuartelillos estables estará indicado en el registro, “que estará a disposición de la ciudadanía a través de la Sede Electrónica del Ayuntamiento para que puedan comprobarlo. Los que están incluidos en el registro no tienen que hacer ningún trámite, salvo que quieran modificar algún dato, o darse de baja, en cuyo caso tienen que comunicarlo por escrito”, ha indicado el edil.

En el caso de los cuartelillos eventuales, ya sean nuevos o lleven menos de cuatros años, tienen a disposición una declaración responsable en la que se declara que el cuartelillo tiene acceso directo al exterior sin utilizar escalera comunitaria, se encuentra en buen estado de seguridad, cuenta con luz eléctrica, agua corriente, seguro de responsabilidad civil con una cobertura mínima de 150.000 euros, extintor y cumple con las demás normas establecidas.

Por su parte, la concejala de Fiestas, Lorena Pedrero, ha recordado que “el plazo de presentación de la documentación comienza el próximo lunes y acaba el 16 de mayo y se puede hacer de forma telemática a través de la Sede Electrónica del Ayuntamiento de Elda en el caso de las asociaciones o personas jurídicas o presencial en la Oficina de Atención al Ciudadano (PROP) en el caso de las personas físicas. En el año 2022 se tramitaron un total de 117 cuartelillos eventuales”.

Por último, Jesús Sellés ha recordado que “de todos los cuartelillos se realiza la oportuna inspección para que cumplan las normas establecidas, por lo que es muy importante aportar toda la documentación requerida para poder realizar esta inspección lo antes posible. A la finalización del plazo y una vez realizadas las inspecciones, se colgará el registro de cuartelillos eventuales para que la ciudadanía pueda consultar la información en el Tablón de Anuncios de la Sede Electrónica y en el Tablón de Anuncios del Ayuntamiento”."
2954,TXT,"Alicante,  18 de septiembre de 2021. El edil ha subrayado que “éste es uno de los sectores de la Fiesta que más se ha visto afectado por la pandemia. Debemos valorar a estos profesionales porque su tarea reúne tradición y cultura”. El Desfile de Indumentaria Tradicional, que se ha desarrollado en la Plaza del Ayuntamiento, ha sido organizado por la Federació de Fogueres, que preside Toñi Martín-Zarco. Distintos indumentaristas han expuesto sus colecciones vestidas por belleas de los distritos, y las Belleas del Foc 2022 -Marina Niceto y Valeria Gómez- y sus respectivas Damas de Honor han lucido sus trajes oficiales."
4108,TXT,"La edil de Cultura, Mª Dolores Padilla, ha presidido la comisión específica del Pleno de Protección del Caserío y del entorno de la Santa Faz, en la que los técnicos municipales han presentado un primer borrador del Plan Especial de la Santa Faz, que tal y como ya avanzó la concejala de Urbanismo, Mari Carmen De España al resto de grupos municipales en la Comisión de Urbanismo, permitirá garantizar la protección de este singular enclave, salvaguardar el patrimonio y armonizar los usos en todo el entorno del Caserío.
 A la Comisión han acudido Daniel Simón (Grupo Guanyar), Natxo Bellido y Mª José Espuch (Grupo Compromís), Carlos Giménez (Grupo Psoe) y Juan Francisco Escudero (Grupo Ciudadanos).
 El Caserío se encuentra en la actualidad en una situación que ha supuesto la pérdida de valor de los elementos esenciales del mismo, dado que las construcciones realizadas privan de la visión tanto del torreón defensivo, protegido como BIC, como de la cúpula del monasterio, que tiene la condición de Bien de Relevancia Local.
 Mediante el Plan Especial se protegen los edificios históricos de la Plaza, estableciéndose una ordenanza gráfica de los mismos, y previendo incluso la reconstrucción de algunos elementos que han llegado a ser demolidos.
 También se prevé la dotación de un parque urbano que permita el esparcimiento y que sea suficiente para asumir las aglomeraciones que conlleva la Romería de la Santa Faz. 
 Esta zona verde se prevé que conserve el arbolado existente, especialmente en la zona más cercana a la calle del Barranquet y, por tanto, mantendrá en ese espacio un carácter más rústico.
 Tanto el suelo terciario que se prevé, como las nuevas construcciones residenciales, se plantean con una altura reducida, no más de tres plantas, de modo que en ningún caso puedan suponer un obstáculo para la visión de los elementos centrales de protección -la torre defensiva y la cúpula del monasterio-.
 Cabe recordar que la suspensión de licencias acordada en marzo de 2018 termina el próximo 9 de marzo de 2019, por lo que la tramitación de este plan especial resulta de suma importancia para proteger este espacio emblemático de Alicante y avanzar en la ordenación de todo el entorno, en el que se proponen la creación de nuevos espacios públicos de calidad para el disfrute de la ciudad y los alicantinos.
 Tras este primer paso, se abrirá un periodo de consultas con las instituciones implicadas, y posteriormente se realizará la exposición pública del borrador del Plan."
1606,TXT,"Alicante, 7 de febrero de 2023. María Dolores Padilla, directora del Teatro Principal, pregonará el sábado 25 de febrero la Semana Santa 2023, en el transcurso de un acto que se desarrollará en el propio coliseo alicantino, a partir de las 19 horas. Este anuncio lo ha hecho este martes el presidente de la Junta Mayor de Hermandades y Cofradías, Alfredo Llopis, durante una rueda de prensa, acompañado del concejal de Fiestas, Manuel Jiménez. El Teatro Principal, coincidiendo con sus 176 años de historia, será el Abanderado de Honor que recogerá, en ese mismo acto, el testigo de la Comandancia de la Guardia Civil, como ha señalado Llopis.

Jiménez, al valorar lo que supone la Semana Santa de Alicante, ha incidido en la “solemnidad de los desfiles, la calidad de la imaginería, la amplia oferta cultural, el rico patrimonio musical, la gastronomía propia de estas fechas y la climatología. Todos ellos son elementos que invitan a acudir a Alicante para desestacionalizar la oferta turística y comproba porqué se ha hecho merecedora a la declaración de Interés Turístico Nacional”.

La Agrupación Musical de la SCD Carolinas, dirigida por Jaume Pascual, intervendrá en el Pregón. Interpretará “Plegaria Alicantina”, original de Francisco Grau Vegara, el Himno Oficial de la Semana Santa alicantina. Además, los de Alicante, Comunidad Valenciana y España.

Este concierto supondrá también un homenaje a la figura del compositor Abel Moreno, uno de los más prestigiados del panorama musical de la Semana Santa de España. Dirigirá seis de sus marchas procesionales más conocidas como son: “Macarena”, “Virgen de los Estudiantes”, “Virgen de los Dolores Coronada” -dedicada a la alicantina Hermandad del Cristo del Mar-, “A la voz del capataz”, “Encarnación Coronada” y “La Madrugá”.

El presidente de la Junta Mayor ha hecho público también que será el bailarín Pepe Espadero, quien ha cumplido 80 años, quien protagonice el Toque de Honor de la Tamborrada 2023, programada para el domingo 12 de marzo en la Plaza de Santa María. Espadero relevará a Jiménez, quien protagonizó el Toque de Honor en 2022. La Tamborrada discurrirá, posteriormente, por la calle Jorge Juan hasta finalizar en la del Ayuntamiento. En las siete Tamborradas anteriores, éstas fueron las personas que dieron el primer toque de tambor: Daniel López (2015), José María Roselló (2016), Sergio Godínez (2017), el Grupo de Fotógrafos Colaboradores de la Junta Mayor (2018), Luis Barcala (2019), Mari Carmen Sánchez (2020) y Manuel Jiménez (2022).

Dos conciertos

La Junta Mayor también ha dado a conocer la programación de dos conciertos previstos para los días 10 y 17 de marzo, ambos en la Concatedral de San Nicolás. El primero de ellos, “Las Siete Últimas Palabras de Cristo en la Cruz”, comenzará a las 20 horas. Será interpretado por el “Cuarteto Almus”, formado por Vicente Antón y Francesc Navalquillo (violines); Octavio de Juan (viola) y Francisco Pastor (violonchelo). Esta agrupación camerística tiene más de treinta años de historia y es una de las más estables y de mayor calidad del panorama musical español.

“Las Siete Últimas Palabras de Cristo en la Cruz” fue compuesta por Joseph Haydn para la Catedral de Cádiz en 1786. Estaba destinada al rezo de esta oración que realiza la Hermandad de la Santa Cueva durante el Viernes Santo. Consta de una obertura, siete sonatas, y un breve rápido final que se intercalan con las siete últimas frases que pronunció Jesucristo antes de morir. “Es una de las grandes obras de música de todos los tiempos que los alicantinos podremos volver a disfrutar después de muchos años sin que haya sonado en esta ciudad”, ha explicado el delegado de Música de la Junta, Felipe Sanchís.

La Banda Sinfónica Municipal será la protagonista del Concierto organizado por la Junta Mayor el viernes 17 de marzo, en la Concatedral, desde las 20.15 horas. Serán interpretadas marchas relacionadas con las cofradías y hermandades alicantinas. Serán éstas: “Convocatoria” (José Aparicio), el estreno de “Milagro del Martes Santo” (José Fuentes), “Habanera de los Dolores” (César J. Gómez y Fernando Candela), “La chicotá” (Elías Ibáñez), “Virgen de la Alegría” (Miguel Ángel Ivorra), “En memoria de un ángel” (José Torregrosa), “Penas del Nazareno” (Rubén Jordán), “Ecce-Homo de Alicante” (Luis Molina), “Alicante Nazarena” (Francisco Grau) y “Plegaria a la Santa Faz” (Moisés Davia), que coincide con el 534 Aniversario del Milagro de la Santa Faz.

Otros actos

El presidente de la Junta Mayor ha explicado, finalmente, que la presentación del boletín “El Capuchino” se desarrollará el 22 de febrero en los Pozos de Garrigós. El Vía-Crucis Oficial de la Semana Santa se ha programado para el 3 de marzo y en él procesionará la imagen del Cristo de los Jóvenes, de la Hermandad de la Santa Cena, y para el 5 de marzo está previsto el Certamen Nacional de Bandas. Las agrupaciones musicales invitadas serán las de la Santa Cruz de los Espejos (Archena), Santo Sepulcro (Oliva) y La Verónica (Tobarra). Partirán, respectivamente, desde la plazas de España, Luceros y Montañeta para confluir en la del Ayuntamiento, donde se celebrará el concierto."
3362,TXT,"150 ANIVERSARI NAIXEMENT LUIS TORREGROSA GARCÍA (1871-2021)
 
 20:00H.-AGRUPACIÓN MUSICAL SCD CAROLINAS
 EXPLANADA PARQUE LO MORANT
 20:00H.-COLLA DE MÚSICA TRADICIONAL SANT ANTONI D'ALACANT y GRUP DE DANSES “CRESOL”
 ANTIGUA COCHERA DE TRANVÍAS
 20:00H.- COLLA DE MÚSICA TRADICIONAL DE SANT BLAI, CON COLLA DE NANOS I GEGANTS Y COLLA BENACANTIL
 Plaza de LA PÉRGOLA RABASSA
 
 20:00H.-L´HARMONIA SOCIETAT MUSICAL
 PLAZA SÉNECA
 
 20:00H.-SOCIEDAD MUSICAL “LA AMISTAD” DE VILLAFRANQUEZA
 CASA DE LA MÚSICA. CC LAS CIGARRERAS
 
 20:00H.-UNIÓN MUSICAL CIUDAD DE ASÍS
 ZONA ASFALTADA GARBINET, C/ VICENTE REYES, 15
 
 20:00H.-BANDA SINFÓNICA MUNICIPAL DE ALICANTE
 CONCIERTO HOMENAJE A LUIS TORREGROSA
 Plaza deL AYUNTAMIENTO
 Normativa de acceso a los conciertos
 ACTIVIDADES COMPLEMENTARIAS
 EXPOSICIÓN “Luis Torregrosa y les Fogueres de Sant Joan”en ventanales del Archivo Municipal
 Del 20 al 30 junio
 
 Cualquier modificación relativa al desarrollo de las actividades se comunicará a través de la web de la Concejalía de Cultura y sus redes sociales."
4149,TXT,"El Teatro Principal de Alicante continúa su línea de innovación. Enmarcado dentro de las acciones de promoción cultural que ha encabezado el Principal en los últimos años (creación de la Jove Companyia d´Alacant, Premis José Estruch, Residencia Lírica Maestro Chapí, Residencia de Teatro José Estruch, Coro del Teatro Principal de Alicante), nace la Entrada Canguro.
 La Entrada Canguro es un novedoso proyecto piloto que plantea una programación infantil simultánea en la Sala Nuria Espert a la programación habitual del Teatro, propiciando que el espectador del Principal con niños a su cargo de entre 4 y 8 años, pueda disfrutar de los espectáculos propuestos a tal efecto, mientras los niños asisten y participan en un evento único, lúdico-didáctico.
 Esta iniciativa tiene varias pretensiones claras. Por una parte propiciar la conciliación del ocio en familia, y dar un paso más dentro de la oferta cultural. Y por otro hacer una inversión de esfuerzo en la creación de nuevos públicos, tanto en lo que respecta a los propios niños, como en público adulto que de manera natural y por circunstancias familiares se aparta del circuito de consumo cultural para público adulto.
 No solo se trata de ofrecer exhibición, sino de diseñar un programa de actividades completo en el que los niños se diviertan y aprendan mientras sus padres disfrutan de la función.
 La divulgación de las artes escénicas a través de productos educativos específicos, es un eslabón fundamental para la creación de nuevos públicos.
 Por ello Entrada Canguro va a abordar temas como:
 
 ● Las artes escénicas: teatro, circo, danza, música.
 ● Los oficios del teatro.
 ● La creatividad en la producción de artes escénicas.
 ● Los teatros y su actividad.
 ● El Teatro como herramienta para la competencia
 
 La manera de acercar estos temas a los niños es a través de actividades que van desde pequeñas representaciones a talleres de expresión corporal, manualidades o juego dirigido, libre y manipulación.
 Proyecto educativo e innovación
 Lo que hace de este proyecto algo único es la fusión entre el arte y la educación. El Principal está creando sinergias que formulen un producto exclusivo en el que se unen los profesionales de las artes escénicas especializados en público familiar, y la investigación educativa mediante un convenio con la Facultad de Educación de la Universidad de Alicante.
 La Facultad de Educación va a intervenir en el programa Entrada Canguro, aportando estudiantes en prácticas profesionales que van a estar presentes en las sesiones con el fin de investigar y dotar al proyecto de un componente científico, académico y pedagógico. Paralelamente, el diseño de la programación será realizado por profesionales de primer nivel artístico.
 El espacio El Principalito
 El Principalito se va a desarrollar en la Sala Nuria Espert ubicada en la tercera planta del Teatro Principal de Alicante.
 La infancia es la etapa del desarrollo más importante, ya que los estímulos recibidos en esa fase son asimilados con mucha intensidad, y formarán parte de su crecimiento y madurez. Por esa razón los niños merecen la creación de productos que atiendan las necesidades especiales de su edad. En base a este argumento, es fundamental que la escenografía que albergue El Principalito esté acorde con el espíritu del proyecto. Para conseguir que los niños disfruten de una experiencia única, debemos dar un paso más, y pasar de la creación de una simple escenografía a un Storytelling creado exclusivamente para Entrada Canguro.
 La antesala
 Desde la puerta principal del Teatro hasta la sala Núria Espert (El Principalito) se señalizará debidamente un itinerario que facilite y agilice el flujo de usuarios del servicio.
 La entrada
 El artista alicantino Toño Savall ha diseñado el acceso a la Sala Núria Espert tomando como referencia el elemento más representativo del edificio: sus columnas. Se trata de una reinterpretación de de la fachada principal.
 Toño Savall comienza su carrera como contructor de Hogueras en 1987 trabajando para otros maestros, y aprendiendo en la Escuela de Artes y Oficios de Orihuela. En el ámbito de la escenografía Savall ha participado en la creación de decorados para películas como Su Majestad Minor o o Don Giovanni en la Ciudad de la Luz, o en teatro la última producción de Jácara Teatro. En 2010 abre su propio taller y en la actualidad se dedica en exclusividad a las Hogueras y Fallas infantiles. También trabaja como escultor e ilustrador.
 La tramoya
 Es un espacio diáfano de 18 x 6 m en el que se ha reproducido a escala infantil, las estancias más significativas y reconocibles para los niños, de un teatro (escenario y camerinos), combinado con elementos que implementen la practicidad de la sala y la doten de recursos para poder desarrollar las actividades (mesas, sillas y almacenamiento de material, como los que podemos encontrar en un aula escolar)
 El atrezzo
 El atrezzo es parte fundamental de cualquier producción, y también en El Principalito. El espacio está dotado de múltiples elementos que servirán para estimular la creatividad y el talento de los pequeños espectadores/artistas. Sombreros, pelucas, disfraces, maquillaje…son materiales imprescindibles en los teatros y en el proceso de maduración de cualquier niño.
 Precios y condiciones
 El Teatro Principal activa una modalidad de Entrada Canguro que podrá adquirirse por los canales de venta habituales: taquilla y web, siempre vinculada a una sesión normal.
 Niños y niñas de entre 4 y 8 años.
 El servicio de Entrada Canguro estará sujeto a la duración del espectáculo en programación.
 
 Las entradas canguro tienen un precio promocional de 12 €
 
 La seguridad es fundamental cuando estamos ofreciendo un servicio que implica a menores de edad. Por eso hemos diseñado un sistema de identificación ADULTOS-NIÑOS que nos permita garantizar el bienestar y la tranquilidad de ambos.
 La peculiaridad de este servicio con respecto a la vinculación entre los adultos y los niños reside en que, durante el tiempo que dura el taller, el adulto se encuentra en la sala bajo la prohibición de utilizar su teléfono móvil. Para salvar esta contingencia, se ha establecido una conexión entre el niño, y la butaca que ocupa su tutor.
 El adulto acompañará al niño hasta la sala El Principalito, momento en el que se realizarán dos trámites:
 
 1. Registro de datos del tutor: tras presentar la entrada general acreditativa del derecho a utilizar el servicio, tendrán que rellenar un formulario con los siguientes datos: Nombre, Apellidos, DNI, butaca ocupada durante la función y firma.
 
 2. Pulsera de identificación: al niño se le pondrá una pulsera en la que deberán constar los mismos datos de registro que en el formulario anterior. De manera que, solo la persona que rellena el acceso podrá recoger al menor al finalizar la sesión. Además si se produjera cualquier incidente en el transcurso de la representación, el personal de sala podrá localizar al tutor de manera discreta para que pueda atender el requerimiento. Teatro Principal de Alicante. Sala Núria Espert
 
 El Teatro Principal hará una selección de eventos Entrada Canguro atendiendo a criterios de idoneidad basados fundamentalmente en el target de cada función. La primera función con la que el Principal activa el servicio Entrada Canguro en El Principalito es: TOC TOC de LAURENT BAFFIE."
3052,TXT,"El Ayuntamiento de Alicante ha decidido no autorizar que se celebren hogueras en la noche de San Juan, la cual tiene lugar del 23 al 24 de junio en las cinco playas de la ciudad ante la pandemia del COVID, como medida preventiva y de seguridad para evitar aglomeraciones en la arena durante esa celebración que congrega a miles de personas.

Así lo ha anunciado el concejal de Seguridad, José Ramón González, manifestando que “se ha tomado esta decisión desde la responsabilidad para evitar que en estos momentos de desescalada de la pandemia se incumplan las medidas se seguridad y sanitarias del Gobierno, celebrando un encuentro que podría conllevar un riesgo de nuevos contagios de COVID. Esta es una noche que congrega a mucha gente, hay que ser prudentes y evitar cualquier situación que pueda conllevar aglomeraciones porque la salud es prioritaria”.

En estos momentos no se dan las circunstancias para poder celebrar la noche de San Juan, y tal y como se hizo con las Hogueras, el consistorio ha decidido no autorizar la celebración, y para ello según José Ramón González “se va a montar un amplio dispositivo con la Policía Local en Alicante”.

Los agentes de la Policía van a organizar un operativo para evitar que se puedan realizar las tradiciones hogueras en la arena, y de esta forma se controlarán los accesos a las cinco playas de la ciudad, Postiguet, Albufereta/Almadraba, Saladar/Urbanova, San Juan y Tabarca, durante toda la noche del 23 al 24 de junio, evitando así el riesgo de aglomeraciones que desde el Gobierno desautorizan como medida preventiva frente al COVID.

Además del dispositivo policial, el concejal de Seguridad ha querido hacer un llamamiento a que “no se acuda esta noche a las playas ya que debemos actuar con responsabilidad cívica, como ya se ha hecho durante todo el confinamiento donde los ciudadanos han estado cumpliendo cada una de las medidas que se han ido acordando de forma ejemplar”.

 "
2874,TXT,"Alicante, 29 de mayo de 2022. El alcalde de Alicante, Luis Barcala, ha asegurado este sábado que las hogueras especiales son ""faro y ejemplo"" para la Fiesta durante la presentación de los bocetos y maquetas de Fogueres Especials d´Alacant (FEA), que preside Josep Amand Tomás. Ha hecho esta afirmación durante el acto de presentación de bocetos y maquetas, que se ha desarrollado en la Plaza y el Espacio Séneca. El primer edil ha estado acompañado por el concejal de Fiestas, Manuel Jiménez, integrantes de la Corporación Municipal, la presidenta de la Federació de les Fogueres de Sant Joan, Toñi Martín-Zarco; las Belleas del Foc, Marina Niceto y Valeria Gómez, y sus respectivas Damas de Honor.

Barcala ha señalado que “las hogueras de categoría Especial cubren la totalidad de Alicante, destacan por su altura y volumen, y suponen un estímulo para el conjunto de las comisiones, para aquellas que más les cuesta cerrar un presupuesto para poder plantar"". 

La presentación de los bocetos se ha simultaneado con el concierto que ha ofrecido la Sociedad Musical “La Paz”, de Sant Joan d´Alacant. Ha sido Joan Antoni Espinosa quien la ha dirigido para interpretar las siguientes piezas:

“Sociedad Musical La Paz’” (Ferran Campos)

“Nino Llorens’” (Luis Molina)

“Tri, tri, tri Estrella’(Joan Enric Canet)

“Santjoaneries” (Ferran Campos)

“Toñi Martín-Zarco’” (Luis Molina)

“La Festa del Poble’” (Francisco Alonso)

“José Ángel Espinós” (Luis Molina)

“Valcárcel, viva Alacant!” (José Alfosea)

“Sentiment alacantí’” (José Manuel Molina)

“Federació de les Fogueres” (Luis Molina)

“Les Fogueres de Sant Joan’” (Luis Torregrosa)

“Himne d’Alacant’” (Juan Latorre)

Durante el acto se conoció el fallecimiento del artista de hogueras, José Muñoz Fructuoso. A su memoria se dedicó la interpretación del Himno de las Hogueras. Fructuoso fue un artista muy prolífico durante su trayectoria profesional. Sólo en una ocasión plantó en categoría Especial. Fue en 1995 para el distrito La Goteta cuando vio la luz ""El pas del temps"", con el que logró el quinto premio.

Los distritos, autores y lemas de las hogueras especiales adultas son los que siguen:

1. Carolinas Altas. Fran Sierra (Alicante). “In-Civilicación”

2. Séneca-Autobusos. Manuel Algarra, José Gallego y Toni Pérez (Valencia). “Érase una vez un virus”

3. Florida-Plaza La Viña. Lorenzo Santana. “Tierra de dos corazones”

4. Florida-Portazgo. Pere Baenas (Valencia). “Transplantados”

5. Diputació-Renfe. Vicente Martínez (Valencia). “Guerra”

6. Sagrada Familia. Carlos Carsí (Valencia). “No es verdad, ángel de amor…”

7. Hernán Cortés. Javier Gómez Morollón (Alicante). “Llanto de ballenas”

8. Polígono San Blas. Paco Giner (Valencia). “Invictus”

9. La Ceràmica. Palacio i Serra Artesans. “Mater Clamat”

A la conclusión de la presentación de los bocetos ha sido proyectado el vídeo promocional “Alacant, punt de trobada”, editado por Turisme Comunitat Valenciana, en el que se promocionan las Hogueras por su relevancia nacional y en el ámbito de la Comunidad Valenciana. Este vídeo forma parte del convenio suscrito entre Fogueres Especials d´Alacant y la Generalitat. El acto ha finalizado con la visita al Espacio Séneca donde se han podido ver las maquetas de las hogueras especiales."
829,TXT,"El Ayuntamiento de Elda, a través de la Concejalía de Cultura, ha abierto la convocatoria para los colaboradores que deseen participar en el número 65 de la revista Alborada. El concejal de Cultura, Amado Navalón, acompañado por el coordinador de la revista, Juan Vera, ha recordado que “como viene siendo habitual, Alborada contará con distintas secciones en las que se agruparán los trabajos recibidos. En la presente convocatoria se hacen públicas las bases de participación, contando siempre con que la revista incluye un dossier temático, que este año estará dedicado a presentar la realidad de la ciudad en el capítulo de Cultura, que ya está siendo elaborado por las asociaciones eldenses vinculadas al tema”.Por su parte, Juan Vera ha indicado que “los trabajos que se presenten deben cumplir unas pautas básicas relacionadas con la temática, la extensión, la tipografía, las ilustraciones y los plazos de entrega, entre otras cuestiones”.En relación a la temática, los trabajos serán inéditos y se primarán aquellos más novedosos y que guarden cierta relación con el tema del dossier, sobre otras colaboraciones que reiteren aspectos ya publicados en la revista Alborada o en otras revistas de similares características, con el fin de crear, en la medida de lo posible, una unidad editorial. Serán artículos divulgativos de contenido eldense (tradiciones, costumbres, relatos, biografías, etc.); reportajes gráficos o trabajos de ilustración relacionados con la temática descrita.De igual modo, se descartarán aquellas colaboraciones basadas en reelaboraciones de textos o entradas de páginas web que no aporten sustancialmente nuevos conocimientos sobre historia, costumbres, tradiciones o cualquier aspecto relacionado con la vida eldense.Sobre la extensión, los límites son:Colaboraciones de creación literaria máximo 3 páginas, 1.750 palabras (8.800 caracteres sin espacios – 10.500 con espacios)Artículos de investigación o ensayos máximo 5 páginas 2900 palabras (14.700 caracteres sin espacios-17.500 con espacios)Poesía una por autor/a con una extensión máxima de 30 versos.La tipografía debe ser Arial, 11 / Times New Roman, 12 e interlineado 1’5, sin sangrías ni espaciados de párrafos y los márgenes de la página: 2’5 x 2’5 x 2’5 x 2’5 cm, con ausencia de tabulación al inicio de las frases. Los artículos de investigación irán precedidos de un resumen del contenido y a poder ser, con destacados sobre cada una de las secciones.Los trabajos deberán ir acompañados de ilustraciones o fotografías digitales, con una resolución de 300 ppp como mínimo, todas ellas acompañadas de su correspondiente pie de foto que las identifique, incluyendo autoría o procedencia de la imagen.Juan Vera ha indicado que “los originales deberán estar en la redacción de la revista antes del 30 de junio de 2022. No obstante, se pide que quienes tengan interés en participar con algún artículo lo comunique a la mayor brevedad, con el fin de tenerlo previsto, ya que la extensión de la revista es limitada y los trabajos se recogerán por riguroso orden de llegada, de tal forma que, una vez cubierto el cupo de páginas disponibles, se procederá a informar a los autores de los trabajos que no hayan tenido cabida”.El correo electrónico de entrega de originales es fartalemus@gmail.com o alborada@elda.es. Los trabajos reflejarán exclusivamente la opinión del autor y ante cualquier duda se puede consultar por medio de este correo o bien en el teléfono 651 812 615 (atención Juan Vera Gil). La simple participación ya implica la aceptación de estas bases."
1967,TXT,"El alcalde de Elda, Rubén Alfaro, y la presidenta del Club Deportivo Nueva Elda Fútbol Sala, Paqui Sánchez, han firmado esta mañana el convenio de colaboración, en un acto en el que también ha estado presente el concejal de Deportes, Fernando Gómez.

El C.D. Nueva Elda recibirá una subvención de 15.000 euros, una cifra que supone el 51 % de la actividad que presupuestariamente justifica la entidad, cuyo primer equipo milita en la Segunda B del fútbol sala nacional.

Rubén Alfaro ha explicado que “este convenio es el reconocimiento a la labor que realiza la entidad, que este año cumple 35 años, y que apuesta por el trabajo con la cantera y el deporte base. Además, me gustaría destacar y poner en valor el hecho de que este club deportivo masculino esté presidido por una mujer”.

El primer edil ha indicado que “el Nueva Elda, se ha consolidado en la élite nacional y lo ha hecho, además, construyendo una base sólida sobre la que cimentar su futuro. Es un club que cuenta con cerca de 150 jugadores, la mayoría de ellos niños de nuestra ciudad”.

Por su parte, Paqui Sánchez ha agradecido el apoyo que recibe del Ayuntamiento de Elda, “y mucho más en unos tiempos como los que nos ha tocado vivir. En estos momentos no es fácil conseguir patrocinadores porque las empresas también están en una situación complicada”.

La ayuda económica que el Ayuntamiento de Elda aporta al Club Deportivo Nueva Elda F.S. se destinará a gastos federativos, de telefonía, de transporte, de material de oficina, de tramitación de licencias, de mutuas deportivas, de material deportivo, de asesoría, de alojamiento y de revisiones médicas, entre otros."
360,TXT,"Más de 1.300 escolares de 5º y 6º de Primaria de Benidorm participan en la XI Feria Deportiva de Navidad, que se celebra hoy y mañana día 21 en las instalaciones del Palau d’Esports l’Illa en horario de 09.00 a 13.00 horas. Hasta el Palau d’Esports se ha desplazado el alcalde, Toni Pérez, junto a la primera teniente de alcalde, Ana Pellicer; y las ediles de Educación, Deportes y Empleo, Maite Moreno, Mariló Cebreros y Mónica Gómez, para vivir el desarrollo de esta actividad deportiva y donde han compartido juegos con los participantes.Durante las dos jornadas, el alumnado disfruta de talleres de juegos y deportes alternativos y, como en ediciones anteriores, los responsables de animar y poner en marcha las actividades y juegos de la Feria son los técnicos deportivos municipales, que contarán con el apoyo del alumnado del TSEAS (Técnico Superior en Enseñanza y Animación Sociodeportiva) y del TGMNTL (Técnico en Guía en el Medio Natural y Tiempo Libre) del Centro Educativo Lope de Vega. También la Feria cuenta con la colaboración del alumnado del Taller de Empleo de Benidorm X, que se está desarrollando en la modalidad de Animación físico-deportiva y recreativa.Cebreros ha indicado que “durante la Feria Deportiva de Navidad los escolares tienen la oportunidad de practicar deportes alternativos a los convencionales en un ambiente lúdico y festivo”; y ha añadido que “este tipo de eventos contribuyen a fomentar valores como el compañerismo y el trabajo en equipo”.La responsable de Educación, por su parte, ha señalado que “además de propiciar el contacto y relación entre el alumnado de los diferentes colegios de Benidorm, esta Feria Deportiva de Navidad también tiene un componente solidario, puesto durante la misma hay una recogida de alimentos no perecederos que Cruz Roja hará llegar a personas en situación de vulnerabilidad”.Por último, Gómez ha incidido en que “esta Feria Infantil de Navidad constituye una oportunidad para el personal del Taller de Empleo Benidorm X, ya que el alumnado puede desplegar sobre el terreno los conocimientos adquiridos a su largo de su formación, complementando así la vertiente práctica del programa”.La Feria Deportiva de Navidad cuenta con la colaboración de las tres Concejalías, el Colegio Internacional Lope de Vega, Padel Palau Benidorm, Laguna Tennis, Bullshooter Dart Federation, Coca Cola, Grupo Brotons y Cruz Roja."
4083,TXT,"Exposición. ""La disuasión: la marea y el límite"". Últimos días en Las Cigarreras. Hasta el domingo en la Caja Blanca. Más información
 Esta tarde teatro con la Sala Itinerante. ""Macbeth VS Macbeth"". 14 de febrero. Dos pases, a las 18 y a las 20 horas. Más información
 El sábado Feria educativa Proyecta. Jornada educativa vinculada al medio audiovisual, tecnológico y del juguete con el marco educativo tanto dentro como fuera de las aulas desde el punto de vista local y nacional, así como acciones de control y protección en Internet (ciberseguridad). Más información
 Consulta toda la programación en la agenda cultural global en el siguiente enlace
 ¿Quieres recibir el boletín de noticias de Las Cigarreras?"
2370,TXT,"La muestra comisariada por Guillermina Perales, podrá visitarse desde este viernes, hasta el 27 de noviembre

La exposición

Según palabras de la comisaria, el diálogo es el principio del conocimiento, en cuanto que es el medio primordial por el que fluye una corriente de significado, ya sea entre autores de una misma cultura, o de diferentes tiempos y espacios

En la creación, el artista siempre trata de expresar este diálogo, tanto con los referentes que le han precedido, que han hecho que este tiempo sea como es, como con sus contemporáneos, con los que comparte el cuestionamiento de una realidad siempre apremiante.

En la sala de exposiciones, la comunicación con la obra da forma a nuestro pensamiento y posibilita dar presencia a una nueva comprensión del mundo, una comprensión de múltiple autoría.

""Con esta exposición, primera del ciclo Diálogos, iniciamos una nueva etapa en la Lonja del Pescado, en la cual se va a procurar crear una confrontación entre las trayectorias de dos artistas que comparten líneas de trabajo y de pensamiento, y por lo tanto sus obras pueden contemplarse como diferentes caminos que parten de ciertos principios afines, en su interpretación y en sus procesos creativos"", ha señalado.

En estos momentos, creemos que es importante mostrar y analizar las conexiones que se establecen entre los diferentes artistas del mismo tiempo y lugar o de diferentes lugares y tiempos. Comprender esas relaciones que existen y han existido, desde el principio de los tiempos, que nos hablan de la progresión del arte mediante el diálogo, ante la visión de otra obra, de otro artista.

El arte que realiza un artista tiene que ver con el conocimiento de su cultura, de su tradición y de su tiempo. En ese dialogo entre tiempos, entornos, culturas, se produce el enriquecimiento del artista y el crecimiento en su obra. Un conocimiento que surge desde la curiosidad por el otro, a partir de las preguntas y respuestas, del intercambio, de ponerse en el lugar del otro.

En esta exposición, podemos observar, por parte de ambos artistas, un arraigo con el paisaje natural y la identificación con una cultura ancestral, con su artesanía, sus materiales y técnicas originarias, inscritos en ese diálogo que el ser humano establece con la naturaleza, para crearse espacios habitables o para entender su lugar en el universo.

Con esta base conceptual, cada uno, desde su interpretación personal, introduce elementos de la contemporaneidad del arte, lo que los lleva, más allá de una relación contingente con esta realidad, hacia lo universal.

En su obra, accedemos al reconocimiento de los elementos básicos que conformaron al ser humano como creador, desde una mirada contemporánea.

Los artistas

Younes Rahmoun (Tetuán, 1975) y Josep Ginestar (Gata de Gorgos, Alicante, 1957), artistas de diferentes generaciones y nacionalidades, nos proponen la idea del viaje al espacio del otro, que no es sino un viaje interior, donde todo cuenta, lo histórico, lo geográfico, lo étnico, lo social, lo económico, lo religioso, lo humano, lo cósmico.

El viaje a Marruecos, por parte de Ginestar, o a la Marina Alta, por parte de Younes, les crea un vínculo de ideas que se concretan en diferentes procesos creativos. En sus obras se percibe una búsqueda del sentido espiritual de estos espacios naturales y del lugar del ser humano, del ser cultural, en ellos. Conceptos, juicios, que les sirven para elaborar discursos en los que se aprecia el diálogo entre sus obras, como la visión del paisaje como campo de experimentación y de los elementos naturales, la arena, la piedra, identificados con el ser en un aquí y un ahora.

Ambos autores utilizan en sus obras las técnicas y materiales de la artesanía popular, la cerámica, el cáñamo, el palmito, sus plantas, sus ritos y construcciones, con la comprensión que les da el lenguaje artístico contemporáneo, por lo que son admirados por la crítica de arte actual.

En Josep Ginestar, la acción en la naturaleza es una parte importante de su trabajo, entendida como proceso meditativo y de experimentación, realizando acciones en el desierto del norte de África, con sus mismos elementos, como el fuego, la arena, las piedras. Buscando la desmaterialización de los objetos hacia una conexión espiritual.

Sus obras exentas las resuelve mediante la unión de diferentes objetos extraídos de la tradición popular, creados con sus materiales, o con su misma concepción de adaptación al medio, como el bolso de caucho, objeto producto de la subsistencia, del reciclado de materiales, en un medio falto de medios, que contiene paradójicamente una esfera dorada. O como el objeto creado con palmito, con un corazón de manzanilla, recreando las técnicas tradicionales de su entorno, pero despojado de toda funcionalidad, sino como símbolo, pleno de sugerencias, en esa visión hacia la tierra, las manos y las mentes que la habitaron y crearon el espacio de la cultura.

Una reflexión sobre los procesos de la materia y de la mirada hacia la realidad natural y cultural que nos rodea, desde los elementos más básicos, estableciendo una relación más allá de lo contingente.

El viaje a Marruecos, al desierto, a un paisaje mínimo, es la búsqueda de esa infinitud en el principio de todo, del despojamiento necesario del místico en su encuentro con una comunicación trascendente. Videos y fotografías, en la exposición, nos muestran sus intervenciones en el desierto, con la escritura de arena o con el fuego.

Josep Ginestar viaja por la cultura marroquí como realizando un viaje de despojamiento hacia su lugar de origen, la Gata de Gorgos de tierra, manzanilla, palmito. La piedra en sus manos se convierte en materia energética, creada por el propio artista, al fundir lentamente la tierra en un pequeño horno, en su estudio, como un alquimista que transforma la materia en energía.

La piedra se muestra sola, como elemento esencial en la sala, o con una cierta acumulación, sobre una estructura metálica a modo de silla, siempre con esa fusión de objetos básicos, elementales de nuestra cultura.

En sus instalaciones emplea el dibujo con arena, como una orografía metafísica de su entorno natural, pero siendo solo arena, escritura.

Josep nos propone como compañero de diálogo a Younes Rahmoun, artista con un profundo sentimiento hacia su cultura y tradiciones, que sabe interpretar desde el lenguaje contemporáneo, siendo por ello valorado en los más importantes museos y centros de arte de todo el mundo.

Younes inicia su camino hacia lo espiritual dirigiendo su mirada hacia la artesanía popular de su país, desde la concepción del arte contemporáneo y las nuevas tecnologías, y como nos presenta en esta exposición, primordialmente, desde su vivencia del paisaje, las montañas del Rif, como campo de experimentación y de meditación, donde confluye todo.

En sus acciones e instalaciones intervienen todos los registros, desde la geometría en la disposición de elementos básicos como las piedras o elementos creados por él, con claras referencias al lenguaje de los símbolos y a diferentes campos del conocimiento, combinados con las nuevas tecnologías.

En esta exposición nos muestra su diálogo con el paisaje, con elementos naturales, que, en muchas tradiciones, a veces muy alejadas, han generado en metáforas, como el árbol, donador de vida, que vemos respirar, interactuar con el medio, desde su aparente quietud o pasividad. Y, sobre todo, la piedra, como elemento esencial constructivo, de la habitación o refugio, o como identidad espiritual que, desde su quietud, desde su pequeñez y materia primaria, nos conecta con el movimiento del universo.

Estos elementos básicos se convierten en protagonistas de sus instalaciones y vídeos, tanto como de su intervención en los espacios naturales, la montaña, a partir de un tratamiento simbólico de los mismos.

Younes Rahmoun nos presenta varias de sus obras expuestas en el Reina Sofía. El proyecto Hijra, (palabra árabe que significa migración o inmigración), que realiza desde el 2010, es una performance/acción/intervención en la que hace emigrar elementos de la naturaleza, piedras, del Rif, a otros lugares del mundo. Acción que realiza en cada uno de sus viajes por todo el mundo. Estos elementos se intercambian con un equivalente, recogido en el lugar de recepción, que le acompaña a su regreso, al punto de partida, las montañas del Rif.

Son sistemáticamente siete pequeñas piedras, que apenas ocupan el espacio entre sus dos palmas juntas, el tamaño del corazón más o menos, las que, cada vez, con su posicionamiento, dibujan una figura geométrica reconocible: una casa, un barco, un árbol, una montaña. Posteriormente utiliza el dibujo de la silueta de cada piedra y su fotografía para llevar un registro de cada uno de estas actuaciones. Evidenciar la repetición, el movimiento cíclico, para incidir en la comunicación, en la visión del movimiento, de la quietud, de la adaptación al entorno desde la construcción. El verso, la repetición en las artes, crea los vínculos con el lector, que, al repetir la acción con su lectura, interioriza, aporta su visión, siendo siempre, desde lo más básico, una lectura nueva.

Las piedras del Rif, como seres migrantes, se integran en el nuevo entorno y miran hacia su lugar de origen, reivindicando la universalidad del movimiento, la adaptación natural a sus nuevas condiciones, pero con la pregunta sobre qué podemos aportar. Otras siete piedras de Gata viajarán al Rif, con la misma disposición.

Las piedras nos hablan de las migraciones a otros espacios, a otros tiempos, como los desplazamientos que a lo largo de la historia la humanidad ha realizado por todo tipo de territorios. Esta acción nos habla del ser humano, de su adaptación al medio, del fragmento, del pequeño ser y de su energía en su vínculo con el todo, de las múltiples relaciones y posibilidades del ser en el universo que habitamos.

Toda esta documentación se muestra en la sala, en diferentes series de dibujos y fotografías de las piedras y plantas, con un gran mural, de grandes dimensiones, pintado directamente sobre la pared, representando, de manera esquemática, las montañas del Rif, desde donde parte y a donde concluye cada una de estas migraciones. Marco que nos lleva a ese espacio de meditación en que se convierte la Lonja.

Dibujos, fotografías, piedras, arena, objetos que, diseminados por la sala, nos describen dos caminos diferentes hacia la luz, con complicidades emocionales y materiales.

Younes Rahmoun ha expuesto en más de 25 países diferentes y en cerca de 150 espacios expositivos y eventos internacionales, el Museo Victoria and Albert de Londres, el Palacio de Tokio, el Museo Nacional de Arte Africano, el MACBA, el Centro de Arte Reina Sofía, así como en la Bienal de Venecia. A partir de su formación en el Instituto de Bellas Artes de Tetuán, diferentes encuentros y trabajos conjuntos con otros artistas y maestros, como Faouzi Laatiris o Hassan Echair, enriquecen su trabajo. Una de sus primeras apariciones como artista fue en la exposición el Objeto Desorientado en Marruecos que tuvo lugar en el Museo de Artes Decorativas en París en 1999, comisariada por Jean-Louis Froment, donde se encuentra con el curador e investigador Abdellah Karroum, con quien desarrolla trabajo y proyectos desde 2000.

Josep Ginestar se forma en la Escuela de Artes Aplicadas y Oficios Artísticos de Valencia y en la Escuela Nacional Superior de Bellas Artes de París. Profesor en el Curso Experimental de Plástica, A. Vives. En Gata de Gorgos crea y organiza el certamen de arte internacional Art al Vent y el Grup de Reull. Su trayectoria artística y expositiva se ha desarrollado tanto en su entorno más cercano, los pueblos de la Marina Alta, de la provincia de Alicante, como en grandes capitales de España y de otros países. Participando en ferias como Interarte y ARCO, con obra en importantes galerías y en instituciones fundamentales. Ha contrastado su obra en colectivas como Artistas Valencianos, junto a Carmen Calvo, Miquel Navarro, Yturralde, u Otras Naturalezas, junto a Eva Lootz, Perejaume, Schlosser…. En la actualidad está preparando una exposición retrospectiva para el Consorcio de Museos de la Generalitat Valenciana.

 "
2920,TXT,"Alicante, 11 de febrero de 2022. El alcalde de Alicante, Luis Barcala, ha felicitado este viernes a la Junta Mayor de Hermandades y Cofradías por la declaración de la Semana Santa alicantina como Fiesta de Interés Turístico Nacional. “Es un reconocimiento al trabajo de miles de personas y muchas generaciones, que han hecho de nuestra Semana Santa un gran acontecimiento religioso, turístico y cultural”, ha destacado el primer edil, que se ha comprometido a “seguir impulsando “esta celebración que tiene ya 420 años de historia”.

“Estamos contentos y orgullosos por este reconocimiento, que es de justicia y más que merecido”, ha añadido Barcala, “que confirma el gran valor de la historia, la tradición y el sentimiento que ponemos los alicantinos en nuestra Semana de Pasión y en el desarrollo de sus 28 procesiones, preparativos y múltiples actos complementarios”.

El primer edil recalca que este reconocimiento como Fiesta de Interés Nacional “no sólo es un espaldarazo para la Semana Santa, sino que también tiene un gran impacto para la promoción turística y de la imagen de la ciudad”. De hecho, en el informe remitido por la Junta Mayor de Hermandades y Cofradías al Ministerio de Turismo para esta catalogación se incluyó un completo dossier sobre los equipamientos de Alicante y sus alrededores para recibir a visitantes, así como los servicios e infraestructuras turísticas disponibles.

“Esperamos retomar con la mayor normalidad posible la Semana Santa este año entre el 10 y el 17 de abril”, ha destacado Barcala, “aunque es un hecho que las actividades de nuestra gran Semana de Pasión se prolongan durante todo el año gracias a ese gran trabajo y compromiso de los cofrades y miembros de las hermandades, que ahora se ve recompensado""."
229,TXT,"El sábado 25 de febrero se llevará a cabo un desfile a las 18:00 horas y el domingo 26 de febrero se celebrará la Asamblea Nacional de la UNDEF en el Gran Teatro, a la que asistirá una representación de 50 ciudades españolasLas actividades del Encuentro Nacional de Moros y Cristianos reunirán en Elche a un millar de personas. El primer acto se desarrollará el viernes día 24 de febrero, en el que se ofrecerá una conferencia a cargo del doctor en Humanidades y Ciencias Sociales y asesor cultural de la UNDEF, Miguel Ángel Martínez Pozo.El extenso programa previsto, continuará el sábado por la mañana, en el que los asistentes serán recibidos por las autoridades del municipio en el emblemático patio de armas del Palacio de Altamira y desde donde partirán las visitas culturales, que el Ayuntamiento ha preparado para que conozcan de primera mano lugares como la Calahorra, la basílica de Santa María y el Museo de la Festa.A partir de las 18:00 horas las calles se llenarán de música en un gran desfile donde participará una representación de las 50 poblaciones festeras junto a las comparsas ilicitanas y que partirá desde el inicio de la calle Alfonso XII y transcurrirá por la Plaza de Baix, Corredora y calle Trinquet para acabar en la Replaceta dels Moros y Cristians.La edil de Fiestas, Mariola Galiana, señala que “será un hito ya que es la primera vez que nuestra ciudad acoge un encuentro de estas características, donde participan localidades en las que los Moros y Cristianos cobran gran relevancia e interés turístico”En la mañana del domingo, varios alcaldes y concejales de las ciudades visitantes se trasladarán hasta Eche y junto con los asambleístas se reunirán en el Gran Teatro, donde entre otras cuestiones internas a tratar, saldrá el nombre de la ciudad elegida para celebrar la Asamblea el próximo 2024.La edil de Fiestas, Mariola Galiana, ha señalado que “será un hito ya que es la primera vez que nuestra ciudad acoge un encuentro de estas características, donde participan localidades en las que los Moros y Cristianos cobran gran relevancia e interés turístico”. Además ha añadido que “a la visita de las personas inscritas se suman las de poblaciones cercanas que a pesar de no pernoctar en nuestra ciudad, vendrán a los actos centrales que se desarrollen el sábado y el domingo”. También ha resaltado el impacto económico que esto supone para los establecimientos de hostelería, comercio, restauración y el ocio del municipio, además de la promoción turística que supone poner el nombre de Elche a nivel nacional y la repercusión en futuras visitas.Galiana ha invitado a los ilicitanos y visitantes a disfrutar del desfile del sábado por la tarde, en el que las comparsas de Elche junto a las de las localidades visitantes se unirán en un desfile único llenando de color y música festera las calles del centro de la ciudad.Julián Fernández, presidente de la Asociación de Moros y Cristianos de Elche, ha destacado el trabajo que desde la propia Asociación y el Ayuntamiento se ha estado realizando para que Elche fuese elegida como sede de la asamblea de la UNFED.El pasado año, la concejala de Fiestas junto con el presidente de la Asociación, se desplazaron hasta la ciudad murciana de Los Alcázares para presentar la candidatura de Elche. Una cita donde se expusieron ante los asistentes la historia de la fiesta de Moros y Cristianos de Elche y Galiana presentó los atractivos turísticos, el patrimonio cultural y la oferta de ocio y gastronomía de la ciudad ilicitana.Fruto del trabajo y de la exposición de la candidatura, Elche ha sido elegida para la asamblea del presente año."
2505,TXT,"Alicante, 23 de mayo de 2022.  El programa Reminiscencias. Arte y Cultura contra el Alzheimer, nace en el año 2012 como proyecto pionero en la Comunidad Valenciana, con la idea de convertir el MACA en un espacio de accesibilidad al arte y la cultura, la creación y la actividad plástica en todas sus manifestaciones, a personas con Alzheimer de la Asociación de Familiares y Amigos de Enfermos de Alzheimer de Alicante, suministrando así herramientas y recorridos artísticos con los que redescubrirse y activar múltiples recuerdos significativos de momentos importantes vividos en su vida. 

La firma del convenio anual ha tenido lugar esta mañana en el MACA, y han estado presentes, el concejal de Cultura, Antonio Manresa, la presidenta de AFA Alicante, María Luz Rodríguez del Campo, y por parte de la Fundación Manuel Peláez, su presidenta, Carmen Robles Pariente.

Manresa ha destacado ""la importancia de que el MACA siga manteniendo este programa tras diez ediciones, en las que hemos comprobado los grandes beneficios que cada una de las sesiones tiene entre los usuarios"". ""La educación social es uno de los puntos fuertes del museo, y Reminiscencias, sin duda, uno de los proyectos insignia"". 

Los objetivos del programa Reminiscencias. Arte y Cultura contra el Alzheimer son muchos tras una trayectoria de nueve ediciones: siete presenciales y dos a través de vídeos debido a la pandemia de la COVID-19 en nuestro día a día intentamos medir sus beneficios en cuanto a comunicación, expresión emocional, reminiscencia y conocer qué aspectos positivos o negativos tiene el programa, según la percepción de los participantes, poniendo de manifiesto cómo el arte y la cultura pueden mejorar aspectos de la vida de la persona con Alzheimer como su participación social, los beneficios emocionales y la capacidad de disfrute de una actividad. 

Pero lo más importante, hemos conseguido que las personas con Alzheimer se distancien de ese rol de enfermos y vuelvan a contactar con su yo vital, con su yo auténtico. Con la perspectiva que da el tiempo, podemos afirmar que los participantes de este programa Reminiscencias han visitado un museo muchísimas más veces que cualquier ciudadano medio interesado en la cultura. Tal dedicación ha mejorado su calidad de vida, bienestar y autoestima por medio del arte y de las emociones que provoca. Sin terapias farmacológicas. Con las artes. Creando una narración con significado, situando a la persona con Alzheimer en el centro de la actividad. Con el programa Reminiscencias, el MACA se ha reformulado. El museo ya no es el lugar donde habitan las musas solo entendibles por una élite experta. Se ha convertido en un espacio inclusivo colmado de emoción que atiende a todas las capacidades. Y a todos nos ha hecho crecer como personas.

Esta décima edición se divide en seis sesiones creadas a partir de seis obras de la Colección Arte Siglo XX. En las actividades propuestas los participantes dialogarán, conversarán y compartirán experiencias en torno al arte. Además de realizar diferentes procesos creativos con el fin de provocar reminiscencias. Las diferentes sesiones se estructuran en dos actividades, una visita a él MACA para conocer artistas singulares de la Colección Arte Siglo XX, así como para procurar reacciones, reflexiones, conversaciones o actividades en torno al arte y los artistas, pero también las sensaciones y emociones que puedan provocar las obras. 

La segunda actividad, se realizará dentro del mismo mes en el centro de AFA, Alicante, donde se rememora y se activa lo trabajado en la visita del museo provocando la reminiscencia. Estas prácticas irán acompañadas de una caja con materiales y un cuaderno con imágenes, textos y actividades, que tratarán de hacer recordar situaciones vividas en el pasado y despertar distintas emociones en el presente: todo a través de las obras de los diferentes artistas representados en el museo. Estas propuestas servirán de guía a los/as profesionales de AFA, Alicante para desarrollar las actividades creativas.

 "
1163,TXT,"La Concejalía de Cultura y Museo de Bellas Artes de Alicante (MUBAG) colaboran en la Lonja Medieval con la exposición de Didier Petit Meurville que ha sido inaugurada en el recinto cultural del Ayuntamiento de Elche. En la presentación han estado presentes la edil de cultura, Marga Antón; el diputado de Cultura de la Diputación de Alicante, Juan de Dios Navarro; el director del MUBAG, Jorge Soler Díaz; y la técnica de exposiciones y difusión del MUBAG.

El proyecto nació en diciembre de 2021. Es la primera colaboración del MUBAG con la Concejalía de Cultura, y cabe destacar que esta exposición es la primera vez que se expone fuera del museo.

Tal como ha explicado Antón, “Petit fue un cónsul francés en la provincia de Alicante y durante su estancia pudo fijarse en la belleza que tenían Elche y los paisajes de la provincia”.

La edil destaca que “esta exposición es simbólica para nuestra ciudad porque pone de manifiesto el buen estado de salud de nuestros paisajes y lo atractivo que era la ciudad de Elche para los artistas de aquella época”.

Por su parte, Juan de Dios Navarro, señala que “la voluntad de la Diputación es poder llevar a todos los lugares las exposiciones que puedan salir de Alicante y que puedan ir a los municipios de alrededor, y Elche es el mejor lugar donde podría estar esta muestra”.

Soler recalca que es la primera exposición fuera del museo, y en los cuadros se muestran el Palmeral de Elche, las laderas del río y monumentos.

La exposición contiene 24 obras realizadas por el artista y un autorretrato hecho por el pintor español, Manuel De Ojeda y Siles, y se podrá visitar hasta el 30 de abril."
2594,TXT,"Alicante, 25 de enero de 2022.- La Junta de Gobierno del Ayuntamiento de Alicante ha aprobado este martes la denominación de una calle para el balonmanista José Luis Soriano “Poli”, situada junto al Pabellón Municipal “Pitíu” Rochel. El vial está localizado entre la grada de Preferente del estadio “José Rico Pérez” y la parte trasera del polideportivo, donde tantas jornadas de gloria dio “Poli” al balonmano alicantino.

La Concejalía de Presidencia y Estadística, que dirige Antonio Peral, apoya, de esta forma, la iniciativa que promueve el Club Deportivo Sporting Salesiano, ahora CB Eón Horneo Alicante que esta temporada milita en la División de Plata y que es líder de su grupo.

La petición de la entidad deportiva esgrime que “Poli”, como se le conoce en el ámbito deportivo, “ha sido una pieza clave en la historia del balonmano alicantino y nacional”. Se citan sus 18 temporadas militando en los tres clubes alicantinos más importantes de este deporte -Obras del Puerto, Calpisa y Tecnisán-, además de haber sido internacional por España en cuatro ocasiones como junior.

En el palmarés de “Poli” figuran cuatro Ligas, cinco Copas del Rey, y una Recopa de Europa. Además, el hecho de haber compartido vestuario con históricos del balonmano en Alicante como “Pitíu” Rochel -quien fue después su entrenador-, Santos Labaca, Jaime Cremades, Cascallana, Cabanas, Perramón, y Goyo, entre otros. Se incide, además, en el hecho de que “durante su trayectoria deportiva, nunca abandonó Alicante y compaginó su dedicación al balonmano de élite con su empleo en la banca”.

La petición se basa, también, en que “pese a su condición de alicantino, pensamos que, por el momento, no ha habido un reconocimiento social hacia una figura que ha dado a la ciudad tantos éxitos deportivos. Creemos que dedicarle una calle puede ser el mejor símbolo de gratitud hacia uno de los mejores deportistas alicantinos. Un detalle que quedará permanente en la historia deportiva de la ciudad de Alicante”.

Un “merecido” reconocimiento

Antonio Peral ha señalado que “se ha elegido esta calle por su proximidad con el Pabellón Central “Pitiu Rochel” donde Poli jugó durante tantos años, consiguiendo las mayores hazañas de la historia del deporte alicantino. Es, sin duda, un reconocimiento muy merecido.”"
4516,TXT,"Alicante. Jueves 19 de octubre de 2017. 
 El programa de Animación a la lectura de la Concejalía de Cultura, que despliega un calendario de actividades en las bibliotecas municipales, invita a los interesados a tomar parte en las sesiones de cuentacuentos que protagonizará el narrador Miguel Ángel Montilla los día 26 de octubre y 8 de noviembre.
 Las historias que propone este artista de la palabra nos devuelven a la infancia, a esa burbuja intemporal que nos acompaña en el pensamiento toda la vida.
 El propio Montilla es quien resume la esencia de ambas actuaciones: 
 “Las mañanas de los domingos de invierno estaba permitido entrar a la cama de mis padres. Allí, entre el espacio invisible de unos padres que se amaban, mi padre me contaba el cuento de Garbancito entre la sábana y la manta”.
 “El cuento siempre era el mismo y siempre era diferente. Impregnado de ese recuerdo, nació esta sesión de cuentos que conecta con esa parte de mi infancia que corona mi memoria poética”.
 “En un intento de recuperar la intimidad que se produce en la cama cuando eres niño y alguien mayor te cuenta un cuento, en una búsqueda por recrear ese espacio de cariño donde el que te cuenta quiere que te duermas y el que escucha no desearía dormirse nunca”.
 “Mis narraciones son un homenaje a los que desde que nací me contaron y me cantaron. La sesión surge trazando un hilo invisible entre corazones para que permanezca como un tesoro dentro de los escuchantes, estableciendo una gran telaraña de afectos de los que fluyan palabras, versos, canciones e historias que calen más allá de la piel”.
 Ambas funciones están pensadas para público infantil y familiar. Son de acceso gratuito, pero para la primera, la que tendrá lugar el jueves 26 de octubre en el centro de lectura de Villafranqueza, se requiere invitación, que los interesados ya pueden conseguir en la propia biblioteca.
 
 Los datos de las actuaciones son los siguientes.
 Jueves 26 de octubre. A las 18 horas. Acceso con invitación.
 Biblioteca municipal de Villafranqueza. Calle Castelar, 40. Tfno: 965.18.10.90. 
 - - -
 Miércoles 8 de noviembre. A las 18 horas. Libre acceso. 
 Biblioteca municipal de Ciudad de Asís. Calle Águila, 41. Tfno: 965.11.46.71."
3021,TXT,"Alicante, 30 de noviembre de 2020.- El Belén Social de la Plaza de la Montañeta ha vuelto a iluminarse mostrando las cuatro escenas preparadas para esta Navidad por la Asociación de Belenistas de Alicante: -”Petición de posada”, “Nacimiento de Jesús en Belén”, “Anunciación a los Pastores” y “Caravana de los Magos”. A la cita ha acudido el alcalde, Luis Barcala, acompañado por el concejal de Cultura, Antonio Manresa, y otros miembros de la Corporación Municipal.

El primer edil ha subrayado que “el Belén Social es un nuevo motivo por el que ilusionarse en familia y fomentar la esperanza en unas Navidades distintas, tradicionales y seguras”.

El Nacimiento lo ha instalado la Asociación de Belenistas, que preside Alejandro Cánovas, quien ha explicado que se espera superar las 30.000 visitas del pasado año, aun con el cumplimiento de las obligadas medida anti COVID-19.

Escenas y autores

El Belén Social lo componen cuatro escenas: “Petición de Posada”, que discurre en un patio interior en el que se reproduce el momento en el que María y José piden hospedaje; “Nacimiento de Jesús en Belén”, que presenta una cueva vista desde su interior y en el que a través de dos embocaduras se aprecia el paisaje exterior, “Anunciación a los Pastores”, donde se ven dos cuevas en mitad del campo, el instante en el que el Ángel anuncia el Nacimiento de Jesús, y al fondo se aprecia la ciudad de Belén; y “Caravana de los Magos”, donde se representa un paisaje desértico por el que discurre la Caravana y en la lejanía, las murallas de Jerusalén.

Los autores de las escenas son: Vicente Monllor y Antonio Genovés -”Petición de posada”-, Agustín Moreno y José Luis Hernández -”Nacimiento de Jesús en Belén”-, José Luis Pitarch, Alejandro Cánovas y Julio Lillo -”Anunciación a los Pastores”-, y Francisco Ruso, Francisco Gómez, Vicente Denis y Vicente Bañó -”Caravana de los Magos”-."
1001,TXT,"Alicante, 10 de febrero de 2022. El alcalde de Alicante, Luis Barcala, ha desgranado este jueves parte del conjunto de los sentimientos que emanan del herculanismo durante la presentación de los actos del Centenario de la entidad blanquiazul, que se ha desarrollado en el Centro de Negocios Panoramis Life & Business. La transmisión de valores de padres a hijos y la pasión por lo que suponen los colores blanco y azul, “representativos de Alicante e imagen de esta ciudad” han sido dos de los aspectos en los que ha incidido el primer edil, quien ha estado acompañado por el concejal de Deportes, José Luis Berenguer (Cs), e integrantes de la Corporación Municipal.

Barcala ha destacado que “aunque no parecen buenos tiempos para el primer equipo, eso queda hoy en un segundo plano. Lo que verdaderamente importa es que el espíritu de 1922, el fundacional, el que nos ha llevado hasta aquí, sigue vivo, muy vivo”. Ha significado que “ser herculano conlleva sentir Alicante porque el Hércules es una seña de nuestras señas de identidad. Ya sea en los buenos o en los malos momentos. Sólo hay que recordar cómo se volcó la ciudad cuando, recientemente, se estuvo a punto de volver a Segunda División”.

Ha finalizado valorando la tarea desarrollada por la Comisión del Centenario, presidida por Manuel Palomar, “porque ha elaborado un completo programa de actividades para acercar el significado del Hércules al conjunto de la sociedad alicantina”.

El acto ha contado con actuaciones musicales dedicadas al Centenario. Dani Miralles ha interpretado “100 años del sueño de El Chepa”; Amiga Mala Suerte, “Blanquiazul y negro”; Bicho Raro, “Blanquiazul, un sentimiento” e Inés Domínguez, a la guitarra, ha cantado el “Himno del Hércules”, con voz femenina, por vez primera. Ha sido al final del acto y ha supuesto una auténtica novedad para el público asistente.

Con anterioridad han sido presentadas, mediante un pequeño historia, las mascotas del Centenario, “Hercu” y “Lana”. Son originales del artista de hogueras, Sergio Gómez, y el guión y los nombres de elegidos son creaciones de Violeta Trives. Ha sido descubierta, también la camiseta conmemorativa del Centenario. El conjunto de los cien actos programados finalizará el 31 de diciembre con un Encuentro entre los abonados más veteranos y de los de menor edad, en una clara simbología de la transmisión de valores que ha reflejado el alcalde en su intervención."
2092,TXT,"El Ayuntamiento de Benidorm estrena este mes de junio ‘Cultura por la Igualdad’, un proyecto transversal para dar visibilidad a la producción artística con sello de mujer. La iniciativa impulsada por las áreas de Cultura e Igualdad, que dirigen Jaime Jesús Pérez y Ángela Zaragozí, pretende “concienciar a la población y destacar a aquellas mujeres del mundo de la cultura que desarrollan una actividad tanto de forma profesional como ‘amateur’, saldando así la deuda que la Historia tiene con todas aquellas mujeres que durante siglos generaron cultura y arte sin que su obra fuera difundida a la misma escala que la de los creadores masculinos”.
Zaragozí ha señalado que “la temática abordada en este proyecto va desde la igualdad hasta el máximo exponente de la desigualdad que es la violencia de género”, y ha incidido en que esta iniciativa sirve de “plataforma para dar visibilidad a la creación artística de las mujeres, pero también se constituye como un espacio para la reivindicación y la concienciación sobre esa misma temática”. 
La edil ha explicado que “con ‘Cultura por la Igualdad’ avanzamos en la línea de trabajo coral que desde hace un tiempo desarrollamos ambos departamentos, dándole una continuidad y una programación específica”. 
Por su parte, el concejal de Cultura ha detallado que este proyecto se inicia “con tres actividades de teatro, conferencia y cine documental” programadas en el auditorio Óscar Esplá en tres jornadas diferentes. La primera será mañana viernes, 4 de junio, a las 21.30 horas, con “el espectáculo de circo lírico ‘Sophie’, con la participación de La Troupe Malabó y La Mala” que llega a Benidorm tras haber obtenido el reconocimiento de la crítica del público y el ‘Premi IVC Millor Artista de Circ’ a Marisa Ibáñez. 
El viernes 11 “contaremos con la artista audiovisual experta en comunicación y género, Yolanda Domínguez, con una presentación dinámica del tema ‘Cambiar las imágenes para cambiar el mundo’, también a las 21.30 horas. La siguiente semana, el viernes 18 de junio, se proyectará la película documental ‘Será hombre’, con la presencia e intervención de su directora, Isabel de Ocampo. 
Pérez ha avanzado que ‘Cultura por la Igualdad’ es un proyecto abierto, que no se circunscribirá únicamente al verano sino que “seguirá programando nuevas citas en otros momentos del año donde también queremos que entren la literatura y otras disciplinas artísticas y culturales”.  "
508,TXT,"En estos días previos al inicio de la Semana Santa,  las calles de la ciudad de Orihuela  y sus pedanías han acogido las diferentes procesiones que los colegios oriolanos han organizado, después de esperar su momento durante estos dos últimos años por la pandemia del COVID-19. Así, tanto el primer teniente de alcalde y concejal de Cultura y Patrimonio Histórico, Rafael Almagro, como la edil de Festividades, Mariola Rocamora, el concejal de Deportes, Víctor Bernabéu, y el edil de Emergencias e Infraestructuras, Víctor Valverde, han asistido a las diferentes procesiones previstas como la del CEIP Raiguero de Bonanza, Colegio Nuestra Señora del Carmen, Colegio Diocesano de Santo Domingo y Colegio Diocesano Oratorio Festivo, en las que han participado los alumnos de cada centro portando sus pasos y representando a la Semana Santa de Orihuela, declarada de Interés Turístico Internacional."
3414,TXT,"Alicante, 10 de mayo de 2021. El Ayuntamiento de Alicante presenta el programa formativo del Centro de Recursos de Consumo (CERCA), que ha organizado de forma presencial la Concejalía de Comercio para este mes de Mayo, ofertando talleres, cursos, visitas y charlas sobre la Alimentación Saludable, con plazas limitadas y cuya inscripción está abierta y se puede realizar a través del mail cerca@alicante.es.
 El Programa propone actividades y sobre la Dieta Mediterránea, con visitas culturales y gastronómicas al Mercado Central de Alicante, para conocer su historia y los productos típicamente alicantinos, entre otros, que se comercializan, y el Taller de Cocina ""Nuestra Cocina"", donde aficionados a la cocina elaborarán platos nutritivos y saludables.
 La edil de Comercio y Consumo, Lidia López, ha animado a participar en la amplia oferta de cursos que se retoma presencialmente con todas las medidas anticovid y grupos limitados en el CERCA, que “siempre tienen una gran demanda y éxito, y están dirigidos a promocionar y fomentar hábitos saludables, la dieta mediterránea y para enseñar a cocinar en los talleres con productos típicos de Alicante”.
 El objetivo de estas actividades es ofrecer al público adulto una formación en materia de consumo y de salud, nutrición y cocina, para que el ciudadano esté más formado, y promocionar mediante cursos, talleres, charlas y demás recursos formativos a todas las personas interesadas en los temas de consumo.
 Cursos y talleres
 La programación de ocio formativo comenzará con unas charlas que se van a a realizar los miércoles y se inicia el 12 de mayo con el charla ‘Dieta Mediterránea’ la primera sobre la Longevidad, y posteriormente se abordará la dieta sobre la Familia y la Felicidad para descubrir nuevos hábitos y recetas, así como un Talleres de Cocina el viernes 21 de mayo que impartirá una experta en nutrición para ofrecer recetas saludables y aportación nutricional, los cursos son en horarios de mañana a las 11 horas. Así como Visitas al Mercado los sábados, jueves y viernes con un recorrido cultural y gastronómico.
 Inscripción en los cursos
 El plazo de inscripción está abierto para que los interesados puedan participar de forma gratuita en las actividades de ocio formativo del centro. Las inscripciones se pueden realizar presencialmente en el CERCA o vía email, en la dirección cerca@alicante.es
 El centro CERCA es un servicio público municipal situado en los bajos del Mercado Central, concretamente en la esquina de la calle Calderón de la Barca con la de Balmes -teléfono 965.14.52.94-. El CERCA presta sus servicios a distintos colectivos, desde los jóvenes consumidores a través de sus centros educativos, hasta los consumidores de la tercera edad, pasando por colectivos desfavorecidos, asociaciones de consumidores y de comerciantes, entre otros.
 Programa Formativo Mayo
 Inscripción obligatoria en: cerca@alicante.es o 965145294."
1034,TXT,"Alicante, 3 de junio de 2022.- El concejal de Deportes, José Luis Berenguer (Cs), ha celebrado esta mañana un encuentro con los clubes deportivos de la ciudad, en el que explicó la previsión de gasto de los remanentes y los proyectos específicos a ejecutar para mejorar las instalaciones deportivas de la ciudad, que se prevé sean aprobados en el pleno extraordinario del próximo martes 7 de junio.

La reunión ha tenido lugar en las instalaciones de la Concejalía de Deportes, y el edil Berenguer ha adelantado al detalle la información y explicado el plan ejecutado hasta el momento, que se han impulsado junto a las Concejalías de Urbanismo e Infraestructuras, tales como ""la modernización del pabellón Pitiu Rochel, la remodelación del polideportivo de Babel, al mismo tiempo explicó la dotación al PAU 5 donde se creará un campo especifico de Rugbi, un campo de futbol y áreas específicas para baloncesto semi cubierto"".

El edil de Deportes explicó como novedad de los proyectos de remanentes que ""se incorporan este año 800.000 euros para el proyecto del pabellón de Tómbola, una instalación que ha obtenido el apoyo de todos los grupos políticos. Y la adscripción a deportes de un terreno de 35.000 metros cuadrados de dotación deportiva en Rabasa”.

Al mismo tiempo el concejal de Deportes comentó las subvenciones sociales específicas dirigidas a personas con diversidad, para la mujer en el deporte y para aquellas zonas más desfavorecidas de la ciudad.

Además, en el acto fueron reconocidos los éxitos obtenidos por los clubes a los que se han entregado tres placas conmemorativas para el Club Xaloc Alacant Powerchair, el Club de Futbol Intercity y al Club de Tenis de Mesa Unasyr Alicante con motivo del ascenso de categoría.

Por otra parte, en el Centro de Tecnificación de Alicante y englobado en los XL Jocs Esportius de la Comunitat Valenciana, se dan cita más de 800 niños y niñas, que participan en el Deporte Escolar municipal durante este año en diversas disciplinas deportivas como ajedrez, atletismo, bádminton, básquet, balonmano, fútbol sala, hockey, judo, natación, tenis mesa y vóley para recibir de la mano del concejal de Deportes distintivos en reconocimiento a su esfuerzo.

En el evento se entregan trofeos a los cuatro mejores clasificados de cada disciplina deportiva, al mejor árbitro de la temporada en cada deporte y se dieron placas a los colegios que colaboran durante la temporada agradeciendo su aportación al deporte.

El concejal de Deportes comentó que “no hay ninguna duda de que cuidar a los menores, fomentando la práctica deportiva es la fórmula del éxito, porque los niños y niñas de hoy serán las estrellas del futuro y hay que ayudarles para que practiquen deporte”.

En este sentido, se impartió una jornada formativa sobre “La gestión de las Asociaciones y Clubes Deportivos y su relación con el Ayuntamiento”, en la cual se trató la gestión de la organización interna de un club deportivo, el voluntariado en el deporte, las obligaciones legales y fiscales de las asociaciones, las subvenciones y las bases de regulación, entre otros temas.

La jornada formativa se ha dirigido a presidentes, directivos, gestores, técnicos deportivos, entrenadores y monitores, fue todo un éxito, participaron alrededor de cien clubes. A la jornada formativa acudió el concejal de Urbanismo, Adrian Santos Pérez (Cs).

La Concejalía de Deportes, dirigida por José Luis Berenguer (Cs), tiene una estrecha relación con todas las entidades y clubes deportivos, el edil declaro que para la Concejalía de deportes “los clubes tienen una gran importancia en el entramado deportivo de Alicante, y les reconoce el esfuerzo y trabajo que realizan para mantener a Alicante entre las mejores ciudades a nivel deportivo.”"
3496,TXT,"Alicante, 23 de marzo de 2021. El Ayuntamiento de Alicante ha aprobado hoy en Junta de Gobierno la clasificación de empresas concurrentes al contrato para la realización de las obras de restauración de la fuente de Levante en la Plaza de Luceros. La mercantil Estudio Métodos de Restauración S.L. ha presentado la oferta mejor clasificada, con un presupuesto de 302.059,08 euros y un plazo de ejecución de seis meses una vez aportada la documentación requerida para su adjudicación.
 Un total de nueve empresas han concurrido al concurso público para afrontar esta importante actuación, que salió a licitación el pasado mes de noviembre con un presupuesto base de 374.763 euros. La empresa dispondrá de diez días para la entrega de la documentación y la constitución de la garantía definitiva para la formalización del contrato previo al inicio de las obras que desarrolla la Concejalía de Infraestructuras. que dirige José Ramón González, y serán coordinadas por la Concejalía de Cultura, que dirige Antonio Manresa.
 José Ramón González se ha mostrado muy satisfecho con poder iniciar en breve estas obras que se llevan adelante con el objetivo de “recuperar y restaurar uno de los momentos emblemáticos más importantes de nuestra ciudad como es la fuentes de la Plaza de Luceros, impulsadas con la firme voluntad de que luzca con toda su grandiosidad y esplendor en pleno centro"".
 Para ejecutar esta obra, que va a realizarse en seis meses, es necesario instalar un andamio solo para llevar a cabo los trabajos del cuerpo central, que están estipulados en tres meses, y posteriormente será desmontado, así como un vallado del perímetro.
 Técnicas de termografía de infrarrojos, escaneado láser, fotogrametría digital y escaneado tridimensional digital para su restauración
 Respecto a la intervención y propuestas realizadas por la licitadora, el concejal de Infraestructuras ha explicado que “está previsto llevar a cabo adicionalmente la realización de un amplio estudio utilizando técnicas de termografía de infrarrojos que permitirán afianzar el conocimiento sobre el estado de conservación de la Fuente, y a su vez facilitará y mejorará la toma de decisiones definitivas respecto a los trabajos de rehabilitación integral del monumento”.
 La mercantil ha puesto como ejemplo de obras realizadas de restauración de patrimonio la de la Catedral de Santiago de Compostela, y el edil de Infraestructuras explicó que para Luceros se va a establecer “una toma de datos con topografía clásica, pero sobre todo con fotogrametría digital y escaneado tridimensional digital posterior para ser más precisos en su restauración”.
 En este sentido, el edil José Ramón González añadió que a su vez se van a utilizar otras técnicas como “el escaneado láser de alta precisión, que en el conjunto de uso de todas ellas constituirán una herramienta muy fiable y objetiva para el estudio y análisis de los elementos de la fuente”.
 Respecto a los materiales originales empleados como morteros, piedras, metales, se va a estudiar con termografía de infrarrojos, cartografía de sales y ensayos petrográficos, junto a ensayos físicos y químicos y una relación de técnicas de laboratorio, las características físico y químicas de los morteros empleados en la construcción de la fuente. 
 Dentro de los trabajos previsto a su vez se realizarán también catas para la comprobación del estado de la fuente. Y varios tipos de ensayos, uno de resistencia y durabilidad de los morteros a emplear en la obra y la restauración de elementos controlando parámetros como durabilidad, resistencia mecánica y estado de endurecimiento.
 Sobre los otros dos ensayos previstos a ejecutar por la empresa valenciana Estudio Métodos de Restauración S.L, uno de ellos establece la realización de caracterización del vidriado cerámico original para la reparación de los elementos vidriados, y aplicará una serie de técnicas como espectroscopia, fractografía, cromatografía, ensayos mecánicos, que permitan conocer las características de los existentes y así poder establecer mejores decisiones sobre los materiales de reparación.
 Además de un ensayo de envejecimiento del vidriado cerámico de nueva producción, con la realización de una serie de moldes y posterior reproducción de piezas cerámicas vidriadas de color dorado, con la realización de ensayos de envejecimiento acelerado de los materiales vidriados, describiendo hasta cinco técnicas a utilizar para este objetivo.
 José Ramón González ha explicado que “se va a realizar una intervención integral, la limpieza general del conjunto con técnicas de limpieza mecánica superficial, química y húmeda, la recuperación de las piezas que presentan desperfectos, su renovación de la impermeabilización del vaso, la reparación de la infraestructura hidráulica, actualización de la iluminación del monumento y la puesta a punto del sistema hidráulico”.
 La fuente de la Plaza de Los Luceros es un monumento elaborado por el escultor Daniel Bañuls, inaugurada en 1931, y situada en la confluencia de las grandes avenidas de Alicante, Alfonso el Sabio y Estación con Federico Soto y General Marvá.
 Desde el Ayuntamiento indican que se ha realizado un amplio estudio previo de los problemas detectados en el monumento y su necesaria restauración, para recuperar la integridad del conjunto de la fuente, y poder realizar una importante actuación en los próximos meses mejorando su conservación y restauración.
 El concejal de Infraestructuras comentó que tal y como se contempla en el proyecto ""la soluciones adoptadas tendrán muy presentes el futuro mantenimiento, la conservación y la sostenibilidad ambiental, humana y social de la fuente de Luceros"", al tiempo que se prevé “tomar moldes sobre las piezas originales de las cuatro unidades que forman la composición de la obra, tanto del grupo ecuestre completo, como elementos de la columna central, florones, pilas, que eviten introducir desviaciones formales durante un eventual modelado. También se contempla la sustitución del alumbrado obsoleto y la reparación de la instalación de agua”.
 Nueva instalación de iluminación monumental y jardinería
 Para la ejecución de la nueva infraestructura de alumbrado ornamental con el objetivo de mejorarla, se plantea nuevas ubicaciones de los focos para la iluminación e intervenciones sobre los elementos vegetales, y se realizarán distintas pruebas con el objetivo de lograr una iluminación global que proporcione un aspecto más armónico al conjunto de la Fuente.
 Características
 El proyecto contempla una restauración completa del monumento que incluye la limpieza general, tratamiento de los elementos metálicos, reposición de piezas y reintegraciones, reparación de fisuras y grietas, retirada de estalactitas y depósitos de cal producidos por el agua, reparación de desconchados, impermeabilización de los vasos de las pilas suspendidas y la taza, restauración del vaso general, revisión de los juegos de agua y del cuarto de máquinas, así como la instalación de una nueva iluminación monumental al estar obsoleta la existente y la renovación de la jardinería que acompaña al monumento.
 La actuación se realizará con el vallado completo de la obra y montaje de andamio. También se documentarán todos los trabajos mediante un registro fotográfico, videográfico y cartográfico previo a culaquier intervención y de todos los procesos efectuados, así como del resultado final. Además, se generará documentación fotogamétrica, de nube de puntos dispersa y densa, además de modelo de superficie 3D, en dos fases una previa y otra al final de la intervención.
 La Fuente, está en una parcela de suelo urbano sin edificar en el centro urbano de Alicante, sobre una superficie de 2.776 m², y desde su construcción a cargo de Daniel Bañuls en 1930, se propuso una primera actuación de reparación y consolidación en 1965 por el Arquitecto Municipal Miguel López.
 Composición de la fuente de Los Luceros
 La fuente monumental situada en el centro de un vaso circular de 20 metros de diámetro, está organizada simétricamente en torno a un núcleo central rematado por pináculos, de 15 metros de altura.
 Sobre una alta taza polilobulada se colocan cuatro caballos con dos faunos-niños cada uno formando una planta de cruz griega adosados a un primer núcleo de planta octogonal. En cada cara alterna del núcleo se ubican dos piletas suspendidas a distinto nivel y un jarrón que recibe las aguas de un mascarón de cerámica dorada con imagen de león. Sobre este núcleo se levanta un fuste de cuatro lados presentando en cada una de sus hornacinas, figuras de jóvenes estilizadas en torno a decoraciones de tipo vegetal.
 Todo el conjunto es de un exuberante barroquismo, lleno de elementos decorativos inspirados en motivos vegetales, granadas, racimos, manzanas, piñas, rosas, y multitud de estrellas de todos los tamaños, tratados desde una óptica artística cercana al Art-Decó inspirada en los lenguajes de la arquitectura indú.
 Datos históricos
 El 9 de octubre de 1929 la Comisión Municipal del Ayuntamiento de Alicante acordó anunciar un concurso de proyectos y ejecución de los mismos para “una fuente artística y monumental que ocupe el centro de la Plaza”, llamada entonces Plaza de la Independencia. A dicho concurso se presentaron siete proyectos de cuatro autores, siendo seleccionado a través de una comisión de políticos y profesionales, y una votación popular realizada en una urna instalada en el Ayuntamiento, la obra de Daniel Bañuls con el título “Levante”. El monumento se erigió de cemento blanco con arenilla de mármol y fue terminado el 11 de mayo de 1931, aprobándose la recepción de la misma por el Ayuntamiento el 4 de septiembre del mismo año."
2211,TXT,"La Noche Mediterránea de las Investigadoras regresa al MUDIC y a la Universidad Miguel Hernández (UMH). La directora del Museo Didáctico Interactivo de Ciencias de la Vega Baja (MUDIC) María del Carmen Perea, y Antonio Sánchez, Concejal de Educación del Ayuntamiento de Orihuela, han presentado las actividades y la programación en la rueda de prensa celebrada hoy a las 11:00 en el MUDIC en el campus de Orihuela de Desamparados de la UMH.

María del Carmen Perea informado que “el viernes 24 de septiembre se celebra, MEDNIGHT, acción conjunta con la Ciencia como bandera común y en la que participan Universidades, centros de divulgación y centros de investigación de Grecia, Chipre, la Comunitat Valenciana y Región de Murcia. MEDNIGHT se celebra en el marco de la Noche Europea de la Investigación (European Researchers’ Night), un proyecto de divulgación científica promovido y financiado por la Comisión Europea como parte de las acciones Marie Sklodowska-Curie (acuerdo de subvención nº 101036107) del programa Horizonte 2020”.

Este año, a las actividades presenciales, limitadas y con aforos máximos por la pandemia de Covid-19, se unen actividades en formato virtual y mixto. Para ello, profesorado, investigadoras e investigadores de la UMH y el MUDIC han diseñado más de 30 actividades que se van a llevar a cabo desde el lunes 13 y hasta el 2 de octubre en diferentes modalidades y formatos, así como en distintos escenarios: en la UMH, en Elche, Orihuela y Torrevieja. En las actividades participa personal del MUDIC y personal investigador de los centros y áreas de conocimiento de la UMH.

 

 

Programación presencial y virtual

“Una programación ambiciosa para acercar la ciencia a las estudiantes y a los estudiantes, compuesta por más de una treintena de actos presenciales que se van a combinar con dos actividades con formato presencia con emisión en streaming y un encuentro virtual con Jóvenes investigadoras dirigido a estudiantes de secundaria, que tendrá lugar el 23 de septiembre. A su vez, contribuiremos a la Mednight TV, con píldoras informativas, un panel sobre dieta y nutrición y la emisión del corto documental La DANA, que previamente se estrenará en la Biblioteca María Moliner” ha explicado Antonio Sánchez, concejal de Educación.

El 13 de septiembre, a las 19:30 en la Biblioteca María Moliner de Orihuela, se estrena el documental La DANA, que combinando imágenes de las inundaciones con testimonios, nos hará revivir el drama, dos años después de las mayores tormentas vividas en la Vega Baja del Segura. Acogeremos la exposición Rostros mediterráneos de la ciencia, organizada por la fundación séneca, en ella se invita a conocer a 27 mujeres investigadoras de todo el Mediterráneo. La misma, se podrá visitar en el Centro Cultural Virgen del Carmen de Torrevieja, desde el 15 de este mes, hasta el 3 de octubre, y en la Biblioteca María Moliner de Orihuela, desde el 16, hasta el 26 de septiembre. La exposición va ser el leitmotiv de una yincana, con la que se contribuirá a inculcar la importancia de la mujer en la ciencia.

El viernes 17, la Laguna de La Mata acogerá la observación astronómica nocturna, con el objetivo de poner en valor la quietud y la serenidad del Parque Natural. Ese mismo día, comienzan las visitas guiadas al Museo de Historia Natural de Torrevieja, dirigida a estudiantes de primaria, que también podrán ir en grupo los días 18; 24; y 25.

A lo largo del mes se realizarán tres representaciones de la obra Volando en el Coronascience, destacando la que se realizará el día 22 en el Campus de la UMH en Elche, que también se emitirá en streaming para todos centros educativos.

El 23 se producirá el encuentro virtual entre jóvenes investigadoras y estudiantes de instituto de toda la comarca, mostrarán su trabajo para despertar la vocación científica en las estudiantes. El mismo día, a las 20:00, El Centro Cultural Virgen del Carmen de Torrevieja acoge la primera conferencia del Ciclo Torrevieja y el Mar, Las palabras de la mar.

 

Los Cuentos de Mednight

Como actividad transversal, para ser realizada también por todas las entidades del Proyecto Mednight, el MUDIC ha organizado el concurso de cuentos de temática Tales From the Mednight, existiendo otros certámenes literarios de temática científica, este es el primero destinado a la recreación de los relatos ante un público especialmente golpeado por la pandemia. Se van a representar para niños de larga estancia en los Hospitales Generales de Elche y Alicante; de forma presencial y streaming para migrantes en centros de acogida de la provincia; y ante mayores del Centro Ocupacional Oriol de Orihuela.

El concurso se inició en julio de este año, y al cierre del mismo, el 30 de agosto, se inscribieron 50 obras, de las cuales 6 ganadoras han sido las elegidas para su representación, edición como libro de cuentos y obtención del ISBN.

 

 

Actividades Noche Europea de la Investigación

Para el 24 de septiembre de 2021, día oficial de la European Researchers’ Night, el MUDIC ofrecerá acciones presenciales en 3 localidades, Elche; Orihuela; y Torrevieja. El pistoletazo de salida lo da la charla ¿Puede una autonomía convocar un referéndum de autodeterminación en el Estado Español? Que tendrá lugar a las 11:00 en el aula universitaria del Centro Cultural Virgen del Carmen. Por la tarde toman el relevo los talleres sobre biotecnología; el chorlitejo patinegro y astronomía que tendrán lugar en el Centro Cultural Virgen del Carmen a partir de las 18:30. A su vez, habrá un taller de cata de cerveza. A las 20:00 tendrá lugar la conferencia del Ciclo Torrevieja y el Mar titulada Áreas marinas protegidas, una inversión de futuro.

En Orihuela, a partir de las 18:00 se realizarán en el entorno de la Biblioteca María Moliner conferencias cortas, talleres y la actividad transversal de la Universidad Politécnica de Cartagena conocida como EU Corner. A las 19:00 se emitirá a en la sala de usos múltiples de la Biblioteca el documental La Dana. Y a las 20:00 comenzará la ruta teatralizada en la que Hypatia, Matilde Ucelay y Blanca Catalán, acompañarán a Miguel Hernández en un paseo por sus disciplinas, con el objetivo de remarcar la importancia de las mujeres pioneras, para la ciencia y la igualdad.

Elche acogerá 5 conferencias cortas, un EU Corner y talleres sobre áreas diversas de la biotecnología, la ingeniería, las ciencias de la salud y actividades tradicionales como el trabajo artesanal del esparto.

Más allá del día 24, la ruta teatralizada, que parte desde la casa de Miguel Hernádez se volverá a representar a las 20:00 los días 25 de septiembre y los días 1 y 2 de octubre.

El broche en Torrevieja lo pondrá Santi García Cremades y su monólogo La música de las matemáticas, que se realizará el sábado 25 de septiembre a las 20:00 en el auditorio del Centro Cultural Virgen del Carmen.

Todas las actividades están dirigidas a estudiantes de Secundaria, universitarios y población general. Se trata de “una apuesta por acercar la ciencia a la sociedad, especialmente a público infantil y juvenil, con el objetivo de despertar vocaciones científicas y tecnológicas y la igualdad”, detalla la directora del MUDIC, María del Carmen Perea.

Las actividades presenciales estarán sujetas a inscripción previa y se llevarán a cabo en grupos reducidos atendiendo a las medidas sanitarias marcadas para el próximo 24 de septiembre de 2021.

 

 

Noche Europea de la Investigación en femenino

Sánchez ha recordado que “La Noche Mediterránea de las Investigadoras, MEDNIGHT 2021 es un proyecto concebido al amparo de la European Researchers’ Night. El objetivo es mostrar a la ciudadanía la relevancia de la Ciencia y la Investigación que se desarrolla en los países del Mediterráneo -haciendo énfasis en el papel de la mujer en este ámbito- y que busca hacer frente a los problemas compartidos por la sociedad mediterránea”

El proyecto MEDNIGHT reúne a un consorcio de 13 instituciones: Universidad de Alicante (UA); Fundación para el Fomento de la Investigación Sanitaria y Biomédica de la Comunitat Valenciana (FISABIO); Universitat Jaume I (UJI); Universitat de València (UV); Fundación para la Investigación del Hospital Clínico de la Comunitat Valenciana (INCLIVA); Agencia Estatal Consejo Superior de Investigaciones Científicas (CSIC); Universidad de Murcia (UMU); Fundación Museo Didáctico e Interactivo de Ciencias de la Vega Baja del Segura de la Comunitat Valenciana (MUDIC); Universidad Politécnica de Cartagena (UPCT); Fundación SÉNECA – Agencia de ciencia y tecnología de la Región de Murcia; SciCo Grecia; SiCo Cyprus, y la empresa El Caleidoscopio, coordinadora del proyecto.

Las actividades organizadas desde el MUDIC en el marco de MEDNIGHT 2021 cuentan, además, con el apoyo de la Universidad Miguel Hernández, los ayuntamientos de las poblaciones en las que se desarrollan las actividades (Elche, Orihuela y Torrevieja), la Asociación Ars Creatio, la Generalitat Valenciana y la Diputación Provincial de Alicante."
266,TXT,"Cientos de personas siguieron anoche en la Plaza de San Crispín de Torrellano la representación del Girajaquetes, una obra en la que participan más de 150 vecinos y vecinas de la localidad y que escenifica la concesión del Condado de Torrellano a Juan Vaillo de Llanos en 1716 como consecuencia de su participación en la Guerra de Sucesión.Esta ha sido la segunda edición de la obra que por primera vez se representó en el mes de septiembre del año pasado en el patio del colegio Antonio Machado debido a las restricciones de la pandemia, pero que en esta ocasión se ha desarrollado en la citada plaza en el marco de las fiestas de La Purísima de la pedanía ilicitana.El evento ha contado con la presencia del alcalde, Carlos González, y de los concejales de Fiestas, Mariola Galiana, de Pedanías, Vicente Alberola, y de Medio Ambiente, Esther Díez, además del pedáneo de la localidad, Juan Antonio Pomares, entre otras personalidades.La Concejalía de Fiestas firmó recientemente un convenio de colaboración con la asociación cultural “La cocina del infierno” por valor de 8.000 euros para el presente ejercicio con la finalidad de apoyar y consolidar el evento, así otras actividades festivas de la pedanía.La responsable de Fiestas ha agradecido a esta asociación su trabajo para acercar esta celebración al gran público, que llenó el aforo e incluso siguió el evento desde las calles aledañas, y que espera que se convierta en un clásico del calendario festivo ilicitano."
378,TXT,"El domingo 28 de agosto se celebra la esperada travesía a nado de la bahía de Benidorm entre la Isla de Benidorm y la Playa del Mas Pas que en 2022 alcanza su vigésima edición y para la que hay un cupo máximo de 320 participantes que se cubrió a las pocas horas de abrirse la inscripción el pasado 1 de agosto. La ya tradicional prueba, que cierra el calendario competitivo del mes de agosto, está organizada por la Concejalía de Deportes del Ayuntamiento, contando con la colaboración de las Concejalías de Seguridad Ciudadana, Movilidad y Playas así como el Club Náutico de Benidorm y el cronometrador oficial ChipLevante. En esta edición, la prueba recupera su tradicional recorrido y volverá a partir desde l’Illa de Benidorm, debiendo cubrir los participantes la distancia que separa el emblemático hito geográfico del centro de la bahía con la playa del Mal Pas, de dos millas náuticas (en torno a los 3,8 kilómetros) cuyo récord está establecido, desde 2008, en 36 minutos y 10’’, marca que registró el nadador de aguas abiertas Diego Noguera Montero. La salida se dará a las 8.15 horas de la mañana desde la isla y los nadadores deberán completar la prueba en un tiempo máximo de dos horas. La recogida de dorsales, chip identificador y gorro tendrá lugar en las instalaciones del Club Náutico de Benidorm entre las 7 y 7’30 h de la mañana del domingo. Los nadadores, a continuación subirán a la embarcación que les llevará hasta la isla y procederán a colocarse en la línea de salida. Todos los nadadores deberán ir provistos de su boya de seguridad y localización Hay establecidas once categorías con sus respectivos premios para los tres primeros clasificados de cada una de ellas: Absoluta, Senior A (18-29 años), Senior B (30-39 años), Veteranos A (40-44 años), Veteranos B (45-49 años), Veteranos C (50-54 años), Veteranos D (55-59 años), Mayores de 60 años, Diversidad funcional, nadadores locales y club con mayor número de participantes. La entrega de trofeos está previsto celebrarla a partir de las 10’30 horas."
264,TXT,"El alcalde, Carlos González, acompañado de la concejala de Fiestas, Mariola Galiana, hace entrega de llaves a Papá Noel para que la noche del 24 de diciembre pueda entrar a las casas y dejar los regalos de NavidadElche recibió este sábado por la tarde la visita de Papá Noel que recorrió las calles en una animada cabalgata con una acogida excepcional entre los habitantes de la ciudad. Miles de personas se congregaron en el centro del municipio para poder ver a Santa Claus acompañado de una comitiva de cientos de personas que realizaron bailes y saludaron al público asistente. El desfile partió desde la Avenida de Novelda, discurrió por las calles Jorge Juan y Blasco Ibáñez hasta llegar al Palacio de Altamira donde el alcalde, Carlos González, acompañado de la concejala de Fiestas, Mariola Galiana, entregó las llaves mágicas a Papa Noel para que la noche del próximo 24 de diciembre pueda entrar a las casas y dejar los regalos de Navidad.El alcalde dio la bienvenida a Papá Noel y le agradeció haber aceptado la invitación y adelantar su largo viaje a la ciudad ilicitana para que ningún niño se quede sin regalo.La cabalgata, animada con música, contó con más de medio centenar de elfos patinadores, zancudos, personajes de Disney, acróbatas, payasos y bailarinas de “El Cascanueces” entre otros muchos personajes.Tanto en el trayecto como en la entrega de la llave estuvieron representantes de entidades festeras. Al finalizar la cabalgata, Papá Noel bajó de su carroza en el Palacio de Altamira para saludar personalmente a los niños que lo deseasen.Casita de Papa NoelPapá Noel recibirá a los niños y las niñas de Elche desde el domingo 18 hasta la jornada de Nochebuena en su casita ubicada en la Feria y el Mercado de la Navidad del Paseo de la Estación, con horario de 11:00 a 14:00 y de 17:00 a 21:00 horas; los días 19, 20, 21 y 22, de 17:00 a 21:00; el viernes 23, de 11:00 a 14:00 y de 17:00 a 21:00; y el sábado 24, de 11:00 a 14:00 horas."
2798,TXT,"Miles de personas han corrido esta noche por el centro de Alicante ataviadas con disfraces y distintivos navideños respondiendo a la llamada de la San Silvestre. La carrera se ha convertido los últimos años en una prueba de carácter familiar y jubiloso, en la que predomina la alegría y la solidaridad y que genera fondos para la organización PayaSOSpital, los “doctores de la risa”,  que prestan apoyo a niños internados y aquejados de enfermedades de larga hospitalización. 

El concejal de Deportes del Ayuntamiento de Alicante, José Luis Berenguer, ha confraternizado antes de la salida con los payasos de la referida ONG, que han animado a los cientos de participantes que se iban agrupando en la Rambla desde primeras horas de la noche. 

Han acompañado a Berenguer varios concejales disfrazados del equipo de gobierno, entre los que se distinguían a los responsables de Igualdad y Juventud, María Conejero; de Transporte y Accesibilidad, Manuel Villar; de Cultura, Antonio Manresa y a Manuel Martínez, junto a algunos integrantes más de las diversas formaciones de la Corporación.

La carrera, de 4,5 kms, transformada en una celebración del running y de la familia, ha sido ganada por el joven Hamza Ardjoun, con el dorsal 4502, con un tiempo de 12 minutos 36 segundos. La primera mujer ha sido Laura Sola, dorsal 1420, con un crono de 15,37.     

El concejal de Deportes ha festejado la llegada de miles de participantes bajo el arco de meta y ha protagonizado la entrega de trofeos, para los tres primeros en hombres y en mujeres y para los disfraces más vistosos. 

La San Silvestre, un diciembre más, ha cumplido las máximas expectativas y los todos los participantes han sido los verdaderos protagonistas de las risas, el jolgorio, la diversión y el desenfado que ha dominado la prueba.
La ciudad de Alicante se ha unido así al movimiento internacional de ciudades que festejan la salida del año con una carrera festiva. 

En la imagen, el concejal de Deportes, José Luis Berenguer, con algunos compañeros de Corporación disfrazados y miembros de PayaSOSpital antes de la salida. "
2857,TXT,"El primer edil también ha subrayado que “contar con Reyes Martí supone una garantía de éxito. Esto se ha notado por el numeroso público que se ha concentrado para emocionarse con la mascletà y vitorear a la pirotécnica”. La de este domingo ha sido la tercera y última de las mascletàs organizadas por la Federació de les Fogueres de Sant Joan, que preside Toñi Martín-Zarco. Se ha desarrollado en la calle Médico Pedro Herrero, frente a los antiguos juzgados de Benalúa.

La vicealcaldesa, Mari Carmen Sánchez, ha indicado que ""la mascletà ha sido espectacular y con mucho ritmo"", algo que ""nos deja a todos con ganas de más, de cara a los próximos días en la Plaza de Luceros"". ""Estas tres mascletàs organizadas por la Federació de Fogueres nos han emocionado especialmente y han adelantado el ambiente de Fiesta que ya se respira en Alicante"", ha añadido Sánchez.

Dos fuegos aéreos, cinco terrestres, un terremoto y el bombardeo final han conformado la última de las mascletàs previas a Hogueras, disparada por Reyes Martí. Dentro del clasicismo del disparo, ha llamado la atención el bombardeo final. Éste se ha ido extendiendo de parte a parte del conjunto aéreo de la mascletà, hasta completar los 5'30'' del disparo. En él han ardido 40 kilos de materia reglamentada.

Desfile del Ninot

Luis Barcala y Mari Carmen Sánchez, junto a integrantes de la Corporación Municipal, han presenciado este sábado el Desfile del Ninot en la tribuna situada en la Rambla de Méndez Núñez. El buen humor, la vistosidad de los disfraces, las coreografías, el desenfado, las bromas, y el importante número de pequeños que han desfilado por vez primera junto a sus padres han sido las notas más características. Se calcula que han sido unas 5.000 personas las que lo han presenciado desde la salida, en la Plaza de los Luceros, hasta la llegada a la Plaza del Ayuntamiento. 

Sant Blai-La Torreta consiguió el primer premio con la alegoría ""Ave Fénix: el Ranacer de la Fiesta"". A continuación, Ciudad de Asís, Gran Vía-Garbinet, Sagrada Familia, Vía Parc-Vistahermosa, Avenida Costa Blanca-Entreplayas y La Condomina., hasta completar los siete premios."
1505,TXT,"Las fiestas de Moros y Cristianos han vivido una jornada histórica en Fitur al presentar al mundo el folleto promocional del 75 aniversario que se celebra durante 2019. Componentes de la Junta Central de Comparsas, junto a varios comparsistas ataviados con sus respectivos trajes y los embajadores de ambos bandos, se han desplazado a primera hora de la mañana hasta la sede de Ifema (Madrid) en un tren Ave donde han repartido los trípticos entre los pasajeros, quienes también han sido sorprendidos con la representación teatral de una Embajada eldense.

La presentación de este folleto ha tenido lugar en el stand del Patronato Costa Blanca, comenzando con una nueva interpretación de la Embajada de Elda y la proyección de un vídeo promocional de los Moros y Cristianos. El libreto editado para el 75 aniversario de las fiestas cuenta con 22 páginas a todo color, en las que se incluyen 36 fotografías que representan los diferentes aspectos que componen los festejos en honor a San Antón, como la reconquista, la música, la pólvora, la hermandad en los cuartelillos o la igualdad.

El alcalde de Elda, Rubén Alfaro, ha estado presente durante la presentación en Fitur para prestar su apoyo a la fiesta de la cruz y la media luna en este año tan destacado: “Aquí se ha podido ver una pequeña muestra de los que son nuestras fiestas, donde se rememoran batallas históricas como la reconquista mora y cristiana, participando más de 8.000 festeros en las Entradas Mora y Cristiana, que destacan por su alegría y multicolor”.

Alfaro ha hecho un llamamiento para que la gente acuda a presenciar “las mejores fiestas del mundo”, poniendo en valor “la participación femenina y la integración de todos aquellos que no son festeros, ya que los eldenses damos todo lo que tenemos en el corazón”.

El evento de los Moros y Cristianos de Elda ha tenido una gran repercusión tanto a nivel nacional a nivel internacional, ya que los embajadores mor y cristiano han sido entrevistados en un televisión de la República Dominicana para dar a conocer los detalles más importantes de la fiesta eldense.

Cabe recordar que un nutrido grupo de festeros de Elda, ataviados con sus respectivos trajes de las nueve comparsas de la ciudad, se unirán al grupo que ha estado hoy en Ifema para participar en el tradicional desfile de las fiestas de la provincia que discurrirá por la madrileña calle Callao, exponiendo así al mundo el esplendor de los Moros y Cristianos de Elda en su 75 aniversario.

Del mismo modo, las Fallas de Elda también estarán presentes en dicho desfile de la calle Callao de Madrid, con sus Falleras Mayores y Damas de Honor al frente, para destacar la fiesta del fuego en el año de su 90 aniversario. Además, la ciudad de Elda ha sido escogida para acoger el homenaje que se realiza anualmente a las Falleras Mayores de la Comunidad Valenciana."
4458,TXT,"VIERNES 1 DE DICIEMBRE 
de 11h a 14h Business Model Canvas  con Tomás Guido. Sesión para encontrar aliados para tu proyecto
 
de 16h a 19h MESAS COLABORATIVAS celebraremos la clausura del programa.

Te explicaremos cómo se está elaborando el Mapa de la Cultura de Alicante con técnicas de Gamificación y todo lo que necesitas saber para formar parte de él. 

POR QUÉ IMPULSA CULTURA LAB
El fortalecimiento real de los profesionales y organizaciones que trabajan en nuestro territorio, así como la necesidad de herramientas actuales para la formulación de proyectos culturales que incidan en la construcción de un sólido tejido y un impacto local demandan un proceso de trabajo articulado desde la administración que asegure el conocimiento de las políticas culturales que se impulsan y un lenguaje común en la formulación de proyectos. Es en este contexto, que desde el Centro Cultural Las Cigarreras se ha activado el programa de mediación y formación cultural Impulsa Cultura LAB.

El programa consistía en la realización de 10 bloques de contenidos (workshops) pensados en aportar conocimientos para que en el momento de conceptualizar tu proyecto o pensar tu organización, integres las disciplinas actuales de la gestión cultural, la innovación social y el impacto local.

PARTICIPAR EN LAS MESAS COLABORATIVAS
Este programa finaliza el 1 de diciembre con una jornada de trabajo colaborativo para fortalecer los proyectos de los participantes que se sumen a este proceso. Jornadas formativas que se han desarrollado desde el pasado mes de septiembre dentro del marco de la Estrategia de Desarrollo Urbano Sostenible (EDUSI)

Esta sesión se presenta como una fiesta de clausura en donde se impulsará los proyectos que han participado en el proceso IMPULSA CULTURA LAB. Más allá de una presentación de los proyectos, se plantea como un espacio de diálogo por medio de mesas de trabajo colaborativas desde donde se invita a la vinculación de los proyectos o de los equipos que los impulsan.

*Para participar en la sesión y las mesas colaborativas es necesaria inscripción en impulsaculturalab@transit.es"
2014,TXT,"Benidorm acoge los próximos días 6 y 7 de diciembre el Campeonato de España Junior de Taekwondo en categoría ‘Pesos Olímpicos’, competición que se disputará en el Palau d’Esports l’Illa, tal y como han informado hoy en rueda de prensa el alcalde, Toni Pérez; la edil de Deportes, Mariló Cebreros; y el presidente de la Federación Española de esta disciplina deportiva, Jesús Castellanos.

Según ha detallado el alcalde, “en la competición participarán deportistas de 12 Comunidades Autónomas nacidos entre los años 2003 y 2005”, a los que se añadirán técnicos, jueces y árbitros hasta sumar 140 personas. La jornada del domingo se disputarán los combates de las categorías femeninas, entre las 10.00 y las 18.00 horas, y el día 7 será el turno de las masculinas en el mismo horario.

Toni Pérez ha señalado que este Campeonato supone “una experiencia iniciática” para Benidorm ya que es “la primera alta competición que vamos a organizar” en instalaciones municipales tras el inicio de la crisis sanitaria. Unas instalaciones “totalmente ajustadas a la normativa sanitaria” y en las que se van a disponer dos tapices.

El presidente de la Federación Española de Taekwondo, por su parte, ha manifestado que se trata de un evento “muy especial” al ser también “el primero” que organiza la institución desde que arrancó la crisis de la Covid-19. En este punto, ha recordado que la emergencia sanitaria llevó a la Federación “a tener que suspender en marzo el evento que teníamos previsto en Benidorm y al que iban a asistir 3.000 personas”.

Tras agradecer la colaboración del Ayuntamiento a través de la Concejalía de Deportes, Castellanos ha señalado que Benidorm es “una ciudad excelente para acoger este tipo de eventos” gracias a sus instalaciones deportivas. 

Asimismo, ha apuntado que “aunque el Campeonato se va a disputar a puerta cerrada, podrá seguirse en vivo por ‘streaming’. Además, “se grabará un ‘making off’ de la prueba, que se emitirá en Teledeporte”, lo que supondrá una “importante difusión”, tal y como ha remarcado el alcalde."
1288,TXT,"Las celebraciones patronales de agosto ya se vislumbran en el horizonte. La carrera por el reinado de las Fiestas de Elche de 2023 tomó impulso el viernes por la noche, en el patio de armas del Palacio de Altamira, con la gala de presentación de candidatas a encarnar las esencias de las tradiciones del municipio portando las bandas de reinas y damas mayores e infantiles.

Las 24 jóvenes y 28 niñas, pertenecientes a comisiones festeras de la Federación Gestora de Festejos Populares de Elche (FGFP) y de la Unió de Festers del Camp d’Elx (UFECE), desfilaron en una puesta de largo a la que asistieron el alcalde, Carlos González, y la edil de Fiestas, Mariola Galiana, que estuvieron acompañados por los presidentes de la FGFP y de la UFECE, Fernando Jaén y Andrés Coves, respectivamente, así como por miembros del Equipo de Gobierno y de la Corporación Municipal.

En el acto, organizado por la FGFP y la UFECE, con la colaboración de la Concejalía de Fiestas del Ayuntamiento de Elche, los asistentes trasladaron su cariño a las aspirantes con grandes aplausos y vítores. Las reinas mayor e infantil de 2022, Alba Berenguer y Julia Moreno, y las damas correspondientes, Clara Sanz e Irene Botías, y Carmen Torosa y Noelia Jiménez, igualmente
recibieron el calor del numeroso público, en un mandato festero aún inconcluso y que promete seguir forjando momentos para el recuerdo.


Los jurados de las categorías mayor e infantil también participaron en la cita. En total, una decena de personas de reconocido prestigio en diferentes ámbitos de la sociedad sobre las que recae la responsabilidad de seleccionar los perfiles más idóneos para representar a Elche y sus tradiciones, siendo la belleza un factor no determinante. Amplios conocimientos sobre la localidad y notable arraigo en el mundo de la fiesta, educación, formación e inteligencia, empatía o predisposición a cumplir con la agenda oficial de más de trescientos actos son algunas de las claves valoradas positivamente en las visitas, convivencias o entrevistas mantenidas con las postulantes.

Una vez concluido el desfile en el histórico inmueble, el evento prosiguió con una cena en el salón invernadero del Hotel Huerto del Cura con dos fechas ya en mente: la velada del 3 de junio, en la cual se conocerán los nombres de las reinas y damas de las Fiestas de Elche de 2023 en una gala que tendrá lugar en la Rotonda del Parque Municipal; y el 1 de julio, cuando el Gran Teatro será el escenario de la proclamación de las afortunadas.

La FGFP, integrada por 19 comisiones de fiestas del casco urbano, cumple en 2023 su cuadragésimo quinto aniversario. Mientras que la UFECE, con 13 comisiones del Camp d’Elx, inició su andadura en 1992 y conmemoró el año pasado sus tres décadas de actividad."
1767,TXT,"Cerca de 5.000 ilicitanos han disfrutado de las piscinas municipales en el primer fin de semana de la temporada de baño estival, que arrancó el pasado sábado 18 de junio y que se prolongará hasta principios de septiembre. Casi medio centenar de profesionales, entre socorristas, taquilleros y operarios de mantenimiento se encargarán estos meses de que las ocho piscinas municipales descubiertas –Carrús, Toscar, Pla, Parque Deportivo, Ciudad Deportiva, Palmerales, Torrellano y El Altet–, con 21 vasos en total, brinden un servicio de calidad para garantizar la salud, la seguridad y el bienestar de los bañistas que acuden a estos espacios para combatir la canícula.

El concejal de Deportes, Vicente Alberola, y el técnico municipal encargado de estos recintos, Jerónimo Soro, han visitado este domingo las piscinas del Pla, Toscar y Carrús, donde el personal y usuarios les han trasladado sus impresiones de estos primeros días, los cuales, afirman, se están desarrollando de forma satisfactoria. “Hacemos una valoración muy positiva de este inicio de temporada, pues tanto la afluencia, el estado de las instalaciones y del agua, el comportamiento del público y la labor de los empleados están siendo hasta el momento excepcionales”, ha manifestado Alberola, quien ha vaticinado un gran periodo veraniego en las piscinas públicas, invitando a la ciudadanía a utilizarlas.

En este primer fin de semana, la piscina que ha obtenido más visitas ha sido la de Pla, con 1.000 personas en total. En la última temporada, las medidas pandémicas hicieron que estos lugares no presentaran la misma concurrencia respecto a anteriores campañas. Tras retomar el servicio con normalidad después de más de dos años, y con la apertura de la piscina de Los Palmerales el próximo viernes, se espera que las cifras de 2021 se superen holgadamente.

“Hacemos una valoración muy positiva de este inicio de temporada, pues tanto la afluencia, el estado de las instalaciones y del agua, el comportamiento del público y la labor de los empleados están siendo hasta el momento excepcionales”, manifiesta el responsable municipal
Estas últimas instalaciones, las de Palmerales, han debido demorar su apertura hasta el próximo viernes, dado que aún se está ultimando las acometidas energía, agua y desagüe. El motivo del retraso, las obras colindantes del polideportivo del barrio, que con 5.000 metros cuadrados, y luego de invertir 418.000 euros enmarcados en la estrategia DUSI, reanudará su actividad tras el verano.

Pago con tarjeta en pruebas en el Toscar, el Pla y Torrellano
Las piscinas municipales de Elche, cuyos análisis de sus aguas se realiza tres veces al día como marca la legislación, permanecerán abiertas hasta el domingo 4 de septiembre, excepto la de Torrellano y dos del casco urbano aún por determinar, que cerrarán el 11 de septiembre. Los horarios, de martes a viernes, de 11:00 a 19:00; los sábados, de 10:00 a 20:00; y los domingos, de 10:00 a 19:00 horas.

La piscina de Los Palmerales abrirá sus puertas el próximo viernes, y la campaña estival en estos lugares públicos se prolongará hasta principios de septiembre sin incrementar los precios de las entradas y los bonos de baño infantiles y de adultos
En cuanto a los precios, no sufren ningún incremento: el baño infantil y de adulto, 1,05 y 2,05 euros respectivamente, mientras que los bonos, los cuales se pueden compartir, se ofertan por 10,15 euros para niños y 20,30 euros para mayores. La entrada de los menores de 14 años acompañados por adultos es gratuita. Y como experiencia piloto, los usuarios de las piscinas del Toscar, Pla y, próximamente, de Torrellano podrán pagar con tarjeta gracias a las máquinas instaladas para ello.

Por último, el concejal de Deportes ha recordado que los cursos de natación en las piscinas cubiertas se desarrollarán del 26 de junio al 15 de julio y en las descubiertas del 26 de junio al 29 de julio, mismas fechas que el aquagym, que tendrá lugar en la Ciudad Deportiva, Parque Deportivo y el Pla. Las inscripciones para estas actividades acuáticas dirigidas a personas nacidas en 2017 y años anteriores se abrieron el pasado 14 de junio, y aún pueden efectuarse en la web de la Concejalía de Deportes y de manera presencial en las piscinas de Carrús, el Pla y del pabellón Esperanza Lag."
2580,LF,"Agenda Cultural de Alicante del 15 al 21 de abril
Evento: Semana Santa 2022 en el Castillo
Lugar: Castillo de Santa Bárbara en la Sala de Experiencias Torre Santa Catalina
Fecha: del 14 al 18 de abril
Precios: entre 9 euros y 26 euros 
Espectáculo: danza llamada El público de Gustavo Ramírez Sansano
Lugar: Teatro Principal
Fecha: jueves 21 de abril
Horario: a las 8 y media de la tarde 
Precio: entre 8 euros y 15 euros
Espectáculo: Primer festival de collage de Alicante
Lugar: Espacio Séneca 
Fecha: del 20 al 30 de abril 
Horario: de 10 y media de la mañana a 9 de la noche
Precio: gratis 
Espectáculo: Edición 11 del Festival abril en danza
Lugar: varios lugares de la ciudad de Alicante 
Fecha: 19, 20 y 21 de abril
Precio: gratis
Espectáculo para niños: Cuentos y leyendas 
Lugar: Castillo de Santa Bárbara 
Fecha: sábado 16 de abril 
Horario: 11 de la mañana y 2 menos cuarto de la tarde 
Precio: gratis
Evento: Actividades para niños
Lugar: Castillo de Santa Bárbara
Fecha: del 19 al 24 de abril
Horario: a las 6 de la tarde 
Precio: gratis
Evento: exposición In sana de Ana Cortijo y Sarahy Gómez
Lugar: sala de exposiciones del Centro 14
Fecha: hasta el 8 de mayo
Horario: de lunes a viernes de 10 de la mañana a 2 de la tarde. Martes y jueves de 3 de la tarde a 8 y media de la tarde.
Precio: gratis
Evento: exposición de pintura Tótem de Pablo Yarza
Lugar: centro municipal de las artes 
Fecha: hasta el 29 de abril
Horario: de lunes a viernes de 9 de la mañana a 2 de la tarde y de 4 y media de la tarde a 9 y media de la noche
Precio: gratis
Evento: exposición de fotos por los 100 años del Mercado Central
Lugar: exterior del Archivo Municipal
Fecha: hasta el 5 de junio 
Precio: gratis
Evento: exposición Evil Toys 
Lugar: Castillo de Santa Bárbara en la Sala Taberna
Fecha: de lunes a domingo
Horario: de 10 de la mañana a 8 de la tarde 
Precio: gratis
Evento: exposición de arte contemporáneo 
Lugar: Museo de Arte Contemporáneo de Alicante
Horario: de martes a sábados de 10 de la mañana a 8 de la tarde. Domingos y festivos de 10 de la mañana a 2 de la tarde y lunes cerrado
Precio: gratis
Evento: exposición de arte contemporáneo 
Lugar: Sala de exposiciones Lonja del Pescado
Horario: de martes a viernes de 9 de la mañana a 2 de la tarde y de 4 de la tarde a 10 menos cuarto de la noche. Sábados de 10 de la mañana a 2 de la tarde y de 5 de la tarde a 10 menos cuarto de la noche. Domingos y festivos de 10 de la mañana a 2 de la tarde y lunes cerrado
Precio: gratis
Evento: exposición de fotos Asia Town de Miguel Trillo
Lugar: caja blanca de Las Cigarreras
Fecha: hasta el 8 de mayo
Horario: de martes a sábado de 10 de la mañana a 9 y media de la noche. Cerrado domingo y lunes
Precio: gratis
Evento: exposición El olvido de los espejos de Miguel ángel Calderón 
Lugar: Sala Negre de las Cigarreras 
Fecha: hasta el 14 de mayo
Horario: de martes a sábado de 10 de la mañana a 9 y media de la noche. Cerrado domingo y lunes 
Precio: gratis

"
1477,LF,"La Cofradía de los Santos Patronos entrega 
la camiseta y el pañuelo al alcalde y al pregonero        

La Comisión de la Traca de la Cofradía de los Santos Patronos entregó 
la camiseta de las fiestas de este año y el pañuelo 
al alcalde Rubén Alfaro, y al pregonero Francis Valero.
La camiseta está diseñada por Stuart Weitzman.
Este acto siempre es antes de las Fiestas Mayores de Elda. 

El alcalde dio las gracias a la cofradía 
y animó a todos a participar en las fiestas.  
El alcalde también habló del buen trabajo
de la Comisión de la Traca y de los Globos. 

Ramón González, presidente de la Cofradía de los Santos Patronos, 
deseó que las Fiestas Mayores de Elda unan a toda la ciudad. 
También dijo que la camiseta tiene un diseño típico de Elda. 

El presidente dijo 
que Stuart Weitzman no podrá estar 
para encender la traca día 9 de septiembre. 
En su lugar irá Dante Poveda 
que es hijo del pintor Gabriel Poveda. 
Gabriel Poveda es el pintor de la imagen 
que aparece en la camiseta.

Antonio Molina, portavoz de la Comisión Correr la Traca, dijo 
que hay casi 2 mil camisetas vendidas. 
También invitó a todos a correr la traca y a participar."
2873,LF,"El alcalde de Alicante valora el Certamen de Paellas como 
un evento positivo antes de las Hogueras del Reencuentro 
El domingo celebraron el Certamen de Paellas en el Parque Lo Morant, organizado por la Federació de les Fogueres de Sant Joan. 
Los ciudadanos tienen mucha ilusión
por celebrar las Hogueras del Reencuentro.
Al acto fueron: 
el alcalde de Alicante
la vicealcaldesa de Alicante
el concejal de Fiestas 
personal del ayuntamiento
las Belleas del Foc adulta e Infantil y sus Damas de Honor
El Certamen de Paellas es uno de los actos más grandes 
que celebraron en los últimos meses. 
Es especial por todo lo malo de la pandemia. 
El alcalde valora de manera positiva las aportaciones de las comisiones 
y vecinos para plantar las hogueras."
4203,LF,"Ciutat de Vacances
 Ciutat de vacances es un proyecto creado por Es Baluard y Arts Santa Mònica.
 Este proyecto fue expuesto en Venecia, Palma y Barcelona.
 El proyecto es en el MACA 
 que es el Museo de Arte Contemporáneo de Alicante.
 Habrá 2 jornadas de reflexión sobre el turismo organizadas
 por el Consorci de Museus de la Comunitat Valenciana. 
 Benidorm será un tema muy importante 
 porque tiene turismo de muchos países. 
 Los participantes serán:
 Marc Augé
 Nekane Aramburu
 Ariadna Cantis Silberstein
 Itzíar González Virós
 Nuria Montes
 José María Torres Nadal
 Fernando Vera Rebollo
 Jorge Luis Marzo 
 y Tomás Ruiz Rivas
 Este proyecto existe desde finales del 2015 con resultados muy importantes 
 en grandes ciudades como Venecia, Palma y Barcelona.
 También inauguraran el Marco Canevacci de Plastique Fantastique 
 en la Plaza de Santa María el 21 de septiembre. 
 Las jornadas en el MACA tienen como objetivo 
 recoger toda la información en un libro.
 Ciutat de vacances es un proyecto de: 
 Es Baluard
 del Museu d’Art Modern i Contemporani de Palma
 Arts Santa Mònica
 el Consorci de Museus de la Comunidad Valenciana 
 y el Museo de Arte Contemporáneo de Alicante
 El 21 y 22 de septiembre de 6 de la tarde a 12 de la noche 
 el artista Marco Canevacci Plastique Fantastique expondrá 
 su proyecto Medusa en el MACA. 
 También habrá actuaciones del grupo de Alicante llamado Miclono 
 y de Cinematic by H4L 9000 y Sergi Palau.
 
 Programa Ciutat de Vacances:
 
 21 de septiembre del 2018 
 A las 6 y media de la tarde habrá una mesa para hablar 
 sobre Visualización y gestión del turismo de masas de Nekane Aramburu 
 que es la directora de Es Baluard y responsable de Ciutat de vacances, 
 Ariadna Cantis Silberstein que es arquitecta y responsable de Turistificación 
 e Itzíar González Virós que es arquitecta y urbanista.
 
 A las 8 de la tarde será el viaje como una ilusión 
 y como una promesa de Marc Augé que es un antropólogo.
 
 22 septiembre del 2018
 
 A las 6 y media de la tarde hablaran sobre el Turismo 
 y urbanización con Nuria Montes Secretaria General de HOSBEC 
 que es el instituto de Valencia de tecnologías turísticas, 
 José María Torres Nadal que es Catedrático de Proyectos Arquitectónicos 
 de la Universidad de Alicante 
 y Fernando Vera Rebollo que es catedrático del Instituto Universitario 
 de Investigaciones turísticas. 
 
 A las 8 de la tarde hablarán sobre el relato del turismo con Jorge Luis Marzo que es historiador del arte y responsable de Tour-ismos 
 y Tomás Ruiz-Rivas que es un artista visual y autor de Benidorm: 
 Diario de un artista. 
 Pedro Medina que es investigador dirigirá la charla.
 Para más información entrar en esta página de Internet: www.ciutatdevances.eu"
8,LF,"""El Festival de Cine Documenta Madrid 
del Ayuntamiento de Madrid 
abre el plazo para apuntarse

El Festival Internacional de Cine Documenta Madrid
que organiza el Ayuntamiento de Madrid
abre el plazo para apuntarse a las secciones Internacional, Nacional
y Corte Final que es para proyectos de España más adelantados.
Este será el festival número 20
y pueden apuntarse películas que terminaran 
después del 1 de enero de 2022.
El plazo para apuntarse termina el 19 de febrero. 

El festival será del 3 al 7 de mayo y dará varios premios 
como el Premio del Jurado a la Mejor Película, 
el Premio del Jurado Fugas, el Premio del Público Cineteca Madrid 
y el Premio CineZeta para la sección Nacional que son películas de España. 

4 programadores de festivales internacionales forman el Comité de Programación. 
El Comité de Programación elige las películas que participarán en el festival 
y organizan este festival que servirá para dar importancia al género de cine documental
y premiar las cosas más nuevas del cine.
""
"
2925,LF,"Alicante prepara la Cabalgata de los Reyes Magos 
más segura y solidaria
Reunión del alcalde de Alicante Luis Barcala 
con los responsables de Tráfico, Transportes, Fiestas, Protección Civil, 
Policía Local, Bomberos, Infraestructura y empresas organizadoras 
para hacer más largo el recorrido de la Cabalgata de los Reyes Magos 
que será el miércoles 5 de enero. 
Los juguetes y regalos de la cabalgata serán para asociaciones benéficas.
La Cabalgata empezará a las 7 de la tarde en avenida Salamanca 
y terminará en la Rambla. 
Los Magos de Oriente llegaran en barco e irán a la plaza de toros 
para que los niños les reciban. 
Reducirán el máximo de personas que accederán a la plaza. 
Suspenden la salida de los Reyes Magos al balcón principal del ayuntamiento 
y la Adoración en la Plaza. 
Puedes comprar las entradas para ver la cabalgata 
en las taquillas de la plaza de toros los lunes y martes 
de 10 de la mañana a 8 de la tarde 
y los miércoles de 10 de la mañana a 6 de la tarde.
Los Magos de Oriente tendrán que hacerse una prueba covid-19 
y un PCR para participar en la Cabalgata sin mascarilla. 
"
418,LF,"Benidorm celebra el Día de Andalucía

Benidorm celebra el Día de Andalucía 
con muchos vecinos de la ciudad 
que estuvieron en la Casa de Andalucía de Benidorm. 
El puesto de Andaluz del Año 2023 fue para el alcalde Toni Pérez 
que estuvo en la celebración del día 
con otros trabajadores del Ayuntamiento. 
También estuvieron las reinas de Benidorm. 

La gente disfrutó de música y comida típica de Andalucía 
como por ejemplo el potaje. 

En Benidorm viven muchas personas andaluzas 
y por eso la Casa de Andalucía hace este tipo de eventos.
Además del Día de Andalucía también celebran 
la Feria de Abril o la Semana Santa.
"
4496,LF,"Rosina Gómez-Baeza gestionará el nuevo proyecto 
 de Las Cigarreras
 La empresa Factoría Cultural creada por Rosina Gómez-Baeza 
 será la encargada de crear un Hub
 en el Centro de Las Cigarreras. 
 Un Hub también llamado Coworking 
 consiste en crear un espacio de trabajo comunitario profesional 
 donde nuevos empresarios culturales 
 y pequeñas empresas de cultura
 compartan instalaciones y equipos para ahorrar gastos
 creando una comunidad 
 donde intercambien nuevas relaciones, ofrezcan apoyo 
 y ayuden a los proyectos que estén preparando."
3611,LF,"Campaña Jugando aprendemos a ser iguales en Alicante
 La concejalía de Igualdad de Alicante empezó la campaña:
 Jugando aprendemos a ser iguales. Hay mucho en juego: regala Igualdad. 
 El objetivo es usar juegos y juguetes que no haga diferencias de género.
 En el vídeo de la campaña, niños y niñas juegan con diferentes juguetes. 
 Por ejemplo:
 muñecos que empiezan peleando terminan cuidando a un bebé gigante
 y una sirena construye su casa con ayuda de un buzo. 
 El mensaje es claro: en el juego no hay diferencias entre niños y niñas.
 El vídeo también es accesible para personas sordas. 
 Además los juguetes utilizados los regalarán a familias del proyecto Abrazos 
 de la Asociación Somos Humanymal
 que apoya a mujeres y niños víctimas de violencia de género.
 La campaña tiene también un test que puedes hacer por internet 
 para evaluar el nivel de sexismo en las elecciones de juegos y juguetes 
 y un decálogo con 10 consejos fáciles de seguir para elegir juguetes. 
 El objetivo es que todos pensemos sobre nuestras elecciones 
 al comprar juegos y juguetes
 y favorecer la igualdad desde la infancia."
3788,LF,"Exposición de Melisa Altamirano: Deconstructed
 La artista seleccionada en la edición 23 
 de la Convocatoria Arte del Centro 14 utiliza la técnica del grabado. 
 Presenta xilografías que son grabados sobre madera, 
 linóleos que son grabados sobre linóleo
 que es un material hecho de aceite de lino y polvo de corcho 
 y el resultado de experimentos utilizando la punta seca sobre cobre 
 y un material de plástico duro y transparente llamado arraglas. 
 Las obras presentadas son un proceso de investigación 
 y experimentación sobre las conexiones entre los seres humanos, la vida 
 y las experiencias humanas. 
 La artista crea espacios construidos con la danza y el contacto 
 y crea una mezcla entre diferentes líneas y formas. 
 La artista dice que todos estamos conectados 
 y en estas obras trabajó con esos pensamientos.
 
 Puedes ver esta exposición desde el 7 de febrero hasta el 3 de marzo.
 Horario de la exposición: 
 Lunes:
  De 10 de la mañana a 2 de la tarde
  Por la tarde cerrado 
 Martes:
  De 10 de la mañana a 2 de la tarde
  De 6 de la tarde a 8 de la tarde
 Miércoles:
  De 10 de la mañana a 2 de la tarde
  De 6 de la tarde a 9 de la noche
 Jueves:
  De 10 de la mañana a 2 de la tarde
  De 6 de la tarde a 9 de la noche.
 Viernes:
  De 10 de la mañana a 2 de la tarde
  De 6 de la tarde a 9 de la noche.
 Sábado:
  De 10 de la mañana a 2 de la tarde
  Por la tarde cerrado"
2694,LF,"Senderos de Primavera año 2021

El ayuntamiento presenta los Senderos de Primavera para 2021 
con 6 recorridos de la Red de Senderos Urbanos del Ayuntamiento de Alicante.
Las salidas son con un guía y son gratis, pero tienes que apuntarte antes. 
Máximo 30 plazas por ruta.

Para apuntarte tienes que llamar a este número de teléfono 965 96 00 34 
o escribir un correo electrónico a: .

Programación:
 
Domingo 28 de marzo a las 11 de la mañana.
Sendero Monte Orgegia. 
Puedes apuntarte desde el 15 de marzo hasta el 25 de marzo.
Más información en el siguiente enlace:
  

Domingo 11 de abril a las 11 de la mañana. 
Sendero Monte Benacantil-La Ereta. 
Puedes apuntarte desde el 29 de marzo hasta el 8 de abril.
Más información en el siguiente enlace:
   

Domingo 25 de abril a las 11 de la mañana.
Sendero Parque Inundable La Marjal. 
Puedes apuntarte desde el 12 de abril hasta el 22 de abril.
Más información en el siguiente enlace:
... 

Sábado 8 de mayo a las 6 de la tarde. 
Paseos y árboles singulares en el Centro Tradicional de Alicante. Puedes apuntarte desde el 26 de abril hasta el 6 de mayo.
Más información en el siguiente enlace:
... 

Sábado 22 de mayo a las 6 de la tarde.
Sendero Sierra de San Julián. La Serra Grossa. 
Puedes apuntarte desde el 10 de mayo hasta el 20 de mayo.
Más información en el siguiente enlace:
 

Sábado 5 de junio a las 6 de la tarde. 
Sendero El Porquet y Sierra de los Colmenares. 
Recorrido de 9 kilómetros.
Puedes apuntarte desde el 24 de mayo hasta el 3 de junio.
Más información en el siguiente enlace:
  




"
2103,LF,"Lluís Soler presenta en Benidorm su libro 
García, procurador de Thous a Sella
Presentación del libro García, procurador de Thous a Sella 
de Lluís Soler en el Salón de Actos del Ayuntamiento de Benidorm. 
En la presentación del libro estuvo el concejal de Cultura, 
diferentes miembros de la corporación municipal 
y un público reducido por la norma obligada de la Covid 19.
Lluís Soler trabajó en centros escolares 
de diferentes localidades de Alicante y tiene 6 libros. 
El libro García, procurador de Thous a Sella, 
cuenta la historia de la relación de Josep García con Juan Thous, 
personaje clave en la Marina Baixa y Benidorm.
Con la presentación del libro acaba la exposición 
Thous, personatge singula i benefactor de Benidorm i comarca del Espai d’Art.
"
3692,LF,"Aprueban empezar las obras de 5 refugios antiaéreos 
 de la Guerra Civil
 El Ayuntamiento de Alicante aprueba en Junta de Gobierno empezar 
 las obras del proyecto para arreglar 
 y abrir 5 refugios antiaéreos de la Guerra Civil 
 que están dentro del ámbito de la EDUSI Las Cigarreras.
 Las obras las hará la empresa mercantil Novum Proyectos Integrales 
 y Servicios por más de 280 mil euros. 
 Harán las obras para hacer visitas guiadas y actividades culturales.
 Las obras fueron idea de las concejalías de Cultura 
 y Coordinación de Proyectos.
 Ahora están abiertos los refugios de las plazas de Balmis y Séneca 
 y con las obras que van a empezar abrirán los de las escaleras de Jorge Juan, Marqués de Molins, Plaza Músico Tordera, Mercado Central y Tabacalera.
 Los proyectos están dentro de la Estrategia 
 de Desarrollo Urbano Sostenible Integrado EDUSI Las Cigarreras."
3757,LF,"Programan actividades en Las Cigarreras y en la plaza Castellón
 Programan actividades en Las Cigarreras y en la plaza Castellón, 
 las actividades son:
 20 de marzo Día Internacional de la marioneta: 
 De 11 de la mañana a 1 de la tarde. 
 Taller para hacer marionetas con materiales reciclados 
 en la plaza Castellón.
 De 6 de la tarde a 7 y cuarto de la tarde. 
 Taller para hacer marionetas con materiales reciclados 
 en Las Cigarreras.
 A las 7 y media de la tarde. 
 Espectáculo de Títeres en la Caja Negra de Las Cigarreras. 
 21 de marzo Día Internacional de la poesía:
 A las 5 y media de la tarde. 
 Poema Mural Colectivo en la plaza Castellón.
 A las 7 y media de la tarde. 
 Poetry Slam en Las Cigarreras.
 A las 8 y media de la tarde. 
 Canciones mías, poemas de otros con Inés Saavedra en Las Cigarreras.
 3 de abril concierto:
 A las 7 de la tarde. Concierto de Anita Antón en Las Cigarreras."
3750,LF,"Nuevo Instituto de Formación Profesional MEDAC en Alicante
 La concejala de Educación de Alicante Julia Llopis presentó 
 el nuevo instituto de Formación Profesional MEDAC 
 que abrirá en septiembre en la Avenida Alcalde Lorenzo Carbonell 67. 
 MEDAC es un instituto oficial de Formación Profesional 
 que ya tiene experiencia en Andalucía y Madrid. 
 Este instituto mejorará la oferta educativa en Alicante
 y podrá acoger a 300 alumnos.
 Títulos que impartirán en el instituto:
 Conducción de Actividades en el Medio Natural o TECO
 Cuidados Auxiliares de Enfermería o TCAE
 Farmacia y Parafarmacia
 Dietética
 Prótesis Dental
 Higiene Bucodental
 Anatomía Patológica y Citodiagnóstico
 Integración Social
 Marketing y Publicidad
 La concejala de Educación dijo en el acto de presentación
 que MEDAC ofrecerá nuevas oportunidades de trabajo 
 y colaborará con empresas locales 
 para formar perfiles que el mercado de trabajo necesita.
 En 2020 y 2021 MEDAC planea abrir centros en Albacete, Murcia 
 y Valencia."
2533,LF,"Charla sobre la sexualidad para personas mayores

El viernes 6 de mayo en el Centro de Mayores Gabriel Miró 
la Psicóloga y Sexóloga Nerea Rodríguez del Hospital Universitario de Elda 
dio una charla sobre sexualidad titulada 
Sexualidad: Fuente de bienestar a cualquier edad.
A la charla fueron 20 personas y hablaron sobre lo importante 
que es la sexualidad en las personas mayores, sobre las emociones, 
la comunicación, la intimidad y la autoestima en las relaciones sexuales.

"
4321,LF,"Cambian de hora los eventos 
 de Animación a la lectura en Bibliotecas 
 para los días 5 y 6
 Las actividades de Animación a la lectura organizadas 
 por la concejalía de Cultura cambian de hora esta semana. 
 Ahora serán a las 11 de la mañana.
 Detalles de los eventos:
 Biblioteca Diagonal:
 Obra: Contes del món de Papallona Teatre
 Fecha: jueves 5 de abril
 Hora: 11 de la mañana
 Lugar: Calle Diagonal número 3
 Teléfono: 965 18 34 27
 Biblioteca Florida - Babel:
 Obra: Cuentos animalescos. Historias para crecer de Alberto Celdrán
 Fecha: viernes 6 de abril
 Hora: 11 de la mañana
 Estos eventos están pensados para niños y familias. 
 El cambio de horario aprovecha las vacaciones escolares 
 para que más personas puedan asistir."
2088,LF,"La danza contemporánea por las calles de Benidorm 
con el festival Les Ones
La danza contemporánea está por las calles de Benidorm 
gracias al primer Festival de Dansa al Carrer Les Ones.
Estará hasta mañana sábado para que ciudadanos 
y turistas puedan ver espectáculos al aire libre 
en zonas como El Castell 
y las plazas de Sus Majestades Reyes de España e Hispanidad.
Esta mañana actuaron las escuelas de danza de Benidorm 
en presencia del alcalde, el concejal de Cultura 
y miembros de la Corporación municipal.
Este viernes a las 9 de la noche será el espectáculo
de Moon Valley de Dahiana Betancourt y Sergio Navarro en El Castell.
Mañana en el Castell estrenaran:
7 de la tarde el solo Piel 
7 y cuarto Presidente 
9 de la noche final del primer Festival de Dansa al Carrer 
"
1839,LF,"Elche celebrara una prueba del Circuito Nacional de AirBadminton
Elche recibe la primera prueba 
para el Circuito Nacional De AirBadminton
el 3, 4 y 5 de septiembre en la Ciudad Deportiva Juan Ángel Romero. 
El proyecto está organizado por la Federación Española de Badminton 
y el Ayuntamiento de Elche el evento será en distintas superficies 
como cemento, arena, calles o playa. 
Durante la prueba habrá jugadores de categorías Absolutas 
y Máster cumpliendo las medidas higiénico y sanitarias frente al Covid-19. 
La jornada empieza el viernes 3 de septiembre 
con entrenamiento voluntarios de 5 de la tarde a 8 y media de la tarde. 
El sábado 4 de septiembre empieza la competición
los equipos empezarán los entrenamientos a la 8 y media de la mañana.
La competición empieza a las 9 y media de la mañana,
a 2 de la tarde habrá un descanso 
y la competición continuará desde las 4 de la tarde hasta las 8 de la tarde.
A las 8 y media entregarán los premios y medallas.
"
1779,LF,"El Ayuntamiento de Elche concede las obras 
para ampliar los vestuarios del polideportivo de El Toscar 
La Junta de Gobierno Local concede el contrato de las obras 
para ampliar los vestuarios del polideportivo El Toscar 
con una subvención de la Diputación de Alicante llamada Plan más Deporte. 
La ayuda de más de 100 mil euros permitirá crear nuevas salas
y máquinas que den agua caliente a las instalaciones deportivas. 
La constructora tiene 3 meses para realizar las obras. 
El ayuntamiento también trabaja para renovar y mejorar los árboles de la calle. Renovarán los árboles que dan problemas con las raíces y levantan las aceras. Pondrán árboles en las zonas donde no hay con un sistema de riego. El ayuntamiento gastará más de 54 mil euros en estos dos proyectos. 
El ayuntamiento concede el contrato de transporte 
y suministro de gasóleo C para la calefacción de los centros educativos e instalaciones deportivas del Ayuntamiento de Elche. 
El ayuntamiento concede el contrato para dar materiales de construcción 
al programa formativo Taller de Empleo 15.
El presupuesto es 18 mil euros al año. 
Conceden el contrato de 4 años para gestionar 
la cantina del Polideportivo Isabel Fernández en Torrellano.
Aprueban el contrato de recogida de animales en Elche que durará 5 años.
El ayuntamiento aprueba solicitar a la Diputación de Alicante 
una ayuda de 6 mil euros para mejorar el entorno de los Barrancos del Grifo
y San Antón. 
La ayuda será para instalar nuevas señales, carteles informativos
y retirar la basura acumulada en la zona. 
Conceden 5 permisos de obras destacando la construcción 
de una nave industrial en el Parque Agroalimentario de l’Alcudia.
"
2364,LF,"Desfile Benéfico para luchar contra el cáncer infantil

Habrá un homenaje a Charlie y otros menores, víctimas de cáncer. 
La Unidad Pedagógica Hospitalaria UPH 
del Hospital General Universitario Doctor Balmis 
organiza con más de 20 empresas y asociaciones 
la segunda edición del desfile benéfico 
protagonizado por niños con cáncer que será 
el 1 de octubre a las 7 de la tarde en la Plaza de Toros de Alicante.
 
Esta mañana, presentaron el acto en el ayuntamiento. 
Este evento tiene el nombre de Carlos Sarriá conocido como Charlie, 
el influencer de Alicante que mostraba su lucha 
contra su cáncer en su canal de TikTok. 
Charlie fue paciente del Hospital Doctor Balmis 
y protagonista del primer desfile del 2019.

Después de su muerte, siguen con el proyecto
para recordar a Charlie y otros niños que también mueren de cáncer. 
El evento empezó por la pasión de Carlos por la moda. 
Desfilan niños con cáncer, pacientes del Hospital Doctor Balmis 
con otros invitados especiales. 

El dinero conseguido será para ASPANION y PAYASOSPITAL, 
asociaciones que trabajan cada día para atender las necesidades 
de personas afectadas de cáncer y sus familias. 

Puedes comprar tu entrada para el desfile 
en la página web de El Corte Inglés 
y en el Corte Inglés de Alicante. 

También puedes colaborar 
enviando dinero por transferencia bancaria 
a este número de cuenta:  ES32 2100 2874 8913 0008 4657.

Si necesitas más información escribe un correo electrónico a 
familiasuphalicante@gmail.com


"
156,LF,"Actividades en Elche para los próximos días
Gran teatro
Acto Institucional de la Real Orden de la Dama de Elche.
Viernes 2 de diciembre a las 8 de la tarde

Concierto 25 Aniversario de la Orquesta Barroca Valenciana.
Sábado 3 de diciembre a las 8 de la tarde
Precios: 14, 18 y 22 euros 
Duración: 1 hora y media
Venta de entradas: taquilla del Gran Teatro o en Instanticket 

Silencio 
Domingo 4 de diciembre a las 7 de la tarde
Precio: 15 euros
Duración: 1 y 40 minutos 
Venta de entradas: taquilla del Gran Teatro o Instanticket
 
Cines odeón 
Mali Twist
Del miércoles 30 de noviembre al domingo 4 de diciembre 
a las 17 y 30 a las 8 de la tarde y a las 10 y 30 de la noche. 

Sala A. Cinefórum: Captain Fantastic
Jueves 1 de diciembre a las 8 de la tarde

Sala B. Programación especial: Entrada libre. 
Coloquio a las 7 de la tarde 
Ponente: Ángel Ortiz, profesor de Educación. 

2 colegas y la gran bestia. 
Sábado 3 y domingo 4 de diciembre de 17 y 30 de la tarde. 
Entradas :Sala B taquilla o Instanticket. 
Precios Cines Odeón entrada general: 3 euros, miércoles día del espectador: 1,50 euros y gratis con la tarjeta dorada del Ayuntamiento,
Jueves: gratis para estudiantes de secundaria, bachillerato y de la Universidad de Elche con el carnet del centro educativo.  
Filmoteca en VOSE
Jueves a las 8 de la tarde y 22 y 30 de la noche.  

L ‘escorxador
Espectáculos
Mostra número 5 de Artes Escèniques. Escuela de Artes Asociación Artes Cultura y Ocio. 
Sábado 3 de diciembre a las 6 y 8 de la tarde. 
Lugar: Espai Escènic. 
Precio: 5 euros. 
Venta: Taquilla del Gran Teatro, instanticket o 1 hora antes 
en la taquilla de l’ Escorxador.
 






Exposición Mostra número 5 de Artes Plásticas. Escuela de Artes Asociación Artes Cultura y Ocio.
Del miércoles 30 de noviembre al domingo 4 de diciembre. 
De lunes a viernes: de 5 de la tarde a 9 de la noche. 
Sábados: de 11 de la mañana a 2 de la tarde y 5 de la tarde a 8 de la noche. Domingos: de 11 de la mañana a 2 de la tarde 
Lugar: en la Sala Lanart. 


La llotja
Presentación del álbum Rojo Vivo de Javier Díez
Sábado 3 de diciembre a las 10 de la noche.
Precio: 15 euros. 
Venta de entradas: Taquilla del Gran Teatre, 1 hora antes del espectáculo 
en la taquilla de La Llotja o Instanticket. 

Museo Arqueológico y de Historia de Elche 
Exposición La Dama Viajera. El periplo de la escultura más famosa 
del arte ibérico. 
Del viernes 25 de noviembre de 2022 al 30 de abril de 2023. 
De lunes a sábado de 10 de la mañana a 6 de la tarde 
y domingos y festivos de 10 de la mañana a 3 de la tarde. 
Exposición gratis. 

125 años del descubrimiento de la Dama d’ Elx.
Sábados y domingos a la 1 de la tarde. 
Visitas guiadas, sala de la Dama. Más información y reservas: 966 658 203.
Lugar: Sala de exposiciones temporales del MAHE. 

Taller Del Mar y la Montaña 
por el Día Internacional de las Personas con Discapacidad 
el sábado, 3 de diciembre de 10 y 30 de la mañana y 12 de la mañana. 

Cuentacuentos musical. La Pequeña Dama.
Domingo 4 de diciembre a las 12 de la mañana
Lugar: sala de Cultura Ibérica del MAHE.
 
Museo del Palmeral 
Visita guiada al Huerto de San Plácido 
el sábado, 3 de diciembre a las 11 y 30. 
Gratis. 

Bibliotecas
Sala de préstamo de la Biblioteca Pedro Ibarra
Exposición 60 Anys d’un Diccionari. 
Del 19 de octubre de 2022 al 14 de enero de 2023.
Horario: de lunes a viernes de 9 de la mañana a 9 de la noche. 
Sábados de 9 de la mañana a 1 de la tarde. 

Presentación del libro Vivir sin adjetivos 
Sábado 2 de diciembre a las 7 de la tarde por María Sánchez. 
Claustro de la Biblioteca Pedro Ibarra. 

Capilla las clarisas
Exposición de Germán Bernácer, el economista y humanista alicantino 
más universal
Del 3 de noviembre al 4 de diciembre. 
Martes a sábados de 10 de la mañana a 2 de la tarde 
y de 3 de la tarde a 6 de la tarde, 
domingos y festivos de 10 de la mañana a 2 de la tarde. 

Claustro de las clarisas exposición de esculturas de Roy Ledgard 
Las manos que tallaron las palmeras del 24 de noviembre al 18 de diciembre.

Lonja Medieval y Calahorra
Exposición de Tomás Almela Parreño del 11 de noviembre al 8 de enero. 

Órden tercera Exposición colectiva del concurso Primer Premio de Arte Textil Contemporáneo 2022 del 22 de noviembre de 2022 al 30 de enero de 2023.
De martes a sábados de 10 de la mañana a 2 de la tarde 
y de 3 de la tarde a 6 de la tarde.
 
Domingos y festivos de 10 de la mañana a 2 de la tarde. 
Precio: gratis. 

Sala Tramoia
La mirada del viento.
Sábado 3 de diciembre a las 6 de la tarde. 
Reservas: en el teléfono 96 663 54 54 y en tramoia@tramoia.org. 

Mupe
18 Aniversario, actividades gratis con previa reserva en el teléfono 965 45 88 03. 
Museo paleontológico de Elche. Plaça de Sant Joan Conferencia. 
Un pequeño viaje por el mundo de los dinosaurios en la Comunidad Valenciana. Miércoles, 30 de noviembre 7 de la tarde a cargo de la paleontóloga Maite Suñer. 
Megalodón: las causas de su gigantismo y extinción. 
el viernes 2 de diciembre a las 7 de la tarde. 
A cargo del paleontólogo Humberto Ferrón. 
Cuentacuentos sábado 3 y domingo 4 de diciembre a las 11 de la mañana. 

Talleres en familia 
Sábado 3 y domingo 4 de diciembre a las 11 y 30. 

Entrega de premios Raval Jurásico.
Sábado 3 de diciembre a la 13 y 30. 

Recital de Guitarra a cargo de Rubén Rus Jover.
Sábado 3 de diciembre a las 18 y 30. 

Noche en el museo para adultos.
Sábado 3 de diciembre a las 19 y 30. 

La Rotonda 
El tesoro de los niños. Musical Story Show
Jueves 1 de diciembre a las 10 de la mañana.





 
Juventud 
Estampación y Tintura textil 
los martes del 11 de octubre al 13 de diciembre de 2022 de 17 y 30 a 7 y 30 
en la Sala Joven Las Bayas de 12 a 30 años. 

Cocina por el Mundo 
Los lunes del 3 de octubre al 19 de diciembre de 18 y 30 a 20 y 30 
en Sala Joven Carrús de 14 a 25 años. 

Guitarra Española Para Ti
Los martes del 27 de septiembre al 20 de diciembre 
de 6 de la tarde a 8 de la noche 
en Sala Joven Carrús de 14 a 25 años. 

Manualidades Solidarias
Los miércoles del 5 de octubre al 14 de diciembre de 6 de la tarde 
a 8 y 30 de la tarde en Sala Joven Carrús de 14 a 25 años. 
Información: haremos manualidades: pulseras, carteras, atrapasueños 
y las donaremos a una asociación para recogida de fondos 
para un acto benéfico."
3161,LF,"El Equipo de Gobierno acompaña 
al Obispo de Orihuela Alicante durante la misa de Recepción
El Equipo de Gobierno de Alicante acompañan 
al Obispo de Orihuela Alicante durante la misa de Recepción 
que celebran en la Concatedral de San Nicolás. 
Reciben al obispo en la Plaza del Abad Penalva donde un grupo de danza 
baila La Xandinga de Xixona 
e interpretaran las albaes canciones folclóricas propias 
de la provincia de Valencia acompañada 
con los instrumentos dolçaina i tabalet. 
El alcalde de Alicante junto al Obispo recorre la concatedral 
antes de la misa de Recepción. 
Primero pasan por la Capilla del Santísimo Sacramento 
donde el obispo reza a la tumba del obispo Rafael Palmero. 
Continúan hasta el altar de San Nicolas donde interpretan O beate Nicolae. Luego visitan el camarín de la Virgen del Remedio 
para rezar a la imagen de la Patrona de Alicante 
y termina el recorrido en la Sacristía para celebrar la misa, 
al terminar la ceremonia cantan los Gozos a la Virgen del Remedio.
"
3308,LF,"Ya puedes apuntarte a los Cursos y Talleres 
en los Centros de Mayores de Alicante

Puedes apuntarte desde el 16 de septiembre a los cursos y talleres gratis 
que organiza la concejalía de Acción Social de Alicante. 
Estos cursos son para los casi 25 mil socios 
de los Centros Municipales de Mayores.

Detalles del Programa
Puedes apuntarte del 16 de septiembre al 3 de octubre
Los programas duran desde octubre a junio de 2022
132 actividades: 
Teatro
Música
Gimnasia
Pilates
Entrenamiento de la mente
Cultura general
Escritura creativa
Zumba
Yoga
Dibujo 
Y pintura
Presupuesto: casi 200 mil euros

Apúntate en los Centros de Mayores
Número de Centros: 18 Centros Municipales de Mayores
Puedes apuntarte por internet a través de un programa informático
Ayuda Presencial en centros con monitores 
para ayuda con cita previa:
Felicidad Sánchez
Isla de Cuba
Gastón Castelló 
y Los Ángeles

Ayuda para apuntarte
Vídeos para guiar a los mayores que quieren apuntarse por internet 
y evitar colas.
Habrá también más de 100 actividades extras y de entretenimiento 
que darán voluntarios 
y que serán gratis.

Pueden Ser Socios
Mayores de 60 años
Personas de 55 años o más que estén prejubilados
Parejas de los socios de cualquier edad

Para más información y para apuntarte
los interesados pueden ir a sus Centros de Mayores 
o entrar a la página web del Ayuntamiento de Alicante. 
"
1612,LF,"Alicante hace peatonales las calles del centro 
para promocionar las compras y el comercio

Alicante hace peatonal en Navidad las calles del centro 
para que los ciudadanos puedan caminar mejor durante las fiestas
y disfrutar de las actividades utilizando las carreteras 
teniendo espacios más anchos para pasear y comprar
con un dispositivo de seguridad que organiza la Policía Local. 

Desde el miércoles 7 de diciembre hasta el 8 de enero cortaran el tráfico 
durante los días de fiesta, viernes y fines de semana en:
plaza del Ayuntamiento
calle Rafael Altamira
calle Gerona
avenida Rambla de Méndez Núñez 
avenida Maisonnave 

Es el tercer año que el Ayuntamiento toma esta medida 
después del éxito que tuvo las pasadas Navidades. 
Con esta medida tenemos más espacios 
para que los ciudadanos puedan hacer compras navideñas 
pasear y disfrutar de la ciudad y la iluminación con espacios más anchos 
y también ayudamos al comercio y la hostelería de nuestra ciudad.  

Esta medida de las Concejalías de Tráfico, Movilidad y Comercio
mejoran el paso de los ciudadanos en el centro. 
La Policía Local organizará los cortes de tráfico en estás calles: 
los viernes, sábados y festivos de 10 de la mañana a 10 de la noche
los días 7, 8, 9, 10, 11, 16, 17, 18 y 23 de diciembre
24 de diciembre en Nochebuena 
25 de diciembre Navidad con horario de 3 de la tarde a 8 de la tarde
30 de diciembre de 6 de la tarde a 10 de la noche
31 de diciembre Nochevieja con horario de 5 de la tarde a 11 y media de la noche 
5 de enero de Reyes Magos de 5 de la tarde a 10 de la noche
6 de enero 10 de la mañana a 10 de la noche
el domingo 8 de enero de 10 de la mañana a 10 de la noche

Para el Ayuntamiento la movilidad sostenible es muy importante
por eso trabajan en el proyecto de hacer peatonal el centro 
que estará acabado para los primeros meses del año 2023.
"
1684,LF,"Alicante entrega los premios a los ganadores 
del concurso Fogueres Escolars
El alcalde de Alicante entrega los premios a los 3 colegios 
ganadores del concurso fogueres escolars.
Las hogueras ganadoras tienen un mensaje actual,
sencillo y ayudan a concienciar a pequeños y a mayores. 
El primer premio es para el colegio Calasancio 
por Es tiempo de salir y recibe el trofeo Pedro soriano, 
una tablet y un banderín. 
El segundo premio es para el colegio Benalúa 
con Miedo parece… ¡una aventura!
y el tercer premio es para el colegio San Francisco de Asís 
con Vida Sana. 
El segundo y tercero reciben el trofeo Manuel Porras,
una tablet y banderín.
"
3034,LF,"La Junta de Gobierno aprueba una ayuda 
a las 89 comisiones de hogueras
La Junta de Gobierno del Ayuntamiento de Alicante aprueba 
una ayuda de casi 400 mil euros a las 89 comisiones de hogueras
que plantarán en 2020. 
La ayuda la repartirán entre las 6 categorías que hay. 
En el caso de la comisión infantil será 150 euros 
en cualquiera de las categorías. 
"
1370,LF,"Apúntate al Campus Escénico Eusebio Sempere 
y disfruta de una experiencia única

Los jóvenes que tengan de 13 a 25 años pueden participar 
en el Campus Escénico Eusebio Sempere 
y disfrutar de 2 semanas de experiencias 
participando en distintas especialidades artísticas y creativas.

Este proyecto está dentro del programa de actos 
de los 100 años del nacimiento de Eusebio Sempere.

El Campus será en el museo MACA 
que significa Museo de Arte Contemporáneo de Alicante 
del 10 de julio al 21 de julio 2023 
de lunes a viernes de 10 de la mañana a 1 y media de la tarde.

Las clases las darán los profesionales de la compañía Ambulante Lab.
La actividad es gratis hasta llenar las plazas disponibles. 
"
4250,LF,"Seleccionados 2 proyectos de exposición 
 para la sala de exposiciones del Centro Municipal de las Artes 
 El comité técnico selecciona 2 proyectos de exposición 
 para la sala de exposiciones del CMA 
 que es el Centro Municipal de las Arte. 
 Los seleccionados son la Asociación Médicos del Mundo 
 y la Asociación de Bolilleras Boixents, Fil i Agulles."
1972,LF,"Torneo de Golf en Benidorm

El 26 de febrero es el Torneo de Invierno Open Benidorm Club de Golf 
en el Club de Golf Villaitana.

Presentaron esta mañana la dirección del Benidorm Club de Golf 
ante el alcalde de Benidorm y la concejal de Deportes.

El Benidorm Club de Golf tiene más de 300 socios, 
es miembro de la Real Federación Española de Golf 
y de la Federación Valenciana de Golf. 

Organiza 4 torneos al año en primavera, verano, otoño e invierno 
y otras competiciones. 

Tiene una escuela de golf infantil."
3518,LF,"Exposición sobre el barrio de San Antón 
 Más de 500 personas visitaron la exposición 
 en el centro cultural Cigarreras sobre el barrio de San Antón 
 llamada Distrito 1 San Antón. 
 La exposición está desde el 22 de enero. 
 El público cumplió las recomendaciones sanitarias sobre la pandemia. 
 Las personas que quieran visitar la exposición Distrito 1 San Antón 
 pueden ir de martes a sábado de 10 de la mañana a 6 de la tarde.
 En la exposición participan artistas muralistas e ilustradores de dentro 
 y fuera de la provincia de Alicante. 
 Distrito 1 San Antón tiene la financiación 
 y colaboración del Ayuntamiento de Alicante, 
 FEDER que son el Fondo Europeo de Desarrollo Regional, 
 EDUSI Alicante Área Las Cigarreras 
 y el Consorci Museus de la Comunitat Valenciana."
305,LF,"Presentación del libro que habla de los 30 años como director 
de la Unión Musical de Benidorm 
de Rafael Domenech

La Concejalía de Cultura de Benidorm organizó el acto de presentación 
del libro Mis 30 años como director de la Unión Musical de Benidorm 
del autor Rafael Domenech y del editor Vicente Sanjuán. 

El libro se presentó en el Salón de Actos del Ayuntamiento 
y fueron el alcalde Toni Pérez, el Concejal de Cultura Jaime Jesús Pérez 
y otras personas que trabajan en el ayuntamiento. 
El alcalde dijo que Rafael Domenech Pardo es muy importante 
para la historia de la música de Benidorm. 

El pintor y escultor Pepe Albero 
que también es percusionista en la Unión Músical 
y la presidenta de la sociedad Mari Carmen García 
participaron en el evento. 

En el evento también pusieron el documental 
Una música, un Poble: Unió Musical de Benidorm. 

Puedes comprar el libro por 25 euros en la Unión Musical 
y en las librerías de Benidorm."
3651,LF,"Edusi Jazz 2020 
 Este viernes termina el ciclo de 9 conciertos de música Swing 
 y música Jazz en el Patio de las Cigarreras. 
 Los conciertos fueron durante el mes de julio y el mes de agosto. 
 El último concierto es el del pianista Quique Simón y Le Jazz Hot 
 y las invitaciones están agotadas. 
 Fueron a los conciertos más de 1500 personas. 
 Era la edición 2 de este programa y está pagado 
 por el Fondo Europeo de Desarrollo Regional FEDER 
 y EDUSI Alicante Área Las Cigarreras.
 Quique Simón es un pianista muy conocido 
 y presentará su último trabajo en Bélgica dentro de 2 semanas."
1350,LF,"Benidorm recuerda la llegada de la Mare de Déu del Sofratge 
desde las 5 de la madrugada 

A las 5 de la madrugada muchos vecinos estuvieron
en la puerta principal de la Iglesia Parroquial de Sant Jaume i Santa Anna 
para celebrar los 283 años de la llegada de la Mare de Déu del Sofratge 
a la playa de Benidorm.

Canciones, coplas, tambores y flautas sonaban 
para que la patrona empezara el recorrido por las 3 playas de Benidorm.
También estuvieron el alcalde, el concejal de Fiestas, 
las reinas Mayor e Infantil, el presidente de la Comissió, 
y el párroco de la iglesia. 

El alcalde y las reinas fueron los primeros en llevar la virgen, 
seguidos por el concejal de fiestas y el presidente de la Comissió. 
La virgen recorrió el casco antiguo en los brazos de sus fieles, 
incluyendo a varios miembros de la Corporación municipal, 
las damas de las cortes de honor y vecinos. 
Durante el recorrido hicieron paradas, rezaron 
y cantaron en Levante, Poniente y el Mal Pas.

Al terminar el recorrido, la virgen volvió a la iglesia
para escuchar las palabras dedicadas a la Virgen 
que recitó Carmela Soria.

Al terminar la misa la Comissió de Festes Majors Patronals 
dio chocolate caliente y pasteles a todas las personas 
que quisieron desayunar.

Por la tarde en la Iglesia de Sant Jaume y Santa Anna 
dirán el nombre del nuevo Abanderado y los mayordomos de honor
y terminarán con otra misa dedicada a la patrona."
2943,LF,"Alicante presenta el documento para que la Semana Santa 
sea una Fiesta de Interés Turístico Nacional

El alcalde de Alicante Luis Barcala 
y el Consejo Rector de la Junta Mayor de Hermandades y Cofradías 
entregaron un documento para que la Semana Santa de Alicante 
pueda ser una Fiesta de Interés Turístico Nacional. 
El Ministerio de Industria, Comercio y Turismo da este reconocimiento. 

El representante del Consell recibió el documento 
que tiene 500 páginas. 
También estaban en el acto la vicealcaldesa Mari Carmen Sánchez 
y el concejal de Fiestas Manuel Jiménez.

El alcalde destacó la importancia de destacar 
la Semana Santa de Alicante a nivel nacional por ser diferente 
y el amor que despierta en la ciudad. 
Agradeció a la representante del Consell por su apoyo. 
El objetivo es reconocer la importancia religiosa y turística 
de la Semana Santa de Alicante.

La vicealcaldesa dijo que esta declaración es muy importante para el turismo 
porque ayudaría a promocionar la Semana Santa de Alicante 
que mezcla diferentes tradiciones y culturas. 
También dijo que la Semana Santa mejora la economía, gastronomía 
y la imagen turística de la ciudad.

Alfredo Llopis dijo que estaba contento por completar el documento 
después de varios meses de trabajo. 
Destacó que esta declaración beneficiará tanto 
a la promoción de la Semana Santa como a la imagen de Alicante.
El documento lo elaboró durante 2 años 
la Junta Mayor de Hermandades y Cofradías
y presenta una gran variedad de razones para solicitar la declaración, 
incluyendo aspectos históricos, culturales 
y turísticos de la Semana Santa. 

También incluye informes sobre la infraestructura turística 
y el impacto mediático de la Semana Santa en la región. 
Este proceso comenzó en 2009 cuando la Generalitat Valenciana dio 
a la Semana Santa de Alicante 
la consideración de Fiesta de Interés Turístico Comunitario.

"
192,LF,"El sábado 19 de noviembre de 2022 se celebrará
el segundo Torneo Ciudad de Elche Dominó.
Participarán 100 parejas de toda España

 
El concejal de Deportes, Vicente Alberola, la concejala de Participación Ciudadana, Puri Vives, y el presidente de la Asociación de Amigos de Dominó de Elche (ADDEL), Manolo González, han presentado el segundo Torneo Ciudad de Elche Dominó. 

Este torneo se celebrará este sábado día 19 de noviembre de 2022 
en las instalaciones del Huerto del Cura.

El evento será organizado por el Ayuntamiento de Elche 
en colaboración con ADDEL 
y participarán 75 parejas de toda España. 

En el torneo se jugarán 7 partidas en total 
y coincidirá con la celebración del 50 aniversario del Huerto del Cura. 

La concejala de Participación ha felicitado a la asociación ADDEL por su trabajo 
y está satisfecha porque este torneo se celebra en la ciudad. 

El presidente de ADDEL, Manolo González, ha explicado 
que el objetivo de la asociación es hacer bien a la sociedad.





 
"
2259,LF,"Presentan el Cross Nocturno Ciudad de Orihuela 
La Asociación de la Policía Local Virgen de Monserrate de Orihuela 
presenta el 13 Cross Nocturno Ciudad de Orihuela 
que será el 25 de diciembre a las 10 de la noche. 
En la Cross Nocturna Ciudad de Orihuela colaboran 
las concejalías de Deportes y de Seguridad Ciudadana 
y del Club Atlético Oriol.
El concejal de Deportes recuerda que el año pasado 
no pudieron celebrar el evento por la pandemia. 
El presidente de la asociación y coordinador de la carrera pide 
a todos los participantes que lleven la mascarilla puesta hasta 
que empiece la carrera, durante la carrera no hay que llevar mascarilla. 
Las personas que vayan a ver la carrera tienen que llevar la mascarilla.
El inspector de la Policía Local encargado del dispositivo de seguridad dice 
que habrá agentes de Policía Local, Protección Civil, 
voluntarios del Club Atlético Oriol, Cruz Roja y ambulancias.
La organizadora del Club Atlético Oriol explica 
que es un recorrido muy fácil para empezar en el atletismo 
ya que será por la ciudad con la meta en la explanada del Seminario.
Puedes apuntarte a la carrera hasta el 22 de diciembre 
a las 8 de la tarde en la página  
La recogida de dorsales será el 24 de diciembre 
de 10 de la mañana a 1 y media de la tarde 
y de 4 de la tarde a 7 de la tarde en La Lonja.
"
4069,LF,"Las Bandas de música de Alicante y Elche tocarán 
 2 conciertos históricos por el 9 de octubre
 El concejal de Cultura de Alicante y la concejala de Cultura de Elche
 presentan 2 conciertos extras en los actos de celebración del 9 de Octubre. 
 Los directores de la Banda Sinfónica de Alicante y la Banda sinfónica de Elche expresan la buena relación entre las 2 bandas musicales 
 y la oportunidad tan importante de tocar juntas. 
 Concierto jueves 6 de octubre en el Gran Teatro de Elche 
 y el viernes 7 en el Teatro Principal de Alicante. 
 Serán a las 8 y media de la tarde.
 La entrada es gratuita con invitación."
4596,LF,"Exposición titulada Intervalo en Centro Cultural Las Cigarreras
 
 Exposición de más de 30 artistas de España y Colombia 
 en La Caja Blanca del Centro Cultural las Cigarreras. 
 Puedes visitar la exposición hasta el 24 de septiembre. 
 La entrada es gratis.
 Colaboran: 
 Casa Hoffmann
 concejalía de Cultura
 y el Institut Ramon Llul
 Esta exposición estuvo en Casa Hoffman en Bogotá Colombia. 
 La exposición es uno de los proyectos seleccionados
 para las salas de exposiciones municipales de Alicante.
 En la inauguración de la exposición estaban 
 el concejal de Cultura Daniel Simón, 
 el director de proyectos culturales españoles y colombianos Alex Brahim 
 y algunos de los artistas participantes. 
 Más información de las obras y autores en este enlace:
 https://www.alicante.es/es/agenda/exposicion-intervalo-cigarreras"
1534,LF,"El Ayuntamiento abre el plazo de inscripción
para llevar las antorchas que alumbrarán a los Reyes Magos

Ya puedes apuntarte para participar 
en la bajada de antorchas por el monte de Bolón. 
El plazo termina el 31 de diciembre.
Las solicitudes deberán presentarse en la web .

Habrá disponibles 100 antorchas de fuego y 200 de luz led. 

Este año la bajada de antorchas es considerada 
Bien de Relevancia Local Inmaterial 
y da una mayor protección 
para continuar con esta tradición. 

Para llevar la antorcha de fuego tienes que ser mayor de edad. 
En el caso de las antorchas de led no hay ningún requisito. 
En el caso que haya más solicitudes que antorchas harán un sorteo.
Las personas que lleven antorchas firmarán un documento de responsabilidad 
y unas normas. 

Los antorcheros de fuego tendrán que ir a una reunión 
el jueves 2 de enero a las 8 de la tarde 
en el salón de actos del Centro Cívico. 
"
887,LF,"Jornada de Esgrima Histórica en la Plaza Mayor de Elda

El Ayuntamiento, Sala de Armas Elda y El Arte del Duelo de Elda 
organizaran en la Plaza Mayor de Elda 
la Jornada de Esgrima Histórica Carlos Coloma número 1.
Esta Jornada de Esgrima será el día 17 de junio a las 8 de la tarde
como parte de las celebraciones del Año Coloma
Podrán participar en el evento personas de todas las edades.

La esgrima histórica es una nueva disciplina asociada y federada 
en la Federación de Esgrima de la Comunidad Valenciana
apoyada por la Real Federación Española de Esgrima 
y el Consejo Superior de Deportes. 
Es un deporte que consiste en duelos entre 2  oponentes 
que siguen las normas de la práctica de este deporte 
desde el siglo 15 hasta el 20.

Para participar en este evento llama por teléfono al  965 39 98 80
o apúntate en persona en el Gimnasio Wellness de la Plaza Mayor.

Palabras difíciles
Esgrima es un deporte en el que se enfrentan 2 personas con una espada protegidas por una careta y un traje especial.
Gana quien antes consigue tocar con el arma al oponente 
un número de veces."
3707,LF,"Nuevas actividades por internet en Las Cigarreras 
 Habrá 3 actividades por internet en las Cigarreras.
 Las actividades son:
 El sábado 30 de mayo a las 7 y media de la tarde 
 será el teatro de improvisación Ilustradamente 
 donde alguien cuenta una historia en un lienzo en blanco.
 Podrás ver el teatro en el perfil de la red social Facebook de Cigarreras.
 Este sábado a las 8 y media de la tarde 
 será la película corta de David Valero titulada Scracht.
 Podrás verla en las redes sociales de Facebook y youtube de las Cigarreras.
 El domingo 31 de mayo a las 12 y media de la mañana 
 será la sesión de música llamada Sund Sounds.
 Podrás ver la sesión de música en el canal de Twicht de Juan Salas F-Style."
2124,LF,"La edición 4 del Skyline Benidorm Film Festival 
será por internet a través de la plataforma Filmin
La edición 4 del Skyline Benidorm Film Festival 
será por internet y podrás ver los 25 cortos 
de la Sección Oficial a través de la plataforma Filmin. 
El festival está adaptado por la pandemia.
Tras su aplazamiento hace 2 meses por la pandemia, 
la organización y la concejalía de Cultura deciden 
que el festival será del 1 de julio al 12 de julio.
La directora del festival explica que del 1 de julio al 12 de julio 
los usuarios registrados en Filmin podrán ver 
los 25 cortometrajes presentados al concurso.
Durante el festival habrá charlas y encuentros por internet 
con los directores y actores.
Apuntándote antes podrás participar en talleres por internet de doblaje 
y de realización de podcast de ficción. 
Habrá directos en Instagram con directores de otros certámenes 
y encuentros con productores 
que participaron en anteriores ediciones del festival, 
que contarán su experiencia en Benidorm y en el Skyline.
Como novedad en esta edición darán un premio valorado en 13 mil euros 
al que optan 11 proyectos finalistas, 
todos ellos en fase de desarrollo y pre-producción. 
Los responsables de estos proyectos deberán presentar sus obras 
en un encuentro por internet con un jurado técnico, 
que determinará cuál de ellos recibe los servicios del premio
para la producción del cortometraje.
"
888,LF,"El ayuntamiento de Elda organiza en los campos de futbol de la Sismat 
el campus experience de la fundación Real Madrid 
Podrán participar 100 de niños y niñas. 

 
En los campos de la sismat se hará el campus experience de la fundación real Madrid 
del 27 de junio al 1 de julio 

El alcalde de Elda, Rubén Alfaro, Ricardo Gallego, jugador retirado, 
el embajador de la fundación, Félix González, responsable de relaciones institucionales 
y el concejal de Deportes, Fernando Gómez anunciaron esta iniciativa. 

El campus experience ofrece a niños y niñas 
una experiencia de formación a través del fútbol 
y enseña el trabajo en equipo, la disciplina, 
la iniciativa, el respeto y el esfuerzo.

El campus, tendrá actividades la mitad del día 
y se trabajarán costumbres saludables y habilidades sociales. 
Participarán 100 chicos y chicas de 6 a 17 años. 
El horario será de 9 de la mañana a 1 de la tarde. 

El campus tendrá 80 plazas subvencionadas 
para niños y niñas empadronados en Elda. 
Los precios son 155 euros para los empadronados 
y 230 euros para los no empadronados,
También habrá plazas para niños y niñas en riesgo social. 
Las inscripciones se realizan en la página web https://campusexperiencermf.com/elda/.

Ricardo Gallego opina que el fútbol educativo es una forma buena 
para que los niños y las niñas pasen el tiempo libre. 
También pueden aprender, divertirse 
y practicar una actividad sana. 
Además, el campus es un lugar seguro 
para que la familia deje a sus hijos durante unas horas.

Técnicos del Real Madrid serán los profesores del campus. 
El director del campus experience será Rafael García Cortés 
que es un jugador retirado del Real Madrid. 
Los métodos para enseñar serán los mismos 
que se utilizan en Valdebebas. 
También se contratará personal de Elda 
para otras actividades del campus. 
Esto dará empleo en la ciudad donde se celebre el campus. 




 
"
2977,LF,"El alcalde de Alicante Luis Barcala visita a las 82 niñas 
que quieren ser la Bellea del Foc 2022 

El alcalde de Alicante Luis Barcala fue a ver el pasado sábado 
en una casa llamada Villa Ramona en San Juan 
a las 82 niñas que quieren ser la Bellea del Foc 2022. 
También estuvo en la visita el concejal de Fiestas Manuel Jiménez. 
Las niñas pasaron el día haciendo actividades con el jurado. 
Las recibió la presidenta de la Federació de Fogueres Toñi Martín-Zarco.

La elección de la Bellea del Foc Infantil 2022 y sus Damas de Honor 
será el viernes 18 de junio en la plaza de toros. 
El domingo 25 de julio en el Teatro Principal será la proclamación.

En junio las niñas tendrán un concierto el martes 
en el Auditorio de la Diputación Provincial. 
El domingo 6 serán recibidas por la Corporación Municipal 
en la Plaza de Armas del castillo de Santa Bárbara. 
El viernes 11 habrá una Gala de Candidatas en la plaza de toros. 
Los ensayos para el festival de elección serán 
del lunes 14 al miércoles 16 en la plaza de toros.

"
801,LF,"Conciertos tradicionales de Navidad

La concejala del Teatro Castelar Rosa Vidal
presentó los Conciertos de Navidad de la Coral de los Santos Patronos 
y la Orquesta de Cámara Ciudad de Elda.

Los conciertos son los días
10 de diciembre a las 8 de la tarde en la Parroquia de Santa Ana
y 17 de diciembre a las 8 de la tarde en el Teatro Castelar.

El concierto en el Teatro Castelar es gratis.
Pide tu entrada en la taquilla del teatro o en la página web de Servientradas.

Los 2 conciertos son iguales, pero en el concierto del 10 de diciembre
Sonsoles Chinchón lee el Anuncio de la Navidad.

Esta coral lleva 25 años cantando la Navidad, villancicos tradicionales
y otros estilos musicales.

Palabras difíciles:
Coral: coro, grupo de personas que se juntan para cantar."
857,LF,"Elda celebra la Noche del Deporte en el Teatro Castelar
Mañana se celebra la 10 Noche del Deporte Eldense en el Teatro Castelar. 
Acto de reconocimiento al esfuerzo y éxito de los deportistas
técnicos y directivos de Elda. 
El periodista José Enrique Gálvez presentará la gala.
En la gala actuarán el grupo de alumnos de Dance Center Elda 
y el grupo de break dance Carnales Squad.
La gala se emitirá en directo por Intercomarcal TV 
y por el Facebook del Ayuntamiento de Elda. 
El jurado está formado por personas de los medios de comunicación
de la ciudad y un miembro de la Concejalía de Deportes. 
Cada categoría tendrá 3 premiados.
Las categorías son deportista promesa masculino y femenino
mejor deportista femenina y masculino, mejor directivo o directiva
mejor entrenador o entrenadora y mejor club.
Zancadas sobre ruedas gana el premio al mejor proyecto 
que fomenta el deporte. 

"
755,LF,"Todo preparado para la bendición de animales 
el día de san Antón. 

 
Cada año se realizan bendiciones de animales 
con motivo de la celebración de san Antonio Abad, patrón de los animales. 

El próximo martes 17 de enero habrá bendiciones de mascotas 
en la iglesia de la Inmaculada a las 6 de la tarde. 
Habrá un carril de entrada y otro de salida 
para ordenar las entradas y salidas de personas con sus animales. 
La bendición la realizará por el párroco Manuel Martínez Rocamora. 
Después habrá una misa a las 7 y media de la tarde.

También el martes 17 de enero habrá bendiciones de animales a las 6 de la tarde 
en la iglesia parroquial del sagrado corazón de Jesús.
Este día se celebra 50 aniversario de la creación de la parroquia. 
El párroco Aurelio Ferrándiz realizará la bendición. 
Después habrá una misa a las 7 de la tarde.

La bendición de animales en la Mata se realizará el domingo 22 de enero 
después de la misa de las 9 y media de la mañana 
en la parroquia de nuestra señora del Rosario. 
Esta bendición la realizará el párroco José Manuel Poveda. 




 
"
2123,LF,"La Diputación de Alicante apoya el Festival de Teatro en Navidad
El Festival Teatro en Navidad, 
que organiza una vez al año la concejalía de Cultura 
del Ayuntamiento de Benidorm recibe el apoyo económico 
de la Diputación Provincia de Alicante, 
dentro de la convocatoria de subvenciones a entidades locales 
para hacer actividades culturales y escénicas. 
El festival 2019 recibe una subvención de 6 mil euros.
En la Plaza Sus Majestades los Reyes de España representan 
3 espectáculos teatrales: 
- 14 de diciembre estreno de con Tachán. Magia Kekoperfil 
a cargo de Saga Producciones 
- 21 de diciembre el musical Gerónimo Stilton. Enigma en el Prado 
a cargo de Saga Producciones
- 28 de diciembre Chef Nature con la compañía Markeliñe 
El l’Hort de Colon hicieron espectáculos de títeres
del 21 de diciembre al 29 de diciembre salvo los festivos.
"
1736,LF,"Abren las puertas del Ayuntamiento
al paso de la procesión de San Roque 
El martes 16 de agosto abrirán las puertas
del Edificio Barroco del Ayuntamiento de Alicante
al paso de la Procesión de San Roque copatrón de Alicante. 
12 costaleros llevarán a San Roque en cada turno.
Llevarán a San Roque a la entrada del Ayuntamiento
y será recibido por Luis Barcala alcalde de Alicante
y más personas del gobierno de Alicante. 

El alcalde saludará a San Roque que seguirán el recorrido
hasta la ermita del barrio de San Roque que es del siglo 16
donde terminará el recorrido.
La ermita de San Roque fue reconstruida en el siglo 19. 
Los acompañantes irán desde la ermita hasta la Plaza del Puente, 
calles Toledo, Carmen, Villavieja y Plaza del Ayuntamiento. 
Antes de empezar el recorrido habrá una misa del párroco Radu Gotor. 

La procesión llevará la bandera diseñada 
por Luis Barcala antes de ser alcalde. 
El grupo de danza llamado Cresol realizará bailes 
en la plaza del Puente, en el Ayuntamiento y en la plaza Abad Penalva. 
El saludo de San Roque 
y la Virgen del Remedio que es la Patrona de Alicante 
será en la Concatedral San Nicolás. 
Sonará la canción de Sant Roc del 2018 
interpretada por el grupo llamado El Cocó. 

El 13 de agosto empezaron las fiestas de San Roque 
con el pregón que dio Julio Calero 
que es comisario de la Policía Local en la Plaza del Puente. 
Julio Calero explicó la ilusión por recuperar las fiestas
después de 2 años. 
Contó anécdotas vividas en el barrio de San Roque 
cuando era niño y bajaba con los amigos desde Carolinas Bajas.
Las fiestas de San Roque están apuntadas
en la Federació de Festes Tradicionals d´Alacant dirigidas por Óscar Llopis. Otras fiestas son: el Porrate de San Antón, las Cruces de Mayo de Santa Cruz, Tabarca, San Gabriel y el Raval Roig. 
La semana número 1 de agosto presentaron todas las fiestas 
en la sede del Consell en Alicante. 
Presentaron las fiestas escritas en más de 600 folios
para obtener el título de Interés Turístico."
2486,LF,"Esta mañana presentan la historia 
de la Fábrica de Tabaco de Alicante 
llamada Las Cigarreras
La presentación de la historia de la Fábrica de Tabacos Las Cigarreras 
en la Casa de la Música recoge fotos y videos de la historia de Alicante.
En este trabajo participan 9 vecinos 
y como resultado consiguen un libro de fotos y un video.
Lucía Morate es la fotógrafa que participa en este trabajo. 

Puedes ver el libro y el documental en las siguientes páginas de internet:
Libro 
Documental 
Este trabajo pertenece a EDUSI 
que es la Estrategia de Desarrollo Urbano Sostenible Alicante 
en el Centro Cultural Las Cigarreras apoyado por el FEDER 
que es el Fondo Europeo de Desarrollo Regional 
en el Programa Operativo de Crecimiento Sostenible del 2014 al 2020.
Una manera de hacer Europa.
"
958,LF,"Agenda cultural municipal del 30 de marzo al 2 de abril

La semana santa es el evento importante del fin de semana en Alicante. 
Hay actos en barrios y parroquias, 
y las primeras procesiones se celebran el domingo de ramos. 
También este sábado a las 8 de la tarde los actores Fran Perea, David Castillo 
y Miguel Rellán presentan su obra retorno al hogar en el teatro principal. 
Este jueves, la directora de la fundación ELLIS Alicante, Nuria Oliver, 
da una charla sobre inteligencia artificial en espacio Séneca, 
con los periodistas Daniel Terol y Cristina Martínez.

La semana santa comienza.

Este viernes es el último día para disfrutar de los menús de cuaresma y las tapas cofrade 
que se han ofrecido en algunos bares de la ciudad 
desde el día 24 de febrero. 
El público puede votar la mejor tapa en las redes sociales 
o en la página web: https://jornadascuaresmaalicante.com/restaurantes-cofrade.php

Además, el viernes se celebran varios actos de semana santa en Alicante. 
A la 1 y media de la mañana, en la concatedral de san Nicolás, 
la cofradía divino amor ofrece la exaltación número 35 de la saeta y la mantilla. 
A las 7 y media de la tarde, en el embarcadero de las golondrinas, 
se realiza el desembarco y vía crucis 
organizado por la hermandad cristo del mar. 
A la misma hora, en la parroquia san Juan Bautista de Benalúa, 
se lee el pregón en un acto organizado por la cofradía piedad y caridad.

El sábado habrá 2 actos institucionales. 
A las 7 y media, la hermandad de la buena muerte en la concatedral de san Nicolás 
y a las 8 de la tarde, la Hermandad de Santa Cruz en la Ermita de Santa Cruz.

Y el Domingo de Ramos comienzan las primeras procesiones. 
Por la mañana, a las 11 y media, inician el recorrido desde la diputación, 
con llegada en la Plaza del Ayuntamiento 
y la Basílica de anta María, con llegada en la plaza de santa María. 
A las 12 y cuarto, la hermandad del santísimo cristo de las penas y santa mujer Verónica 
irá en procesión desde la basílica de santa María. 
Por la tarde, se realizan 4 recorridos. 
A las 6 de la tarde salen los pasos desde la basílica de santa María 
y la parroquia de San Blas. 
A las 6 y cuarto desde la parroquia de nuestra señora de la misericordia 
y a las 7 de la tarde desde el convento capuchinas.

Teatro en el principal y solidario. 

Este fin de semana el teatro principal presenta la obra retorno al hogar. 
Los actores que participan son Fran Perea, David Castillo y Miguel Rellán. 
La obra cuenta la historia de una familia con sus problemas de vida. 
La función es el sábado a las 8 de la tarde 
y las entradas están disponibles en la página web: https://entradas.instanticket.es/tprincipal/public/janto/main.php?Nivel=...

Además, el sábado a las 6 y media de la tarde en el salón de actos del colegio don Bosco, 
se realizará una obra de teatro musical de Chicago. 
Esta obra es solidaria. 
La agrupación deportiva y cultural de bomberos de Alicante 
y la ONG GEA están recogiendo dinero 
para los afectados por el terremoto de Siria y Turquía. 
La compañía takata teatro presentará 1-2-3 Jazz. 
Las entradas pueden comprarse por 8 euros 
en la escuela de danza Florida y en el centro Imaginalia.

Música en la ciudad

Albaladre y la parranda el portell de Castalla se presentará este viernes 
a las 7 y media de la tarde en el teatro principal. 
Forma parte del festival Alma Mediterránea, 
que celebra su edición número 4 este año. 
Será muestra de música latinoamericana, 
con un espectáculo intercultural 
que quiere conservar y reconocer la historia de los pueblos de américa. 
Entradas en la página web:
https://entradas.instanticket.es/tprincipal/public/janto/main.php?Nivel=...

También el viernes a las 6 y media de la tarde, los alumnos de viento madera 
del Conservatorio Superior de Música Óscar Esplá 
ofrecerán un concierto gratuito para todos los públicos 
en las cigarreras. 
Y el sábado a las 12 de la mañana, en las Cigarreras, 'Piano Day Alicante', 
ofrecerá propuestas artísticas, imaginativas 
y musicales relacionados con el piano.

Dentro de la programación de cultura en barrios, lumina ensemble y dúa de pel 
tocan música para los niños con el espectáculo Udnámekam: una historia mágica de la música. Representa la historia de la humanidad 
y las músicas del mundo. 
Las entradas son gratuitas y te puedes apuntar en la página web: https://www.eventbrite.es/e/entradas-lumina-ensemble-dua-de-pel-udnameka...

Charlas y exposiciones

Este jueves a las 7 de la tarde, en el espacio Séneca 
la directora de la fundación ELLIS Alicante, Nuria Oliver, 
da una charla sobre inteligencia artificial 
con los periodistas Daniel Terol y Cristina Martínez.

Las Cigarreras continúan ofreciendo sus exposiciones con 2 muestras. 
Photoalicante: Tiempo para celebrar es una exhibición de fotografías 
de varios autores. 
Y al azar, de Baltasa, al azar es un trabajo audiovisual del artista Rafael Guijarro.
Las 2 exposiciones pueden visitarse de forma gratuita 
de martes a sábado de 10 de la mañana a 9 y media de la noche.

El espacio Séneca continúa con la exposición Digital Art Alicante 2023, 
que presenta a 4 creativos digitales jóvenes 
y a 2 artistas famosos, seleccionados por Jorge Sebastián Lozano. 
"
3247,LF,"Exposición de Art Contemoarani en Las Cigarreras 
Este jueves el centro cultural Las Cigarreras inaugura 
la exposición Art Contemporani de la Generalitat 3 
que organiza el Consorci de Museus de la Comunitat Valenciana 
y que estará hasta febrero. 
La exposición tiene obras de la actualidad artística de la Comunidad Valenciana en la que exponen 22 artistas de los que 7 son de Alicante. 
El concejal de Cultura Antonio Manresa hará la inauguración 
junto con el director gerente del Consorci de Museus 
de la Comunitat Valenciana José Luis Pérez Pont 
a las 12 y media de la mañana.
La exposición es con entrada gratis.
En la exposición participan:
Pablo Bellot, licenciado en Bellas Artes en la Facultad de Altea de la Universidad Miguel Hernández 
Susana Guerrero, artista visual plástica especializada en escultura y grabado
Marla Jacarilla, de Alcoy ganadora del premio Embarrat IEI 2018
Aurelia Masanet
Luisa Pastor 
"
4439,LF,"Cultura organiza JugaNadal 
 para divertir a los niños en Navidad
 La concejalía de Cultura presenta JugaNadal
 que son unas actividades navideñas para niños y familias
 del 26 al 30 de diciembre. 
 En varias plazas de la ciudad y el parque Lo Morant habrá:
 juegos
 música
 talleres 
 y magia 
 La entrada es gratis.
 Fechas y lugares:
 Martes 26: Plaza del Sol
 Miércoles 27: Plaza de la Viña
 Jueves 28: Plaza de los Ángeles
 Viernes 29: Plaza de Castellón
 Sábado 30: Plaza Navarro Rodrigo
 Las actividades serán de 11 y media de la mañana 
 a 1 y media de la tarde."
1924,LF,"La concejalía de Cultura abre la convocatoria 
para participar en la revista Alborada
La concejalía de Cultura abre el plazo 
para poder participar en la revista Alborada. 
Todos los trabajos tienen que cumplir unas normas básicas.
Tema de las noticias:
Los trabajos tienen que ser nuevos y originales
las noticias hablarán de temas de Elda como tradiciones, 
costumbres, relatos y biografías.
Tamaño del texto:
Los textos sobre investigación o ensayo tienen que ser 
de 5 páginas máximo.
Las poesías máximo 30 versos.
Las creaciones literarias 3 páginas máximo.
Tipo de letra y tamaño:
Todos los textos tienen que estar escritos con el tipo de letra 
Arial tamaño 11 o Times New Roman tamaño 12 
y espacio entre líneas de 1 y medio.
Todos los textos tienen que ir acompañados de imágenes o fotografías.
Enviarán todos los textos al correo electrónico  
o  para cualquier duda llamar al teléfono 615 81 26 15 
y preguntar por Juan Vera Gil.
"
790,LF,"El Carnaval de Verano de Torrevieja se celebrará 
los días 15 y 16 de agosto
La concejala de Fiestas anuncia la programación 
del Carnaval de Verano de Torrevieja. 
Los actos muestran una pequeña parte de las fiestas de la ciudad. 
El lugar del evento es el recinto histórico de las Eras de la Sal 
los días 15 y 16 de agosto.
Las puertas del recinto se abrirán a las 7 y media de la tarde. 
Los espectáculos comenzarán a las 9 y media de la noche. 
La invitación al evento se puede conseguir 
en la taquilla del Teatro Municipal de forma gratuita. 
En el programa habrá actuaciones de comparsas, 
proyección de la película del último carnaval y otras actuaciones. 
Habrá una zona de puestos de comida con medidas sanitarias 
y realizarán una rifa para recaudar dinero para la asociación del carnaval. "
4482,LF,"2 actividades de animación a la lectura 
 La concejalía de Cultura propone 2 nuevas actividades de animación 
 a la lectura para público infantil y familiar 
 que será el viernes 17 de noviembre por la tarde. 
 Las 2 sesiones forman parte del programa de Animación a la lectura 
 que despliega Cultura a través de su departamento sociocultural, 
 con la colaboración de la red de bibliotecas del ayuntamiento. 
 Las actividades serán: 
 En el colegio de Bacarot a las 5 y media de la tarde 
 la compañía Teatralizarte escenificará 
 Chispita y Agustín descubren las emociones
 En la biblioteca municipal Florida Babel a las 6 y media de la tarde 
 la narradora Raquel López contará Cuentos con la luz apagada"
373,LF,"Cerca de 300 nadadores participan en la Oceanman Benidorm 
La Oceanman de Benidorm en una competición en aguas abiertas 
donde han participado cera de 300 nadadores. 
El l más rápido en la distancia de 1,5 y de 5 kilómetros es Miguel Bou  
que representará a España en la final mundial de Creta a finales de octubre. 
La carrera de 10 kilometros nadando empezó a las 8 de la mañana 
Los nadadores rodearon la isla de Benidorm y volvieron al punto de salida. 
El primero en llegar fue Iskander Sagarminaga.
"
1392,LF,"La Concejalía de Deportes anuncia 
que está abierta la zona deportiva de Molins, fase número 1        

El concejal de Deportes Luis Quesada anunció 
que abrirán la nueva zona deportiva de Molins, fase número 1. 
Esta zona tiene un campo de fútbol 7 de césped artificial, luces 
y valla alrededor del recinto. 

A partir de mañana las instalaciones de esta nueva zona deportiva de Molins 
estarán abiertas al público. 
Las gradas para 60 personas estarán construidas más adelante.

El día 1 de abril las instalaciones tendrán un conserje 
para atender al público, mantener la zona 
y abrir y cerrar las instalaciones. 

El horario de este recinto será:
los sábados de 9 de la mañana a 2 de la tarde 
y de 4 de la tarde a 8 de la tarde
los domingos de 9 de la mañana a 2 de la tarde 
y de lunes a viernes de 4 de la tarde a 10 de la noche

El concejal también dijo que ampliarán el horario 
durante las vacaciones de Semana Santa 
y será de lunes a viernes de 9 de la mañana a 2 de la tarde."
3911,LF,"Concierto con el que Aguas de Alicante celebra su 121 Aniversario 
 El alcalde de Alicante Luis Barcala va 
 con la vicealcaldesa Mari Carmen Sánchez 
 y el concejal Antonio Manresa al concierto 
 del Cuarteto de Cuerda de la a Orquesta Filarmónica 
 de la Universidad de Alicante con el que Aguas de Alicante celebra 
 su 121 Aniversario en el Teatro Principal. 
 El concierto está organizado por la Sociedad de Conciertos de Alicante 
 y la Universidad de Alicante y patrocinado por Hidraqu."
2223,LF,"Orihuela celebra el Día de los Museos 
con una semana de actividades 
La concejala de Cultura presentó la programación 
para celebrar el Día de los Museos 
que será desde mañana martes hasta el próximo domingo.
La Noche de los Museos es diferente este año por la pandemia, 
las actividades serán seguras 
y dentro de los museos controlarán las personas que entran.
En la Sala Museo Miguel Hernández a partir de mañana 
y hasta el domingo podrás ver expuesto el mecanoscrito 
del poema LA MORADA- amarilla, de Miguel Hernández, 
con firma del poeta y notas a lápiz de Ramón Sijé. 
En el Museo Arqueológico Comarcal estará expuesta estos días 
el monumento funerario llamado El Mausoleo 
y la obra de Nicolás de Bussy, conocida como La Diablesa.
En el Palacio Sorzano de Tejada, Museo Fundación Predera, 
inaugurarán este martes 2 exposiciones: 
El color de la mirada de Mavi Gómez 
Sueños y Realidad de Alejandro Caamaño
Durante el fin de semana habrá actuaciones musicales 
en el Museo de la Muralla y en el Palacio Sorzano de Tejada. 
Estas actuaciones musicales serán el sábado 22 de mayo 
de 10 de la mañana a 2 de la tarde y de 4 de la tarde a 9 de la noche 
y el domingo 23 de mayo de 10 de la mañana a 2 de la tarde.
En La Muralla, en la Casa Museo Miguel Hernández 
y en el Museo de la Reconquista habrá visitas teatralizadas 
con personajes relacionados con cada lugar. 
Estas visitas teatralizadas serán el sábado de 11 de la mañana a 1 de la tarde 
y de 6 de la tarde a 9 de la noche 
y el domingo de 11 de la mañana a 1 de la tarde.
La novedad es que de martes a viernes visitarán los museos
los alumnos de los colegios.
En el Museo al Aire Libre Murales de San Isidro habrá 2 rutas teatralizadas 
el sábado 22 y el domingo 23 de mayo a las 12 de la mañana. 
Puedes tener visitas guiadas personalizadas llamando antes 
al teléfono 672 21 90 71 o enviando un correo a .
Todas estas actividades son gratis 
y para poder disfrutar de ellas amplían el horario el viernes y el sábado 
hasta las 9 de la noche. 
"
3963,LF,"Este vienes en Panorama Las Cigarreras actuará Yass Kim Quartet
 Este vienes en Panorama Las Cigarreras actuará 
 Yass Kim Quartet que es una cantante de Alicante 
 de música americana como Jazz, Swing, Gospel y Soul.
 El concierto será gratis el vienes a las 9 de la noche
 en el Jardin Horizontal de Las Cigarreras."
1237,LF,"El 14 de marzo el ayuntamiento hará 5 minutos de silencio
en la Plaça de Baix
por la muerte del corredor Fernando Ayala Collado
en la Media Maratón de Elche 

El 14 de marzo a las 5 y media de la tarde
el Ayuntamiento de Elche hará 5 minutos de silencio en la plaça de Baix
por la muerte del corredor Fernando Ayala Collado en la Media Maratón.

El alcalde de Elche Carlos González
expresa su dolor y da el pésame a los familiares
por la muerte del corredor en la carrera.
El alcalde dijo que cuando el corredor cayó al suelo
los médicos y enfermeros fueron rápidos para atender al corredor
y lo llevaron al Hospital General de Elche.
En el hospital no se pudo salvar su vida y murió. 

El alcalde también dijo que la carrera fue con mucho calor 
pero dentro de lo normal 
y que están esperando los resultados de la causa de la muerte.

El alcalde informó que los médicos y enfermeros
atendieron a 3 corredores y al corredor que murió.
Los 3 corredores se recuperan en el hospital.
Durante esta mañana informarán
sobre cómo están los 3 corredores."
1550,LF,"El Ayuntamiento de Elda regalará para las Fiestas Mayores
4 mil cuerdas para colgar la mascarilla 

El Ayuntamiento de Elda a través de la Concejalía de Fiestas 
repartirá el 7 de septiembre 4 mil cuerdas para colgar la mascarilla 
para las Fiestas Mayores de la ciudad. 

Podrás recoger las cuerdas gratis en la Oficina de Turismo 
y en el Punto de Información del Quiosco de Sagasta.

Horario para coger la cuerda para colgar la mascarilla:

Oficina de Turismo Elda: 
martes 7 de septiembre 
y viernes 10 de septiembre 
de 9 de la mañana a 2 y media de la tarde.

Punto de Información de Plaza Sagasta: 
miércoles 8 de septiembre
y jueves 9 de septiembre
de 10 de la mañana a 1 de la tarde,
sábado 11 de septiembre y domingo 12 de septiembre 
de 11 de la mañana a 1 de la tarde.

También repartirán las cuerdas para colgar las mascarillas 
en los conciertos del primer Festival Por y Para Elda.
El concejal de Fiestas dijo que quisieron hacer este detalle 
para que todos los vecinos puedan usarlo 
y así desde el gobierno local conseguir que los vecinos 
cumplan las normas COVID
para poder tener unas fiestas seguras.
"
283,LF,"Las Fiestas de San Crispín arrancan con el pregón 
del Vicepresidente de AVECAL 
que es la Asociación Valenciana de Empresarios del Calzado
El alcalde de Elche, la concejala de Fiestas 
asociaciones de vecinos y empresarios 
con las comisiones de fiestas acuden en el Centro de Congresos 
al pregón de las Fiestas de San Crispín.
El Vicepresidente de AVECAL y empresario de Calzados Marian 
realizó el pregón. 
El alcalde destacó la importancia del sector del calzado en la ciudad 
y elogió a Calzados Marian como una empresa importante del sector 
fundada en el año 1974 y que se ha convertido en una marca reconocida
en España y en otros países. 
El empresario elogió a sus trabajadores y habló sobre la importancia 
de adaptarse al cambio. 
El presidente de la Comisión de San Crispín 
entregó una distinción al empresario. 
Los actos festivos continuarán en los próximos días. 

"
3647,LF,"Talleres por internet en Septiembre: 
 Piedra, Papel y Tijera Alicante 2020
 Descripción del Evento: 
 Piedra, Papel y Tijera Alicante 2020 ofrece talleres de arte por internet. 
 Son talleres para cualquier persona 
 y no necesitas saber de arte. 
 Fechas y Horarios:
 Inicio: 10 de septiembre
 Duración: 3 semanas, de jueves a sábado
 Horario: de 6 de la tarde a 8 de la tarde. 
 Algunas actividades serán de 11 de la mañana a 2 de la tarde
 Actividades y Talleres:
 Fotografía
 Performance: improvisar con el público
 Libro ilustrado
 Arte sonoro
 Conexión entre arte y ciencia
 Charlas con artistas como Salva Espin que es dibujante de Marvel 
 y Cristina de Midel que es fotógrafa de Magnum
 Mesa redonda moderada por Hablar en Arte
 Artistas Participantes:
 Javier Sáez, Premio Nacional de Ilustración
 Marta Pinilla, colaboradora con la Tate Modern 
 y The Royal Society of Science
 Miguel Ángel Tornero, Premio al mejor libro de arte editado 2014
 Isabel León, artista con trabajos en varios países
 Edu Comelles, ganador de la beca Leonardo del banco BBVA en 2017 
 en arte digital
 Programa Detallado:
 Jueves 10 de septiembre: 
 de 6 de la tarde a 8 de la tarde, presentación del proyecto y artistas
 Viernes 11 de septiembre: 
 de 6 de la tarde a 8 de la tarde, Javier Sáez y el libro ilustrado
 Sábado 12 de septiembre: 
 de 11 de la mañana a 2 de la tarde, Edu Comelles y sonido poliédrico
 Sábado 12 de septiembre: 
 de 6 de la tarde a 8 de la tarde, Salva Espin
 Jueves 17 de septiembre: 
 de 6 de la tarde a 8 de la tarde, Javier Sáez y el libro ilustrado
 Viernes 18 de septiembre: 
 de 6 de la tarde a 8 de la tarde, Miguel Ángel Tornero 
 e imagen contesta a imagen
 Sábado 19 de septiembre: 
 de 10 de la mañana a 2 de la tarde, Isabel León y performance
 Sábado 19 de septiembre: 
 de 6 de la tarde a 8 de la tarde, Mesa redonda con Hablar en Arte
 Viernes 25 de septiembre: 
 de 6 de la tarde a 8 de la tarde, Marta Pinilla y papel y acción
 Sábado 26 de septiembre: 
 de 11 de la mañana a 12 de la mañana, Miguel Ángel Tornero 
 e imagen contesta a imagen
 Sábado 26 de septiembre: 
 de 6 de la tarde a 8 de la tarde, Cristina de Midel
 Inscripciones:
 Gratuitas
 Enlace para apuntarte: www.piedrapapeltijera-alc.com
 Redes Sociales:
 Facebook: Piedra Papel Tijera Art Residency
 Instagram: @piedrapapeltijera_alc
 YouTube: Piedra Papel Tijera
 Objetivo del Proyecto: 
 Compartir con el público los procesos creativos de los artistas.
 Estos procesos pueden servir para el ámbito del arte y 
 a otros aspectos de la vida diaria y profesional.
 Colaboradores:
 Consorci de Museus de la Comunitat Valenciana
 Centro Cultural Cigarreras de Alicante
 Sede Universitaria Ciudad de Alicante
 Únete y descubre el mundo del arte contemporáneo desde tu hogar."
807,LF,"El Museo del Calzado celebra el año Coloma 
con una exposición de calzado y ropa

El Museo de Calzado de Elda celebra el año Coloma con una exposición
de ropa y calzado de los siglos 16 y 17.
En la exposición se puede ver todo el calzado y la ropa 
del momento más importante de la familia Coloma.
La ropa de esta época era elegante y de materiales delicados 
como la seda de la India 
y plumas exóticas de las Américas.
"
1803,LF,"Novedades para las personas con diversidad funcional
en la Media Maratón de Elche 

La Media Maratón de Elche tiene nuevas medidas 
para las personas con diversidad funcional 
física, intelectual y sensorial 
en la 49 edición del evento.

La carrera empieza el domingo 13 de marzo 
a las 10 de la mañana en la calle Diagonal del Palau. 

Ya hay 1600 personas apuntadas.

Las nuevas medidas son:
Premios especiales para los primeros puestos 
para personas con diversidad funcional
Lectura fácil
Las personas con diversidad funcional pagan la mitad del precio 
de la carrera
Intérpretes en lengua de signos
Pictogramas
Aseos adaptados
Zona de aparcamiento en Candalix cerca de la salida y de la meta
Los corredores con discapacidad sensorial visual 
pueden apuntarse con un acompañante que no paga
Las personas en silla de ruedas 
pueden empezar la carrera unos minutos antes  
hay un espacio para ellos en la meta

Este año no hay Divertimaratón para los niños 
por las medidas sanitarias de la pandemia.
"
23,LF,"La carrera Alicante SUP Open APP Tour de paddle surf 
empieza con 200 participantes

El paddle surf o SUP es un deporte que se practica de pie sobre una tabla de surf 
y el deportista utiliza un remo para moverse por el agua.
La carrera de paddle surf Alicante SUP Open APP Tour 
la organiza Daniel Parres que es campeón mundial de paddle SUP
y empezó este fin de semana 
en la playa del Postiguet de Alicante.
Esta es una carrera que hacen en todo el mundo. 
Es la primera vez que hacen la carrera en España
y aquí participaron 200 personas de más de 15 países.

Durante el fin de semana harán 2 pruebas 
y también habrá zona de ocio con música, 
actividades para niños y resto de personas, 
y otros eventos.

Puedes ver la carrera en directo 
con el atleta Travis Grant como comentarista.
Tienes más información y la programación del evento en este enlace: https://www.appworldtour.com/alicante-sup-open
"
2763,LF,"El ayuntamiento pagará más de 500 mil euros 
para renovar 3 campos de fútbol
El Ayuntamiento de Alicante contrata 
a la empresa Galitec Desarrollos Tecnológicos Sociedad Limitada 
para hacer las obras de renovación de los campos de fútbol de la Albufereta,
el Luis Gómez en Virgen del Remedio 
y Juan Antonio Samaranch en Gran Vía Sur. 
Las obras costarán más de 500 mil euros 
y la empresa tendrá 1 año para terminarlas. 
En los 3 campos de fútbol cambiarán el césped artificial. 
"
449,LF,"El alcalde recibió a las tunas 
que participan en el Certamen Internacional de Cuarentunas 
de este fin de semana

El alcalde de Benidorm Toni Pérez recibió a las tunas 
que participan en el Certamen Internacional de Cuarentunas 
este fin de semana en la ciudad. 
El evento fue en el Salón de Plenos del Ayuntamiento 
y estuvieron las reinas y damas de las Festes Majors Patronals. 
Cada tuna entregó un regalo a las reinas y damas de las Festes, 
y por la mañana les cantaron en la Plaza del Ayuntamiento. 

En el certamen participan varias tunas de España, Portugal y Holanda 
que desde ayer tocan y cantan en los locales de Benidorm. 

También puedes disfrutar de esta música hoy por la tarde 
en la Plaza de Los Reyes de España. 


Palabras difíciles
Tuna: grupo de personas vestidas de forma típica de su cultura que cantan y tocan canciones


"
1718,LF,"Reunión del alcalde de Alicante con el sector Turístico 
para preparar las Hogueras de 2023
El alcalde de Alicante tiene una primera reunión con los representantes 
de las asociaciones del sector del comercio, hostelería, hotelero y ocio.
La reunión es para hablar y pasar los informes para valorar el desarrollo 
de las celebraciones de las Hogueras de 2022. 
Van a tener más reuniones con el objetivo de preparar 
las Hogueras 2023 y añadir nuevas actividades para
mejorar la promoción de la ciudad y aumentar la llegada de visitantes 
y turistas a la ciudad.
"
4399,LF,"Edición 5 de los Encuentros Alicante FotoArte 
 La edición 5 de los Encuentros Alicante FotoArte acaba 
 de terminar su programa 2017 2018 después de celebrar:
 10 exposiciones de fotografía
 varias sesiones de proyecciones de colecciones de imágenes
 visitas guiadas a sus exposiciones 
 actuaciones musicales
 clases magistrales
 actuaciones musicales
 y más
 El colectivo artístico de 10 to 10 es el grupo organizador de estos encuentros 
 y su presidente Tomás Martínez López dice 
 que más de 12 mil personas disfrutaron de las propuestas 
 en los espacios de la ciudad.
 Las actividades fueron en: 
 Centro Municipal de las Artes
 Escuela de fotografía L ' Espai
 Sede Universitaria Ciudad de Alicante
 Club Información
 Arte en el Atellier
 Volta Arquitectura e Ingeniería
 los hoteles Amérigo y Abba
 restaurante Lumina 
 y café Ravi"
604,LF,"Orihuela prepara la Semana del Orgullo LGTBI
Las Concejalías de Cultura Juventud e Igualdad y LGTBI 
organizan la Semana del Orgullo en Orihuela.
Será del 25 al 30 de junio con actividades en diferentes puntos de la ciudad. 
Entre las actividades programadas está el Pregón del Orgullo 
que será en la Plaza de Toros junto una fiesta familiar.
El Desfile del Orgullo será el 30 de junio. 
Empezará en la Glorieta de Gabriel Miró finalizando en Plaza de Toros. 
El objetivo de la celebración es promover la tolerancia 
y el respeto a la diversidad y la libertad e igualdad de las personas. 
Habrá otras actividades como exposiciones, charlas
proyección de documentales y conferencia.
Otro evento importante es la Gala Solidaria Preide Night. 
La programación está disponible en la página web del ayuntamiento
y redes sociales. 
 "
2298,LF,"Termina la obra para mejorar las luces del Polideportivo La Murada
El alcalde de Orihuela junto con el concejal de Deporte visita 
el polideportivo de La Murada para ver terminada la obra de cambio de luces. 
Este polideportivo tenía un alumbrado antiguo que hacía difícil entrenar 
y hacer partidos. 
Están haciendo un gran esfuerzo para mejorar 
y recuperar todos los espacios deportivos de la ciudad 
y mejorar la vida de los vecinos. 
La obra del cambio de luces costó 58 mil euros. 
El alcalde informa que seguirán pidiendo ayudas para poder mejorar la ciudad. 
"
1424,LF,"El día 28 de abril habrá un Workshop titulado Creatividad y luz
de Iván de la Torre en el Palacio de la música

El día 28 de abril de 3 y media de la tarde a 8 y media de la tarde 
habrá un workshop titulado Creatividad y luz
que será una clase dada por Iván de la Torre
en la que enseñará a entender la luz y a fotografiar retratos.
Esta clase será en el Palacio de la Música
y realizarán fotografías con diferente luz.
Los asistentes podrán participar y trabajar unos con otros. 

Este taller es organizado por la concejalía de Cultura
del Ayuntamiento de Torrevieja, 
la Escuela Municipal de Fotografía 
y Kinafoto.
Será gratis hasta completar las plazas.

La Escuela Municipal de Fotografía inaugurará la exposición de fotos
y mostrará los trabajos de los alumnos
de la última excursión a la ciudad de Orihuela
 y representarán el nuevo recorrido del camino de Santiago
que sale de Torrevieja."
4359,LF,"Desfile de moda Artenblanc en La Lonja del Pescado
 
 Ayer por la noche fue el desfile de moda de Artenblanc 
 en La Lonja del Pescado de Alicante. 
 Las creaciones de los diseñadores de moda de Alicante, 
 Juan Vidal, Yvan Andreu, María Jesús Domingo 
 y Pedro Hidalgo fueron las más interesantes. 
 En el desfile sacaron más de 30 prendas de ropa. 
 La ropa del desfile era blanca.
 Artenblanc tiene un gran equipo de profesionales 
 que estuvieron en la Pasarela Cibeles 
 y en la Fashion Week de Nueva York 
 que son 2 de los desfiles de moda más importantes del mundo. 
 También visitan las aulas de las escuelas de diseño. 
 En Artenblanc colaboran:
 la dirección general de Cultura y Patrimonio de la Conselleria de Educación 
 Investigación, Cultura y Deporte de la Generalitat Valenciana
 Desde mañana y hasta el 2 de abril puedes visitar la exposición 
 con las prendas de ropa del desfile de ayer por la noche 
 en la sala B de la Lonja del Pescado."
2483,LF,"La segunda edición de Alicante Noir es del 21 al 25 de septiembre

La edición 2 de Alicante Noir será del 21 al 25 de septiembre 
en El Espacio Séneca.
Alicante Noir es un evento dedicado al género de ficción criminal.
El género de ficción criminal es sobre crímenes y justicia.

Este año el protagonista será el cine Noir o cine Negro.
Serán 5 días de actividades culturales con conferencias 
mesas redondas, exposiciones, proyecciones de películas 
encuentros con escritores y diferentes actividades.
En el evento hay el mismo número de escritores masculinos que femeninos.
Quieren ayudar a los jóvenes talentos de Alicante.
Hay invitados de todo tipo como escritores, editores, cineastas 
productores, libreros, guionistas, agentes, periodistas, inspectores 
y otras personas de la cultura.

El Ayuntamiento de Alicante y la Diputación de Alicante 
colaboran en este evento.

"
2991,LF,"El alcalde y la vicealcaldesa asisten a la Misa del Domingo

El encuentro de la Virgen de la Alegría y el Cristo Resucitado 
fue al terminar la Misa del Domingo de Pascua en la Catedral de San Nicolás. El Alcalde de Alicante y la Vicealcaldesa de Alicante fueron a la misa. 
En el momento del encuentro tocaron el Himno de España
sonaron las campanas y las voces del Coro de la Catedral.  "
286,LF,"Varios jóvenes de las Cofradías de Elche 
irán a Ceuta a participar en el Congreso Nacional 
de Jóvenes de Hermandades y Cofradías 

La Concejalía de Fiestas junto a la Junta Mayor de Cofradías y Hermandades 
y Juventud Cofrades apoyan a los 40 jóvenes que participarán 
en el Congreso Nacional de Jóvenes de Hermandades y Cofradías de Ceuta. 
El congreso será del 14 de octubre de 2022 al 16 de octubre de 2022. 

El objetivo es conocer y que conozcan las tradiciones y costumbres 
de otras ciudades y promocionar la Semana Santa de Elche.

 Los jóvenes participarán en charlas y actividades 
y estarán en un puesto para dar a conocer la ciudad de Elche 
y compartir las tradiciones. 

La Semana Santa de Elche es muy importante en la Comunidad Valenciana. 
El Ayuntamiento dará una ayuda para el transporte a Ceuta 
y esperan que esta experiencia haga que los jóvenes participen más 
en la Semana Santa.

"
2057,LF,"Balcones adornados en honor a los patronos de Benidorm.

La concejalía de Fiestas adorna los balcones 
en honor a los patronos de Benidorm
que son la Virgen del Sufragio y San Jaime.

Adornaron los balcones del ayuntamiento, 
los balcones de la Casa del Fester
y la parte de fuera de la parroquia de Sant Jaume y Santa Ana.

El ayuntamiento anima a los vecinos a adornar sus balcones
para que haya ambiente y alegría
porque las Fiestas Mayores Patronales están canceladas por la pandemia.
 

"
486,LF,"La auténtica Navidad está cerca de ti. 
Descúbrela en Orihuela. 

 
La calle San Pascual en Orihuela comenzó la celebración de la Navidad 
con el encendido de las luces navideñas 
y la inauguración de los belenes. 

El Coro Ginés Pérez de la Parra y la Banda del Conservatorio Municipal 
ofreció música en vivo. 
El Concejal de Festividades, Antonio Sánchez, habló sobre la importancia de la Navidad. 
También se leyó el cuento ganador del concurso, La estrella de Olivia, 
que fue escrito por Doha El khayati Touakih. 
El ballet de la escuela de danza de Ana Belén Navarro interpretó una adaptación de El Grinch. 

La alcaldesa, Carolina Gracia, anunció todos los eventos navideños 
que se celebrarán en la ciudad, la costa 
y las pedanías. 

También un sacerdote dio la bendición al Belén Municipal en la Plaza Nueva 
y se inauguró el Belén Napolitano en el Palacio Episcopal. 

Además, se presentó la ilustración de la campaña navideña, 
que fue creada por Rate Bas, un ilustrador de Orihuela. 
La ilustración muestra lugares importantes de Orihuela. 




 
"
230,LF,"Carnaval con música y disfraces en la Plaça de Baix. 

 
La Concejalía de Fiestas de Elche organizó una fiesta de Carnaval en la Plaça de Baix. 
Había actividades para todas las edades, 
incluyendo una fiesta infantil con hinchables 
y talleres de globoflexia, antifaces y pintacaras. 
También había una pasarela de disfraces para adultos y niños. 

El Alcalde, el Concejal de Deportes y la Reina con las Damas infantiles 
se encargaron de entregar de premios a los mejores disfraces. 
En total se repartieron 40 premios infantiles, 
10 premios para adultos 
y 15 premios para grupos. 

También se celebró un pasacalle 
desde el arco del Ayuntamiento hasta la Plaza de Baix 
Los participantes pudieron disfrutar, durante el recorrido 
de los caballos del ajedrez, 
del baile de máscaras venecianas, 
de los alegres bufones 
y los arlequines con zancos al ritmo de una batucada. 

Al final del día el DJ Salva puso música hasta la 1 de la madrugada. 




 
"
734,LF,"Arreglan la pista La Mosquitera en la Ciudad Deportiva

Diana Box Alonso la concejal de Deportes de Torrevieja
informa de las mejoras en La Mosquitera 
la pista exterior de la Ciudad Deportiva. 

Las mejoras son:
- suelo nuevo 
- muros más grandes para parar los balones
-  barandillas y mallas metálicas arregladas
- canastas y porterías nuevas 
- gradas pintadas
- pista marcada. 

Ahora la pista está perfecta para practicar baloncesto, fútbol sala, 
balonmano y minibalonmano."
1519,LF,"Elda celebra unos Sanfermines solidarios 

Elda celebrará el domingo 7 de julio a las 10 de la mañana 
los Sanfermines solidarios para ayudar a la asociación Asprodis.

La Falla Estación y el Ayuntamiento de Elda
hicieron posible esta celebración de la tradicional fiesta de Pamplona, 
que empieza desde la Plaza de la Constitución 
después de que las Falleras Mayores de la ciudad 
y de la Falla Estación lancen el cohete. 

Cuando el cohete suene un grupo de toros hinchables 
perseguirá a los corredores hasta llegar a la Plaza Castelar, 
donde podrán disfrutar de un refresco para recuperar fuerzas, 
todo para ayudar a la asociación Asprodis.

También venden camisetas blancas 
con el dibujo de estos Sanfermines solidarios por un precio de 5 euros 
y por 1 euros el mismo día de los Sanfermines podrán conseguir 
los pañuelos rojos.

La concejala de Fiestas dijo que desde el Gobierno 
apoyarán todas las iniciativas solidarias.

Puedes comprar las camisetas solidarias en:
- Cervecería Darakna
- Modas y Complementos No hay 2 sin 3 
- Local de la Falla Estación
- Centro de Asprodis


"
1400,LF,"En el Museo de Arte Sacro de Orihuela habrá visitas temáticas 

En el Museo de Arte Sacro los alumnos de prácticas 
harán una visita guiada del 27 de marzo al 8 de abril
por varias zonas históricos de Orihuela.

La concejala de Cultura explicó que Pasión por la tradición 
son visitas temáticas y talleres 
para conocer nuestro patrimonio histórico y cultural.

Las personas interesadas en hacer la vista 
pueden apuntarse en la web del museo 
o llamando al teléfono 673 42 56 81.

El conservador del Museo Diocesano de Arte Sacro 
explicó que los alumnos que hacen sus prácticas en el museo
se encargarán de guiar las visitas y los talleres. 
El objetivo de las visitas es enseñar las tradiciones y la Semana Santa 
de la ciudad.

El estudiante Jorge Molera explicó 
que harán visitas temáticas al claustro del Museo de Arte Sacro, 
donde está:
la exposición Sepultus est
la Catedral 
la iglesia de Santas Justa y Rufina
la iglesia de Santiago 
y el Santuario de Monserrate

También habrá talleres para niños y adultos 
donde harán broches con las típicas palmas de Domingo de Ramos 
y nazarenos. 
También habrá programaciones con las procesiones de Semana Santa."
544,LF,"El Teatro Circo Atanasio Díe Marín celebrará la Gala número 5 del Deporte y premios Fortius
El día 18 de noviembre, el Teatro Circo Atanasio Die Marín celebrará la  Gala número 5 del Deporte                                                                                             y entregarán los Premios Fortius  del Deporte de Orihuela.  Los premios reconocen los logros deportivos de las personas de Orihuela                                                          y destacan los valores positivos del deporte  como una fuente de vida saludable, esfuerzo y disciplina.
La alcaldesa, Carolina Gracia destacó que es importante reconocer el esfuerzo de las personas premiadas                                                                           y de manera especial la medallista olímpica Carolina Pascual  que recibirá un reconocimiento especial. 
Este año, por primera vez, se entregarán premios en categoría masculina y femenina en las disciplinas que compiten el sexo masculino y femenino.  Esto aumenta la igualdad y la visibilidad del deporte femenino.  También hay novedades como el premio a la trayectoria deportiva femenina ""Carolina Pascual"" y una beca de seguimiento de nutrición deportiva  para los mejores deportistas, deportistas con diversidad funcional y deportistas base.
Patricia Menárguez, concejala de Deportes, invitó a la comunidad a asistir a la gala y destacó el deseo de reconocer los logros deportivos                                                   de los atletas, organizaciones y personas relacionadas con el deporte."
2487,LF,"400 deportistas participarán en el campeonato de paddle surf 
llamado World SUP Festival Costa Blanca

Este viernes hasta el domingo empieza el campeonato internacional 
de paddle surf World SUP Festival Costa Blanca Turismo.

Alicante City&Beach, Alicante Sports Destination y la Diputación Provincial colaboran con el campeonato.
En este campeonato participan 400 deportistas de España y de otros países.
El campeonato será entre Santa Pola y la isla de Tabarca.

La vicealcaldesa y responsable del Patronato de Turismo destaca 
que el World SUP Festival Costa Blanca es conocido fuera de España 
y reúne grandes deportistas de paddle surf. 
La isla de Tabarca es conocida por estos deportes de agua 
y cada vez tiene más visitantes.

Daniel Parres deportista de Santa Pola 
es el organizador de este evento 
y hace un programa con actividades de deporte 
para las personas de todas las edades como
rutas para conocer Santa Pola y Tabarca, talleres, charlas, 
actuaciones de música, talleres de cocina y muchas más.

La competición empieza este viernes con una prueba de 200 metros 
del Campeonato de España de Sprint en aguas abiertas. 
El sábado será la carrera de la Liga Internacional del Eurotour 
en las modalidades Open de 7 kilómetros 
y Élite de 15 kilómetros. 
Y también harán las pruebas de canoa.
El domingo terminan con el Open International Technical Race 
que es una carrera de mil metros de distancia. 
El evento podrá verse gracias a las 8 cámaras, drones 
y a las personas que lo explican. 
La página de internet para poder verlo es:

También estará disponible en las redes sociales y en Youtube.
"
4486,LF,"El concejal de Cultura participa en la charla política 
 de la Fira Trovam! Pro Weekend 2017 en Castellón
 El concejal de Cultura del Ayuntamiento de Alicante participó 
 en la charla de política musical valenciana de la Feria Trovam!. 
 Es el acto profesional más importante de la música en el País Valenciano. 
 El objetivo es conocer la música valenciana y reunir a profesionales del sector."
1116,LF,"Alicante celebra la edición 27 de la Media Maratón 
y la Carrera 10k Aguas de Alicante

El domingo 19 de febrero será la edición 27
de la Media Maratón y la carrera 10 kilómetros Aguas de Alicante.
El evento está organizado por la Concejalía de Deportes.

El Ayuntamiento de Alicante amplia la seguridad 
y el control del tráfico con mucha Policía Local.

El evento empieza a las 9 y media de la mañana 
y se cree que terminara a las 12 y media de la mañana.

Para poder hacer la carrera con seguridad la Policía Local cortará
el tráfico de las calles por donde pasa la carrera 
y recomiendan coger el transporte público para acercarse 
al centro de la ciudad.

El sábado 18 a partir de las 10 de la noche estará prohibido 
aparcar el coche en las calles por donde pasa la carrera.
La Policía Local abrirá el tráfico cuando termine la carrera."
191,LF,"Inauguración de una calle en Torrellano 
en homenaje al campeón de boxeo Kiko Martínez

 
El campeón de Europa de boxeo en la categoría de peso pluma, Kiko Martínez, 
ha recibido un homenaje 
en la inauguración de una calle en su honor 
en Torrellano. 

En este acto, Kiko ha agradecido el apoyo de su familia y del Ayuntamiento 
en su carrera deportiva. 

El alcalde ha destacado la disciplina y la fuerza mental del Kiko Martínez 
y ha dicho que el boxeador es un ejemplo para la juventud. 

También se ha explicado que Kiko ha superado muchas dificultades 
para alcanzar el éxito. 

El acto ha terminado 
cuando todos han visto la placa de la calle dedicada a Kiko Martínez






 
"
2689,LF,"La concejalía de Deportes publica el proyecto 
Reglamento de Uso de las Instalaciones Deportivas Municipales

La concejalía de Deportes de Alicante hizo unas normas 
para usar las instalaciones deportivas de la ciudad. 
Puedes ver estas reglas en este enlace:


Si quieres puedes dar tu opinión sobre estas reglas. 
Tienes 20 días desde que las reglas estén en el tablón de anuncios 
y en la página web del Ayuntamiento. 
Puedes enviar tus opiniones por correo electrónico a: 
epc.deportes@alicante.es
"
3244,LF,"Alumnos de la Universidad de Alicante visitaron el Archivo Municipal 
El lunes 15 de noviembre 
la profesora de Historia de la Publicidad Lola Fernández 
de la Facultad de Publicidad de la Universidad de Alicante visitó 
con sus alumnos el Archivo Municipal. 
Allí consultaron diferentes documentos relacionados con sus estudios.
"
1222,LF,"La muestra de teatro Óscar Martín para institutos de Elche 
comienza el próximo 13 de junio en el gran teatro. 

 
La muestra de teatro amateur Óscar Martín se representará 
en el gran teatro del 13 al 24 de junio. 
El evento está organizado por las Concejalías de Juventud y Cultura 
y varios centros educativos. 
La entrada a estas obras será gratuita. 
Las entradas se consiguen a través de Instanticket.es 
o en la taquilla del gran teatro.

El 14 de junio el grupo ukumbi del IES Misteri d'Elx inaugurará esta muestra 
con las obras La Odisea un Viaje por las Itacas y en Busca del Rock. 

El 15 de junio, actuará el grupo Oráculo 
del instituto Cayetano Sempere con la apuesta. 

El 16 de junio, actuará fum teatre 
del IES las Carmelitas con Caliente, Caliente 

El 17 de junio actuará Somnis Teatre con los Caprichos del Destino.

El 18 de junio, actuará Peras al Olmo 
del IES Monserrat Roig con Nieve en Verano 

El 20 de junio actuará Saharateatrejove 
del IES Sixto Marco con El Sueño de una Noche de Verano. 

También el 21 de junio actuará el grupo Shoah 
del IES Tirant Lo Blanc con la manzana. 

Los días 22 y 23 de junio actuarán, el grup de teatre de la devesa school con triciclo 
y Quemarropa del IES Vicente Verdú con bodas de sangre. 

La associació siete glorias interpretará odio a Hamlet 
y virtuantes presentará modelo de madre para recortar y armar. 

La muestra terminará el 24 de junio 
con las bicicletas son para el verano interpretada por taules teatre. 




 
"
3896,LF,"Edición 3 del Festival de Producción y Música Electrónica 
 El concejal de Cultura Antonio Manresa va a la inauguración 
 del Festival de Producción y Música Electrónica 
 que estará hasta el 9 de noviembre en Las Cigarreras con ENSO2019 
 que son Encuentros Sonoros. 
 Es la edición 3 de los Encuentros Sonoros 
 con el objetivo de compartir experiencias, promover eventos 
 y hacer talleres entorno a la producción musical, la música electrónica, 
 el arte sonoro y más.
 Los asistentes disfrutaron de una charla 
 sobre los sellos discográficos dirigida por Thonnie Jhonnie. 
 Después de la charla la italiana Marta de Pascalis hizo un directo por internet 
 a las 8 y media de la tarde. 
 De Pascalis es una compositora italiana que vive y trabaja en Berlín. 
 El viernes 8 de noviembre a las 4 de la tarde Moira y Luix Bot darán 
 la clase titulada Destripando nuestro Live audiovisual
 para hablar sobre el proceso creativo desde la composición.
 Después Rubén Cuevas conocido como RdeRumba dará 
 la clase titulada El arte del sampler. 
 El sampler es tanto un instrumento como una técnica. 
 Una técnica que consiste en utilizar una muestra de sonido, 
 de una canción o de cualquier otro medio 
 y modificarla hasta conseguir un nuevo resultado. 
 Este recurso tan utilizado por toda la música 
 y producción musical contemporánea es según RdeRumba un arte, 
 no solo una herramienta. 
 El vienes 8 de noviembre a las 9 de la noche será la actuación
 de Moira y Luix Bot 
 y a las 10 de la noche RdeRumba pondrá música.
 El sábado 9 de noviembre será el último día de los Encuentros Sonoros 
 y el público aprenderá cómo construir un espectáculo audiovisual 
 con el artista llegado de Berlín Ain TheMachine.
 El sábado 9 de noviembre a las 9 de la noche Ain TheMachine
 pondrá música en directo. 
 A las 10 de la noche pondrá música Pedro Viñuela llamado Spoweck. 
 La fiesta final será a las 12 de la noche en LEVEL Club de Alicante.
 Todas las actividades de Encuentros Sonoros son gratis 
 y cuentan con la colaboración del Centro Cultural Las Cigarreras, 
 Consorci de Museus de la Comunitat Valenciana, 
 Consulado General de Italia en Barcelona y Metro Dance Club."
3926,LF,"Exposición DibujandRo miradas desde mi tableta 
 en el Centro Cultural Las Cigarreras
 Desde el 16 de octubre del 2019 hasta el 7 de enero del 2020 
 puedes visitar la exposición Dibujandro miradas desde mi tableta 
 de Alejandro Ybarra.
 Alejandro Ybarra vivió en varias ciudades de España 
 para acabar viviendo en Alicante y desarrollar aquí su carrera profesional 
 como artista y arquitecto. 
 Hace 10 años cambio el lápiz y los pinceles por la tableta digital
 y desde entonces crea composiciones, paisajes, personas y personajes. Gracias a la tableta digital consigue crear con más precisión, controlar el color 
 y el detalle y reproducir en papel sus obras en formato libre 
 o proyectarlas de forma digital. 
 La exposición muestra una serie de obras de su universo creativo creado 
 por paisajes concretos, personas anónimas, homenaje a personas olvidadas 
 y composiciones de objetos."
3618,LF,"El 17 de octubre Alicante celebrará Alicante Edusi Green Day 
 El concejal de Presidencia, Nuevas Tecnologías, 
 Innovación e Informática y director de la Oficina municipal de Captación 
 de Fondos Europeos Antonio Peral informa 
 que Alicante junto a Europa celebrará la Semana verde del año 2020.
 La celebración será el 17 de octubre con actividades relacionadas 
 con el medio ambiente.
 1 de los objetivos de Alicante EDUSI 
 que es la Estrategia de Desarrollo Urbano Sostenible e Integrado
 es el Green day que es el día verde para cambiar nuestra relación
 con la naturaleza y las actividades serán en el monte Tossal 
 y en el parque La Marjal.
 Habrá una visita al parque La Marjal y enseñaran las plantas 
 y la naturaleza de la zona. 
 El concejal dice que el Ayuntamiento de Alicante gasta 
 más de 4 millones de euros en arreglar el monte Tossal 
 que en el castillo de San Fernando.
 El concejal dice que el Ayuntamiento de Alicante es la primera vez 
 que participa en la semana verde de Europa. 
 La ciudad de Lugo y Ciudad Real también participarán 
 en la semana verde de Europa. 
 El alcalde de Alicante Luis Barcala presentará 
 el programa de Alicante EDUSI Green day a las 10 y media de la mañana 
 en el monte Tossal. 
 A las 4 y media de la tarde será la visita al parque La Marjal.
 
 El Ayuntamiento de Alicante iluminará el castillo de Santa Bárbara 
 con luces verdes para que toda la ciudad pueda verlo.
 En la presentación estaba el concejal Antonio Peral 
 y el concejal de Medio Ambiente y Gestión de residuos Manuel Villar y 
 el director de la Fundación Finnova 
 y de Green Startup Europe Accelerathon Juan Revuelta. 
 
 Programación de actividades por el Green day:
 A las 10 y media de la mañana será la presentación 
 y empezarán las actividades.
 Las personas que quieran participar en las actividades 
 pueden apuntarse en la página de internet del Ayuntamiento de Alicante para controlar las personas que asistirán como medida del Covid.
 A las 11 de la mañana será la actuación de los patinadores 
 en el skate park que es un parque de patinadores.
 Desde las 11 y media de la mañana hasta las 12 y media de la mañana harán un taller sobre el cuidado del medio ambiente.
 En estos talleres trabajarán el consumo de agua con responsabilidad 
 y creación de macetas con materiales reciclados.
 A las 5 de la tarde habrá visitas guiadas por el parque La Marjal.
 El concejal habla sobre los gastos utilizados para arreglar el monte Tossal 
 con el objetivo de tener una zona verde en la ciudad de Alicante 
 que antes estaba abandonada. 
 Los gastos fueron más de 4 millones de euros para el programa EDUSI 
 y FEDER que es el Fondo Europeo de Desarrollo Regional.
 Los gastos fueron para arreglar diferentes lugares de Alicante.
 Algunos de los arreglos fueron:
 Arreglar la rambla de los Castillos costó 600 mil euros. 
 Arreglar el Castillo por dentro y por fuera costó 
 más de 1 millón de euros.
 Arreglar el monte Tossal costó más de 1 millón de euros.
 Arreglar el skatepark del monte Tossal costó más de 400 mil euros.
 Reducir los gases que contaminan el medio ambiente 
 en la zona de Tossal costó 600 mil euros.
 La semana verde de la Unión de Europa del 2020 será del 19 al 22 de octubre. 
 La semana verde de la Unión de Europa trabajará para 
 que todas las personas sean responsables con el medio ambiente 
 y cuiden la naturaleza para recuperar el mundo después de la pandemia."
2481,LF,"Agenda Cultural Municipal del 10 al 16 de junio 
Hogueras 2022: 
El sábado 11 de junio a las 2 de la tarde 
la Pirotecnia Ferrández de Redován disparará la mascletá 
en la en el PAU 5. 
El domingo 12 de junio a las 2 de la tarde 
la Pirotecnia Reyes Martí disparará la mascletá 
en el barrio de Benalúa junto al parque Cortes Valencianas.
Este sábado a las 8 de la tarde vuelve el tradicional Desfile del Ninot 
con las comisiones de les Fogueres disfrazadas 
y llevando un ninot de su foguera.
Rock de Alicante en el Castillo de Santa Bárbara:
El sábado 11 de junio a las 12 y media de la mañana 
la banda Lullaby Road interpretará gratis canciones de rock en inglés.
El sábado a las 9 y media de la noche actuará el grupo Mediterráneo con canciones de Alicante de los años 80. 
Puedes comparar las entradas las entradas por 14 euros y 50 céntimos.
Noche de Jazz en el Teatro Principal:
The Latín Jazz tocará el viernes en el Teatro Principal 
a las 8 y media de la tarde. 
El precio de la entrada esta entre 10 euros y 20 euros.
Música exótica y teatro en Las Cigarreras:
Este viernes a las 9 y media de la noche habrá un concierto 
de L’Exotighost.
El sábado a las 8 de la tarde representarán la obra MIAU MIAU MIAU, Ganadora de la edición 4 de la Convocatoria de Autoría 
en Ultramar Valencia. 
Pintura del fin del mundo:
El viernes 10 de junio inauguran en Las Cigarreras 
la exposición llamada Fin del Mundo. 
Puedes ver la exposición de martes a viernes de 10 de la mañana 
a 9 y media de la noche hasta el 2 de septiembre.
"
3639,LF,"Atronador Fest 2020 
 Atronador Fest es un festival de ruido, música experimental 
 y sonidos avanzados.
 Este año es la edición 4 del Atronador Fest 
 que será en el Centro Cultural Las Cigarreras 
 el 25 y 26 de septiembre en la Caja Negra.
 Por la pandemia el festival será presencial 
 y por internet en el perfil Facebook de Las Cigarreras y Youtube
 Para ir presencialmente es necesario entrada que puedes conseguir en: 
 https:// atronadorfest.eventbrite.es 
 El festival será el viernes 25 de septiembre a las 7 de la tarde 
 y el sábado 26 de septiembre a las 5 y media de la tarde."
1739,LF,"El Ayuntamiento invita a disfrutar de las fiestas 
en el Barrio Obrero y en la partida de Fontcalent	

El alcalde de Alicante y la vicealcaldesa Mari Carmen Sánchez 
animaron a todos a disfrutar de las fiestas con seguridad 
después de 2 años de pandemia. 

El alcalde escuchó el pregón 
que leyó el concejal de Fiestas en el Barrio Obrero. 
En el pregón explicó que estas fiestas existen desde hace 95 años 
en honor a María Auxiliadora 
y agradeció el trabajo de Juan Antonio Javaloyes 
en la Federación de Asociaciones Festivas en Barrios y Partidas de Alicante. 

La vicealcaldesa fue la pregonera de las fiestas de la partida de Fontcalent, 
en honor a Santa Rosa de Lima. 
Animó a los ciudadanos a disfrutar de actividades 
como la Ofrenda, la procesión, la comida, el baile, 
los disfraces y los juegos tradicionales. 
Recordó el trabajo de la Federación de Asociaciones Festivas en Barrios 
y Partidas de Alicante y agradeció la ilusión por las fiestas 
a la Comisión de Fiestas Patronales y a las reinas."
3409,LF,"Cultura en Parques: Espectáculos Gratuitos al Aire Libre
 La concejalía de Cultura de Alicante organizó 
 el programa Cultura en Parques. 
 Este programa ofrece casi 20 espectáculos gratuitos 
 en 6 parques de la ciudad.
 Objetivo del Programa
 El concejal de Cultura Antonio Manresa explicó 
 que el objetivo es ofrecer espectáculos de calidad para:
 niños
 padres 
 y abuelos. 
 Además el programa ayuda a los artistas locales.
 Detalles de los Espectáculos
 Inicio: domingo 16 de mayo
 Primer evento: concierto ecológico en el parque Lo Morant
 Finalización: jueves 12 de agosto
 Último evento: Cuentos animalescos de Alberto Celdrán 
 en el parque Canalejas
 Medidas de Seguridad
 La entrada a los espectáculos es gratis
 pero seguirán todas las medidas de seguridad del Covid-19.
 Parques y Fechas de los Espectáculos
 El Palmeral: Barrio San Gabriel
 Lo Morant: Barrio Virgen del Remedio
 Monte Tossal: Barrio San Blas
 Canalejas: Zona centro
 Historiador Vicente Ramos: Playa de San Juan
 Ingeniero de Tranvías: Babel / Florida
 La concejalía de Cultura organiza los espectáculos 
 con dinero del Ayuntamiento y la Diputación Provincial
 gracias a un acuerdo. 
 Este acuerdo permite organizar festivales, exposiciones 
 y otras actividades culturales en Alicante.
 Antonio Manresa dijo que organizar actividades en diferentes barrios permite 
 que todos los ciudadanos disfruten de la cultura. 
 También recordó que el programa empezó en 1996 
 y tiene muchos seguidores 
 y su objetivo es continuar mejorándolo."
1918,LF,"El Ayuntamiento de Elda renueva el convenio de colaboración 
con la Fundación Paurides por 17 mil euros
El Ayuntamiento de Elda, a través de la concejalía de Cultura, 
aprueba la renovación del convenio de colaboración 
con la Fundación Paurides González Vidal 
con una subvención de 17 mil euros. 
El objetivo de la ayuda de dinero es para promocionar la lectura 
y el desarrollo de charlas, exposiciones y talleres.
La concejala de Cultura dice que la Fundación Paurides 
es una de las entidades de Elda que colabora con el ayuntamiento 
para hacer diferentes actividades.
La Fundación Paurides González Vidal es una de las entidades culturales 
más importantes de la ciudad. 
La Fundación Paurides González Vidal está en la calle Cardenal Cisneros 
y en su edificio hacen cursos, exposiciones, charlas, conciertos, 
conferencias y tienen una biblioteca pública.
"
3687,LF,"Festival de verano Brass Festival 2020
 La concejalía de Cultura y el Ayuntamiento de Alicante decide 
 seguir adelante con los conciertos de verano Summer Brass Festival 2020 
 y celebrar su edición 9 el fin de semana del 3, 4 y 5 de julio 
 en la Plaza del ayuntamiento. 
 Los 3 conciertos serán a las 9 de la noche con entrada gratis
 que deberán conseguir de forma electrónica en la plataforma Eventbrite 
 con el objetivo de controlar el aforo 
 y conseguir cumplir las medidas de seguridad 
 y evitar los contagios por coronavirus. 
 Además de los 3 conciertos programados habrá 2 mini conciertos 
 en la zona EDUSI en el Centro Cultural Las Cigarreras 
 para el sábado y domingo a las 8 de la tarde.
 Programación:
 Fecha: viernes 3 de julio
 Horario: a las 9 de la noche
 Concierto: colectivo Ensemble Brass Academy Alicante
 Lugar: Plaza del ayuntamiento
 Fecha: sábado 4 de julio
 Horario: a las 8 de la tarde
 Concierto: miniconcierto
 Lugar: Las Cigarreras
 Fecha: sábado 4 de julio
 Horario: a las 9 de la noche
 Concierto: Concierto Moggio
 Lugar: Plaza del ayuntamiento
 Fecha: domingo 5 de julio
 Horario: a las 8 de la tarde
 Concierto: miniconcierto
 Lugar: Plaza Quijote
 Fecha: domingo 5 de julio 
 Horario: a las 9 de la noche
 Concierto: agrupación Spanish Horns. Grupo de Trompas
 Lugar: Plaza del ayuntamiento"
4063,LF,"Reunión con 3 Asociaciones Gitanas de Alicante 
 El alcalde de Alicante Luis Barcala con el concejal Israel Cortés 
 hace una reunión por primera vez con representantes 
 de las 3 asociaciones gitanas de Alicante para ayudar 
 en los actos del Día Internacional del Pueblo Gitano que será el 8 de abril.
 La FAGA que es la Federación Autonómica de Asociaciones Gitanas, 
 la Fundación Secretariado Gitano y Arakerando presentan al alcalde 
 un documento con propuestas de actividades y talleres
 para hacer el 7 y 8 de abril.
 Durante la reunión acuerdan que la concejalía de Cultura 
 organice la programación con la participación de las 3 entidades gitanas. 
 El 8 de abril será un acto institucional en el ayuntamiento 
 para conmemorar el Día Internacional del Pueblo Gitano. 
 El 8 de abril recuerda el Primer Congreso Mundial romaní 
 celebrado en Londres en 1971, 
 donde hicieron la bandera y el himno gitano."
367,LF,"Benidorm recibirá a los pilotos y coches 
del Rallye La Nucía-Mediterráneo Trofeo Costa Blanca

Benidorm será la sede 
del Rallye La Nucía-Mediterráneo Trofeo Costa Blanca. 

Los pilotos y los coches se juntarán 
en la Plaza de los Reyes de España 
cuando terminen los primeros tramos de la carrera. 

El alcalde Toni Pérez y la concejala de Deportes Mariló Cebreros 
tuvieron una reunión con el presidente 
de la Asociación Interclubs de Automovilismo 
que es uno de los organizadores del evento. 

Este rallye puntúa por segundo año 
para el European Rally Trophy 
de la Federación Internacional del Automóvil.

"
2096,LF,"31 obras y 1 cartel sobre la violencia de género
Esta mañana abre para todas las personas 
la exposición sobre la eliminación de la violencia contra la mujer. 
Esta exposición es creada por el alumnado de segundo curso
de Bachillerato del instituto Pere Maria Orts i Bosch. 
Esta exposición es la edición número 4. 
La exposición por el 25 de noviembre 
que es el Día Internacional para la Eliminación de la Violencia contra la Mujer fue realiza más tarde por la pandemia.  

Ángela Zaragozí concejal de Igualdad, 
Jaime Jesús Pérez concejal de Cultura, 
Nacho Gascón director del instituto, 
Ginés Lloret coordinador del área de dibujo del instituto 
y algunos jóvenes que realizaron las obras recorren la exposición 
y comparten momentos vividos mientras realizaron las obras.  
El concejal de Igualdad dice que siente alegría al ver las 31 obras expuestas 
y un cartel para representar el día 25 de noviembre. 
El concejal de Igualdad destaca la implicación de los estudiantes 
que cada año presentan más obras.  
Entregarán un vale a cada alumno para 
que puedan imprimir su obra en un cartón pluma. 

La exposición pasará por institutos, colegios 
y centros para jóvenes de Benidorm. 

Algunos trabajos serán colgados por los distintos barrios de Benidorm 
para que las personas de Benidorm y los visitantes 
puedan ver los trabajos del alumnado del instituto Pere María. 
Para poder informar a todas las personas sobre lo importante 
que es la eliminación de la violencia de género, 
el ayuntamiento y el instituto pondrán a disposición estas obras 
para que más colegios e institutos puedan verlas. 
Con esta exposición terminan los actos organizados por el ayuntamiento 
para la celebración del 8 de marzo."
3357,LF,"Resultados del Taller Relato Sonoro de Carlos Izquierdo

En abril y mayo hicieron en Las Cigarreras 
un taller llamado: Relato sonoro de nuestra ciudad. 
Grabamos y juntamos sonidos de la ciudad 
para crear una historia sonora.

¿Qué hicieron en el taller?
Aprendieron sobre la importancia 
de los sonidos de nuestro entorno.
Identificaron y grabaron sonidos importantes de la ciudad.
Crearon composiciones con esos sonidos 
para describir la ciudad.

El taller fue dirigido el músico Carlos Izquierdo.

Puedes ver el resultado en esta página de internet: 


Este proyecto tuvo la ayuda económica 
del Fondo Europeo de Desarrollo Regional.

"
1073,LF,"Presidencia aprueba el reconocimiento a Pedro Ferrándiz 
y a la Policía Local como Hijos Predilectos de la Ciudad de Alicante
Presidencia y Régimen Interior decide dar 
el reconocimiento de Hijos Predilectos de la Ciudad de Alicante 
al entrenador de baloncesto Pedro Ferrándiz por su carrera profesional 
y a la Policía Local por cuidar de la seguridad ciudadana 
en los barrios de la ciudad y su trabajo durante la pandemia. 
El jueves 29 de septiembre se votará 
en el pleno del Ayuntamiento de Alicante esta propuesta.
El reconocimiento será una sesión de pleno extraordinaria. 
Se han presentado diferentes documentos que apoyan el trabajo 
del entrenador de baloncesto y de la Policía Local.
El texto presentado para la distinción del entrenador de baloncesto 
recoge su trayectoria profesional 
y todos los éxitos de su larga carrera profesional. 
En el caso de la Policía Local el texto recoge la importancia de la labor 
que hicieron durante la pandemia, su colaboración 
y el esfuerzo de los agentes por mantener el orden público 
y la seguridad de las personas. 
"
999,LF,"Más de 1 millón de deportistas de judo,
estarán este fin de semana en el campeonato de la copa de España en Alicante
Los días 11, 12 y 13 de marzo se realizará un campeonato
llamado Súper Copa de España de Judo Isabel Fernández
en el pabellón Municipal llamado Pitiu Rochel de Alicante.

Hay más de mil personas apuntadas
y se ha nombrado el número 2
con el premio Empren Sport Marca en 2020
como plan deportivo turístico.

Se espera que durante estos días de campeonato
vengan a Alicante unas 10 mil personas,
ya contamos con las más de mil personas apuntadas,
170 entrenadores, 35 árbitros y voluntarios.

José Luis Berenguer, concejal de deportes,
muestra mucho interés en este campeonato
porque participan personas jóvenes
y piensa que el deporte es importante
para conseguir un mejor futuro.  

Es un campeonato Internacional
y los participantes se clasificarán.

Los deportistas serán de: Italia, Bélgica, Portugal, Israel
y Finlandia.

Este campeonato cuenta con la ayuda de:
las Concejalías de Deportes y Turismo del Ayuntamiento de Alicante,
la Federación Valenciana de Judo, la Real Federación Española de Judo,
el Club Atlético Montemar, la Escuela de Judo Isabel,
la Diputación de Alicante y la Generalitat Valenciana.

En el campeonato participarán las categorías:
Cadete e Infantil, masculino y femenino.

Los cadetes participarán el sábado 12 a las 9 y media de la mañana. 
Los infantiles participarán el domingo 13 a las 9 y media de la mañana."
3524,LF,"El Patronato de Turismo presenta 
 la campaña de publicidad In Love Con Alicante
 El Patronato Municipal de Turismo y Playas presenta 
 la nueva campaña titulada In love Con Alicante. 
 La Generalitat Valenciana obliga por la pandemia a cerrar 
 las poblaciones de más de 50 mil habitantes los fines de semana y festivos. 
 La campaña enseña a los ciudadanos a hacer turismo dentro de su ciudad. 
 El ayuntamiento intenta que los ciudadanos disfruten de actividades 
 que ofrece la ciudad como visitar los museos y los refugios antiaéreos. 
 El Patronato de Turismo muestra en las redes sociales de Facebook 
 y en Instagram las nuevas ofertas de ocio en la ciudad de Alicante."
4379,LF,"Feria Lucentum Maker sobre nuevas tecnologías 
 La concejala de Cultura Gloria Vara anima 
 a recorrer este próximo fin de semana las instalaciones
 de la edición 2 de la Feria Lucentum Maker en el centro cultural Cigarreras.
 El Maker es aprender haciendo.
 La Asociación Maker Alicante organiza 
 para sábado y domingo diferentes actividades 
 con el fin de difundir avances en 2 campos tecnológicos.
 Esperan que en la feria participen muchas personas. 
 La Asociación Maker Alicante diseña un evento 
 que contará con instalación de puestos, conferencias 
 y talleres abiertos a todo tipo de públicos. 
 Las charlas de libre acceso serán en la Caja Negra de Cigarreras 
 y tratarán temas relacionados con el teatro robótico, 
 tecnologías avanzadas para los más pequeños, 
 herramientas de diseño o nuevas tecnologías.
 Para más información, 
 pueden consultar el sitio web de la Asociación Maker Alicante www.makeralc.org/lucentum-maker"
929,LF,"Comienza el rodaje de la película Road to Bethlehem 
en el Castillo Santa Bárbara de Alicante
El Castillo de Santa Bárbara en Alicante cierra al público la próxima semana para grabar la película musical “Road to Bethlehem. 
El cierre empezará el domingo a las 2 de la tarde 
y abrirá el sábado siguiente con un nuevo horario.  
El rodaje de la película a promocionar la ciudad como escenario
de grabaciones para películas nacionales e internacionales. 
Se espera un beneficio económico en alojamientos, comidas 
y otras necesidades que hayan en la grabación. 
"
4004,LF,"Semana Internacional de los Archivos
 El Archivo Municipal de Alicante celebra 
 el Día Internacional de los Archivos con días de acceso libre 
 del 4 al 7 de junio de 12 de la mañana a 1 de la tarde. 
 Durante estos días puedes visitar una exposición especial con carteles 
 y programas de partidos de fútbol de los años 20 y 30."
3893,LF,"El concejal de Cultura recibe a los alumnos 
 del primer congreso del Máster de Guitarra Clásica 
 El concejal de Cultura Antonio Manresa recibió 
 en el Salón Azul del ayuntamiento a los alumnos 
 del primer Congreso del Máster de Guitarra Clásica 
 de la Universidad de Alicante 
 que coincide con la edición 5 del Día de la Guitarra Española."
1407,LF,"El día 21 y 27 de abril serán las Jornadas Josefina Manresa
edición número 1 en La Lonja 

El 21 y 27 de abril serán las Jornadas Josefina Manresa número 1
en el auditorio La Lonja. 
La Concejalía de Cultura y la asociación Cultura y Mundo Rural
organizan esta actividad que pertenece 
al programa de la Primavera Hernandiana
que hace referencia al poeta español Miguel Hernández.

El 21 de abril a las 8 de la tarde será la conferencia
llamada Josefina Manresa la mujer mejor cantada de la literatura española
con Joan Pamies y participará Manuela García.

El 27 de abril a las 8 de la tarde habrá una charla
titulada Josefina Manresa y el legado de Miguel Hernández
y participarán:
Joan Pamies
María Jesús Escobedo
Mariano Abad
José Antonio Muñoz 
y Rafael Barrios

El 28 de abril será la representación llamada Calderón ¿enamorado?
en el Teatro Circo Atanasio Die Marín.

El 30 de abril a las 12 de la mañana recitarán poesías
en el patio de la Casa Museo Miguel Hernández
dirigido por el Centro Cultural de Almussafes.

El 6 de mayo a las 7 de la tarde Txus Amat recitará poesías con música 
titulado Vals de lo que a mí me duele con 20 poemas de José Luis Rico acompañados de música
en la Casa Museo Miguel Hernández."
2684,LF,"Alicante aprueba pagar 4 millones de euros de ayudas 
del Plan Resistir
El Ayuntamiento de Alicante aprueba en Junta de Gobierno 
pagar más de 4 millones de euros a 1759 personas autónomas 
y pequeñas empresas de hasta 10 trabajadores. 
El pago es la primera ayuda del Plan Resistir 
para ayudar a las empresas después de la pandemia. 
El ayuntamiento pagará las ayudas de entre 2 mil euros 
y 4 mil euros la próxima semana.
La Agencia Local de Desarrollo es la que ha gestionado las ayudas 
y publicará mañana en el tablón de anuncios de la web municipal www.alicante.es y en www.impulsalicante.es la lista 
de las empresas que recibirán la ayuda. 
Las empresas que no reciban la primera ayuda podrán entrar 
en las segundas ayudas del Pan Resistir de más de 5 millones de euros.
Las ayudas del Plan Resistir están financiadas por la Generalitat, 
Diputación de Alicante y Ayuntamiento de Alicante. 
"
4619,LF,"Inauguración de El Portalet en Alicante
 Inauguran El Portalet que es un palacio que está en la calle Labradores 
 junto al Archivo Municipal y tiene 5 plantas con camerinos, 
 sala noble, exposiciones temporales, salas polivalentes
 y una terraza con vistas al Casco Histórico de la Ciudad.
 El horario será:
 martes de 6 de la tarde a 8 de la tarde 
 de miércoles a sábados de 10 y media de la mañana a 2 de la tarde 
 y de 6 de la tarde a 9 de la noche 
 domingos y festivos de 10 y media de la mañana a 2 de la tarde 
 En la inauguración del palacio estuvo:
 La Consellera de Vivienda, Obras Públicas 
 y Vertebración del Territorio María José Salvador,
 el alcalde de Alicante Gabriel Echávarri
 y otras personas del ayuntamiento"
718,LF,"Final de las escuelas deportivas del curso 2021 y 2022

Mañana se celebra el final de las Escuelas Deportivas del curso 2021 y 2022 
en el Palacio de los Deportes Tavi y Carmona 
a las 6 de la tarde.

El Ayuntamiento de Torrevieja y la Concejalía de Deportes
dan las gracias a más de 2 mil alumnos
de las Escuelas Deportivas Municipales, 
centros educativos, asociaciones 
y equipos de la ciudad que fomentan el deporte. 

El alcalde de Torrevieja Eduardo Dolón, y otros representantes 
van a entregar diplomas y medallas
para premiar el esfuerzo de los jóvenes campeones.
En la celebración van a estar deportistas importantes de Torrevieja. 
"
2104,LF,"Programación Benidorm Christmas Dreams 
El ayuntamiento y Baltimore Producciones preparan
una programación de actividades Navideñas 
que empezará el 5 de diciembre.
Benidorm Christmas Dreams estará desde el 5 de diciembre
hasta el 3 de enero con actividades al aire libre 
en el auditorio Julio Iglesias del Parque de l’Aigüera 
y habrá que cumplir con las normas de seguridad.
Puedes comprar las entradas para los espectáculos
en la web www.entradas.com a un precio entre 2 euros 
y 10 euros en espectáculos infantiles. 
Los conciertos de la Unión Musical y la Societat Musical l’Illa serán gratis.
Programación Benidorm Christmas Dreams:
Actividad: Musical El lugar donde viven los Reyes Magos
Fecha: 5 de diciembre 
Horario: 12 de la mañana y 5 y media de la tarde
Actividad: Concert de Nadal de la Societat Musical L’illa de Benidorm 
Fecha: 6 de diciembre
Horario: 5 y media de tarde
Actividad: Canta la Navidad Paula Dalli con la Societat Musical La Nova de Benidorm
Fecha: 12 de diciembre 
Horario: 5 y media de la tarde 
Actividad: Concierto de Navidad de la Unión Musical De Benidorm 
Fecha: 13 de diciembre 
Horario: 12 de la mañana
Actividad: Concierto Andrés Suárez 
Fecha: 19 de diciembre
Horario: 8 de la tarde
Actividad: Cantajuegos 
Fecha: 20 de diciembre 
Horario: 12 de la mañana
Actividad: El espectáculo Navideño de la pandilla de Drilo 
Fecha: 23 de diciembre
Horario: 12 y media de la mañana
Actividad: Orquesta Sinfónica del Mediterráneo Viena en Benidorm 
Fecha: 26 de diciembre 
Horario: 12 de la mañana
Actividad: Quuenmanía 
Fecha: 27 de diciembre
Horario: 12 de la mañana 
Actividad: Puzzle Kids Ven a mi Fiesta de Navidad
Fecha: 29 de diciembre 
Horario: 5 y media de la tarde
Actividad: El Cascanueces 
Fecha: 30 de diciembre
Horario: 5 y media de la tarde
Actividad: Kids Rock Family
Fecha: 1 de enero
Horario: 12 y media de la mañana
Actividad: Varry Brava
Fecha: 2 de enero
Horario: 8 de la tarde
Actividad: Disnemanía y el Desván Mágico 
Fecha: 3 de enero
Horario: 12 de la mañana

"
517,LF,"Los Reyes Magos reciben la llave de la ciudad de Orihuela 
para dejar los regalos a los niños. 

 
Los Reyes Magos de oriente han visitado en Orihuela 
a la concejala de Festividades, Mariola Rocamora. 
Han llegado en camello después de recorrer las calles principales de la ciudad.
Iban acompañados de sus pajes 
y sonaba música. 

Rocamora les ha dado la bienvenida 
y les ha entregado las llaves de la ciudad 
en la glorieta Gabriel Miró. 

En este lugar, los niños han podido saludar a los reyes magos 
y entregar sus cartas. 

Rocamora ha agradecido a los reyes magos su viaje 
y espera que repartan regalos y magia durante la noche. 
También ha recordado que habrá una cabalgata esta tarde en Orihuela Costa 
y otra cabalgata en el centro de la ciudad, 
con horarios y recorridos diferentes. 




 
"
3172,LF,"El alcalde de Alicante y el concejal de Cultura 
revisan los trabajos de Jenkins-Romero

El alcalde Luis Barcala y el concejal de Cultura Antonio Manresa 
estuvieron en el Museo de Arte Contemporáneo de Alicante o MACA 
para ver las nuevas obras que dieron Michael Jenkins y Javier Romero 
desde Nueva York. 

Son 291 obras con piezas de artistas famosos como Andy Warhol, 
y muchas de ellas nuevas en España. 
La colección vale 2 millones de euros.

Los trabajadores del MACA trabajan para sacar las obras y documentarlas. 
La exposición al público empezará el próximo mes con unas 70 obras. 
La colección incluye artistas de todo el mundo 
y ofrece diferentes tipos de arte como:
pintura
escultura
fotografía"
2858,LF,"El alcalde de Alicante valora el disparo clásico y emocionante 
en la mascletá del barrio PAU 5

El alcalde de Alicante Luis Barcala dijo que le alegra mucho 
que disfrutáramos de las mascletàs clásicas
aunque la innovación está siendo más habituales 
en estos espectáculos de fuegos artificiales. 
También dijo que siente que las personas de Alicante están entusiasmadas 
con las Hogueras 
y esto se nota en el ambiente.

La vicealcaldesa describió el disparo como impresionante 
y dijo que es muy bueno volver a disfrutar de las mascletàs 
en diferentes partes de la ciudad
especialmente en zonas como la Playa de San Juan
donde muchos habitantes y visitantes pueden escuchar 
los sonidos típicos de la Fiesta.

Utilizaron casi 96 kilos de material explosivo.

Mañana domingo 12 de junio cerrarán el ciclo de mascletàs 
organizado por la Federación de las Hogueras de San Juan. 
El evento será a las 14 horas en la calle Médico Pedro Herrero.

Además esta tarde el alcalde y la vicealcaldesa tienen planeado ir 
al Desfile del Ninot que es un evento colorido y divertido 
que hacen antes de las Hogueras. 
Las diferentes comisiones de hogueras y barracas participan en este desfile, 
que recorrerá varias calles de la ciudad.

"
3274,LF,"Festival de Producción y Música Electrónica ENSO

El Festival ENSO de Producción y Música Electrónica 
será del 28 al 30 de octubre 
en el centro cultural Cigarreras de Alicante. 

Programa del Festival:

Jueves 28 de octubre:
6 de la tarde: Charla sobre la prensa musical electrónica en España.
9 de la noche: Concierto de Undo.

Viernes 29 de octubre:
De 4 de la tarde a 8 de la tarde: Okkre y Ed is Dead 
en la Sala Caja Negra.
De 9 de la noche a 11 de la noche: Conciertos en vivo de Okkre 
y Ed is Dead en la Sala Caja Negra.

Sábado 30 de octubre:
De 4 de la tarde a 8 de la tarde: Rare sessions con Annie Hall y Tutu 
en el Auditorio de la Casa de la Música.
De 4 de la tarde a 6 de la tarde: Masterclass con Huma 
en la Sala Caja Negra.
9 de la noche: Concierto en vivo de Huma en la Casa de la Música.
10 de la noche: Concierto de Esplendor Geométrico 
en la Casa de la Música.

Información Adicional:
Precio: gratis con invitación. 
Las invitaciones estarán disponibles en Evenbrite 
a partir de la primera semana de octubre.
Camisetas: ENSO hizo 100 camisetas con una entrada de regalo 
para asegurar el acceso.
El concejal de Cultura Antonio Manresa destacó la importancia 
del festival. 
ENSO es uno de los eventos más importantes de cultura y arte digital 
en la provincia que atrae a muchos amantes de la música.
También podrás ver el festival en directo por internet.
El Ayuntamiento, la concejalía de Cultura, Radio 3 RNE
y el Consorcio de Museos apoyan al festival."
926,LF,"Este fin de semana en Elche se celebra el Carnaval 
con una gran programación de actividades
Este fin de semana se celebra el Carnaval de Elche. 
Habrá una gran programación de actividades para todos los públicos. 
El viernes a las 9 de la noche en la Plaza del Carmen 
habrá pregón y música en directo. 
La fiesta finalizará a las 4 de la madrugada.
El Sábado Ramblero será el sábado 18 con actividades para niños y adultos. 
A las 5 de la tarde comienzan los talleres infantiles con pintacaras
máscaras de carnaval, photocall familiar y el espectáculo Marcha Pirata. 
El desfile saldrá de avenida Jaime II y finalizará en la Plaza del Carmen.
A las 8 de la tarde comienzan las actividades para adultos 
con música electrónica y la Mundial Orquesta Show. 
En la Rambla Méndez Núñez cortarán el tráfico todo el fin de semana. 
El sábado se reforzarán los servicios públicos de autobús de línea
y el servicio de limpieza. 
El domingo a las 9 y media de la mañana en el Muelle de Levante 
será la Media Maratón y 10K Aguas de Alicante.
La Banda Sinfónica Municipal actuará en el Festival de Bandas de Alicante. Durante el fin de semana se presentará el musical Ghost en el Teatro Principal y en el recibidor del teatro habrá representaciones de obras de teatro en inglés para niños. 
El fin de semana finalizan las exposiciones Somos ineludibles
¿Te está llegando? y Variaciones sobre la armonía.
"
155,LF,"Talleres de Palma Blanca en el Museo del Palmeral 
desde el 1 de diciembre de 2022 al 16 de mayo de 2023

El Taller de Palma Blanca 
será del 1 de diciembre de 2022 al 16 de mayo de 2023 
en el Museo del Palmeral 
con 2 niveles de clases: 

Iniciación 
de martes a viernes de 10 de la mañana a 1 de la tarde

Perfeccionamiento 
de martes a viernes de 5 de la tarde a 8 de la tarde

Los talleres quieren mantener la tradición de la palma blanca 
que está unida al Domingo de Ramos y al Palmeral. 
El Palmeral es Patrimonio de la Humanidad. 
En el taller las personas aprenderán técnicas 
para hacer las palmas y los ramos.
Todavía puedes apuntarte en la Concejalía de Cultura. 
"
4450,LF,"2 conciertos en la Caja Negra de Las Cigarreras 
 El sábado 16 de diciembre a las 12 de la mañana en Las Cigarreras 
 será el concierto de The New Raemon. 
 La entrada será gratis, 
 pero es preciso recoger la invitación que dan en las tiendas Movistar. 
 Movistar ya tiene cerrada la programación de diciembre 
 para este espacio con conciertos y proyecciones de películas. 
 Después de la actuación de The New Raemon el sábado 23 de diciembre podrás disfrutar del concierto familiar del grupo infantil Chimi Chuma 
 y el miércoles 27 de diciembre la proyección de la película Emoji. 
 A todos los eventos podrás acceder gratis 
 y funcionarán con la fórmula de recogida en entradas en las tiendas Movistar."
3870,LF,"Elaborantes es un programa 
 con sesiones de formación sobre cultura
 Esta semana sesiones de formación 
 con Arte sonoro y Ticketing.
 La formación es para artistas 
 y personas que trabajan en la dirección de eventos de cultura.
 El día 26 de noviembre: 
 La sesión de formación llamada arte sonoro 
 es realizada por José Luis Espejo. 
 El horario es de 4 y media de la tarde 
 a 7 y media de la tarde.
 
 El día 28 de noviembre:
 La sesión de formación llamada ticketing 
 es realizada por Vicente Martínez.
 El horario es de 4 y media de la tarde 
 a 7 y media de la tarde.
 Este proyecto forma parte de EDUSI 
 que es la Estrategia de Desarrollo Urbano Sostenible de Alicante 
 del Centro Cultural de las Cigarreras 
 con el FEDER que es el Fondo Europeo de Desarrollo Regional 
 en el Programa Operativo de Crecimiento Sostenible 
 del año 2014 al año 2020."
2320,LF,"Charla sobre la poetisa Clemencia Miró en el Espacio Séneca
        
El 27 de octubre celebraron una charla 
sobre Clemencia Miró Maignon en el Foro Espacio Séneca. 
Clemencia fue una poetisa que vivió en la misma época 
que las escritoras Carmen Conde y Ernestina de Champourcin.
Clemencia fue amante de la música y tocaba el piano y el violín.
El Foro Espacio Séneca es una actividad de la concejalía de Cultura 
con la colaboración del Archivo Municipal.

En la charla participaron Manuel Sánchez Monllor investigador 
y coleccionista, Laura Palomo Alepuz profesora 
e investigadora de la Universidad de Alicante 
y Susana Llorens Ortuño archivera municipal. 
También había imágenes desconocidas de esta poetisa, 
algunas de sus cartas y documentos familiares."
712,LF,"Los mejores equipos y jugadores participarán 
en la Sparta Cup de Hockey de Torrevieja

Jugadores profesionales de hockey de ligas del norte de América como la NHL 
y jugadores profesionales de Europa competirán 
contra deportistas jóvenes de España 
en el Torneo Internacional de Hockey en Línea Sparta Cup 
que empezará el 30 de junio y terminará el 3 de julio 
en el Palacio de Deportes Tavi y Carmona. 

Más de 45 equipos de 30 países participarán en el torneo
por ejemplo Las Vegas Golden Knight. 

El torneo tendrá más de cien partidos en diferentes categorías 
y habrá un acto de inauguración el 30 de junio. 

Los partidos se jugarán en 2 campos de Torrevieja. 


Palabras difíciles

Hockey: deporte en que 2 equipos compiten por meter una pelota pequeña en la portería 
con ayuda de un bastón largo."
4325,LF,"Ruta Senderista para personas mayores el 27 de abril 
 
 Los Centros Municipales de Mayores organizan ruta senderista 
 para personas mayores a Agres Pozos de Nieve, 
 para el 27 de abril de 2018.
 Puedes apuntarte desde el 17 de abril hasta el 20 de abril, 
 llamando al número de teléfono: 965 14 94 69, 
 en horario de lunes a viernes de 9 de la mañana a 12 de la mañana.
 El 24 de abril a las 9 y media de la mañana en la Casa de Socorro 
 habrá un sorteo entre las personas apuntadas y dirán quién puede ir.
 Ruta senderista: Agres pozos de nieve
 Fecha: 27 de abril del 2018
 Nivel: muy alto, hay desnivel y la distancia de la ruta es de 10 kilómetros.
 Salida: Plaza de Toros a las 8 y 50 de la mañana.
 Llegada: Plaza de Toros a las 6 de la tarde.
 Para participar en la excursión es necesario:
 calzado y ropa deportiva
 agua
 comida
 gorra
 gafas de sol
 protección solar
 DNI que es el Documento Nacional de Identidad
 tarjeta SIP que es la tarjeta sanitaria
 tarjeta de transporte"
3717,LF,"Día Internacional de los Museos 2020
 Alicante celebra por internet la edición número 8 
 del Día internacional de los museos el 18 de mayo.
 
 El ayuntamiento, la Diputación, Aguas de Alicante, la Universidad de Alicante 
 y el Museo The Ocean Race hacen por internet la edición número 8 
 del Día internacional de los museos por el Covid.
 La programación tiene muchas actividades por internet.
 En la programación participan:
 El MACA que es el Museo de Arte Contemporáneo de Alicante 
 El Centro Cultural las Cigarreras
 El MUSA que es el museo de Alicante
 La Sala de Exposiciones de la Lonja del Pescado
 El Museo de Belenes
 El Museo de Nueva Tabarca
 El MUBAG que es el Museo de Bellas Artes Gravina 
 El MARQ que es el Museo Arqueológico de Alicante
 El Instituto Juan Gil Albertel
 El Museo The Ocean Race
 El MUA que es el Museo de la Universidad de Alicante 
 El Museo de Aguas de Alicante
 La edición número 7 fue un éxito y esperan tener muchos participantes, 
 aunque sea por internet. 
 Desde el 1977 el ICOM que es el consejo internacional de museos organiza 
 el Día Internacional de los Museos.
 El objetivo de celebrar el Día internacional de los museos 
 es que todas las personas aprendan sobre cultura 
 y colaboren por la paz entre los pueblos. 
 Desde hace 40 años celebramos el Día internacional de los museos 
 con actividades que duran un día, 
 un fin de semana o una semana. 
 Cada año participan más museos en esta celebración.
 En la edición número 7 participaron 37 mil museos de 158 países. 
 El mensaje de esta edición es Museos por la igualdad: diversidad e inclusión. 
 Otras actividades para celebrar el Día de los museos 
 serán el 14 de noviembre con la Larga Noche de Museos 
 y el 16 de noviembre que es el 74 cumpleaños de ICOM."
3760,LF,"Los concejales Manuel Villar y Antonio Manresa 
 serán representantes en la Santa Faz 
 El Pleno del Ayuntamiento de Alicante aprueba nombrar 
 a los concejales Manuel Villar y Antonio Manresa 
 como concejales Síndicos en la Romería a Santa Faz
 que será el jueves 23 de abril. 
 Los Caballeros Custodios de la Reliquia son 
 Salvador de Lacy Pérez de los Cobos y Eleuterio Llorca Martínez.
 Este acuerdo será comunicado en los próximos días 
 al Cabildo de la Concatedral de San Nicolás, 
 al obispo de Orihuela Alicante Jesús Murgui 
 y a la Reverenda Madre Abadesa del Monasterio de Santa Faz.
 Manuel Villar será el encargado de abrir, 
 con las 2 llaves que están en posesión del ayuntamiento, 
 la hornacina situada en el camarín donde guarna la Santa Faz."
75,LF,"Agenda cultural municipal del 25 al 27 de noviembre

Este fin de semana habrá varias actividades culturales en Alicante: 
La edición de la Estación Mahou número 3 en el Espacio Séneca 
con actividades como talleres, exposiciones, 
creaciones artísticas en directo y conciertos, 
el sábado a partir de las 12 de la mañana. 

El Festival Bello Público en Las Cigarreras 
tendrá conciertos, viernes y sábado 
a las 8 y media de la tarde 
y encuentros relacionados con la poesía y otras disciplinas artísticas. 

Los Pozos de Garrigós presentarán un recital de poesía 
sobre el agua y el medio ambiente
 el sábado 26 de 12 de la mañana a 2 de la tarde. 
También se hará la jornada Mi mascota, mi familia 
en el parque de la Antigua Cochera de Tranvías 
con talleres infantiles y charlas sobre el cuidado de mascotas 
el domingo de 11 de la mañana a 2 de la tarde. 

La Carrera Popular de Papá Noel La Florida número 5 
Será el domingo 27 a las 10 de la mañana
además de la actividad Domingos en familia 
que contará con una actuación de magia 
el domingo en la Plaza Séneca a las 12 de la mañana. 

Las Cigarreras tendrán sus últimas exposiciones 
Pan y Circo y Art Contemporani de la Generalitat Valenciana número 4.
Y la exposición El ponent la mou, el llevant la plou del colectivo Las Mediocre.

Este viernes a las 8 de la tarde en la Catedral de San Nicolás
se ofrecerá una representación en directo de música sacra 
de la Coral Tabaquera Alicantina y el Orfeón Cantábile.

 El sábado a las 12 de la mañana en Casa de la Música de Las Cigarreras 
la Agrupación Musical y la Sociedad Cultural Deportiva Carolinas
darán un concierto.

El domingo La Banda Sinfónica Municipal actuará en el ADDA 
junto con el Coro del Teatro Principal a las 7 de la tarde 
para estrenar de nuevo del Himno Bellea de Luis Torregrosa. 
La entrada a todos los conciertos es gratis.
"
4538,LF,"Exposición de arte en la Sala de La Lonja
 El 29 de septiembre inauguraron una nueva exposición de arte 
 en la sala A de la Lonja del Pescado. 
 El tema de la exposición es de la migración en la historia.
 Personas dejan de vivir en su país de nacimiento 
 y comienzan a vivir en otro país. 
 La exposición es una reflexión y denuncia del tema. 
 La exposición termina el 26 de noviembre. 
 El horario es de martes a viernes de 9 de la mañana a 2 de la tarde 
 y de 4 de la tarde a 9 y 45 de la noche. 
 Sábado de 10 de la mañana a 2 de la tarde. 
 Domingo y festivos de 10 de la mañana a las 2 de la tarde. 
 Lunes cerrado."
889,LF,"El concejal de Deporte presenta la Escuela Municipal 
de Verano 2022
El concejal presenta la Escuela Municipal de Verano y explica
 que la escuela tendrá 2 turnos del 27 de junio al 12 de julio
 y del 13 de julio al 29 de julio.
Habrá 600 plazas para los niños nacidos entre 2006 al 2018.
En la Escuela se harán actividades deportivas y creativas 
y todos los niños que tengan de 8 a 12 años podrán hacer las actividades
de la Escuela en inglés.
El Ayuntamiento ayudara a las familias con dinero 
para poder pagar la Escuela 
y reservara plazas gratuitas para las familias con menos dinero.
"
2242,LF,"Orihuela hace una inversión durante la pandemia 
para mejorar los espacios culturales 
La concejalía de Cultura invierte este año más de 300 mil euros 
en arreglar y mejorar los espacios culturales municipales. 
Inversiones:
en el Teatro Circo Atanasio Die es donde más han invertido
 con un total de 190 mil euros aproximadamente. 
en la Casa Museo Miguel Hernández invirtieron 58 mil euros.
en el Museo de la Reconquista de Orihuela invirtieron 
más de 15 mil euros para renovar la imagen. 
en el Centro de Recepción de visitantes 
del Rincón Hernandiano invirtieron 12 mil euros en trabajos 
de carpintería, pintura, sistema de calefacción 
e instalación de un nebulizador.
en el Museo de la Muralla invirtieron casi 9 mil euros.
en la Biblioteca Municipal María Moliner Algo invirtieron 
más de 12 mil euros.
en el Museo Arqueológico San Juan de Dios invirtieron 
más de 4 mil euros.
en la Sala de Exposiciones Miguel Hernández invirtieron 
más de 8 mil euros.
en el Centro Cultural La Lonja invirtieron 
casi 4 mil euros en trabajos de reparación y acondicionamiento. 
en el Museo del Belén invirtieron casi 4 mil euros 
en trabajos de pintura e iluminación 
y en la instalación de un nuevo sistema de seguridad. 
en el edificio municipal de la Fundación Cultural Miguel Hernández invirtieron casi 3 mil euros en reparaciones y mantenimiento.
en el Palacio Sorzano de Tejada invirtieron más de 2 mil euros 
en trabajos de iluminación y pintura.
La concejala de Cultura dice que desde la concejalía de Cultura 
no perdieron ni un segundo de trabajo 
y aprovecharon la pandemia para invertir. 
"
239,LF,"Vuelve la romería de San Antón

El Alcalde, la concejala de Fiestas de Elche y el equipo de gobierno 
participaron en la romería del patrón de los animales 
en el barrio de San Antón. 
Esta fiesta se suspendió durante 2 años por la pandemia
pero este año han ido muchas personas 
y el Ayuntamiento repartió más o menos 2 mil 500 raciones de coca y bebidas. 

Después de la romería los trabajadores del Ayuntamiento 
visitaron las carpas de los Moros y Cristianos 
y las de los vecinos y comisiones de fiestas. 
Los actos terminarán con una traca de petardos en la calle Sinoga. 

El alcalde y la concejala destacaron 
que participaron muchas personas en la fiesta 
y que estaban muy contentos de recuperar esta tradición."
497,LF,"La lonja acogió la recepción institucional de cargos festeros 

 
En La Lonja de Orihuela se celebró la recepción institucional de cargos festeros 
para celebrar estos nombramientos 
en las fiestas de la reconquista y de moros y cristianos 2022. 

El vicealcalde José Aix, el Concejal de festividades Antonio Sánchez, 
el presidente de la Asociación de Moros y Cristianos Pepe Vegara, 
y el síndico portador Pepe Ruiz recibieron a los cargos festeros y abanderados de las comparsas. 

Durante el evento, se destacó la ilusión por las próximas fiestas 
y se dio las gracias a los festeros. 

El vicealcalde, José Aix, cerró el acto hablando de la importancia de este año 
y del regreso de las tradiciones festivas a Orihuela 
después de 2 años de pandemia. 




 
"
862,LF,"Los ciudadanos de Elda podrán votar el nombre 
de la mascota de la San Silvestre 

La carrera número 40 de la San Silvestre Eldense tendrá una nueva mascota 
y los ciudadanos de Elda elegirán su nombre. 

El concejal de Deportes Fernando Gómez presentó la mascota 
en el Mercado Central mientras la gente podía apuntarse a la carrera. 

La mascota es una cabra que representa los valores del deporte 
como la fuerza, la agilidad, el equilibrio y ser bueno. 

Las opciones para elegir el nombre de la mascota son:
Sansil, Silvestrina, Bolonita y Elderica. 
Las personas podrán votar el nombre preferido en las redes sociales. 

La mascota estará en la carrera ayudando 
a los participantes en los estiramientos 
y animando en la línea de meta.

"
3676,LF,"Concierto de la Banda Sinfónica Municipal en agradecimiento 
 a los Cuerpos y Fuerzas de Seguridad del Estado
 Esta tarde en la Plaza del ayuntamiento fue el concierto 
 de la Banda Sinfónica Municipal en agradecimiento 
 a los Cuerpos y Fuerzas de Seguridad del Estado 
 por sus servicios durante la pandemia. 
 El concejal de Cultura Antonio Manresa presentó el acto. 
 El concejal de Cultura recordó la heroicidad científica 
 del médico militar de Alicante Francisco Javier Balmis
 que en 1803 salió de España para difundir la vacuna contra la viruela 
 por América y Filipinas.
 El concierto fue dirigido por José Vicente Díaz Alcaina.
 Este concierto en homenaje a los Cuerpos y Fuerzas de Seguridad 
 y al Ejército es el segundo de una serie de 3 conciertos
 que el Ayuntamiento de Alicante y la Banda Sinfónica Municipal dedican 
 a las víctimas de la pandemia y a las personas que trabajaron contra el covid. El próximo concierto será el jueves 16."
3540,LF,"El corazón de la Navidad
 La ganadora del sorteo de la escultura en forma de corazón 
 del artista dEmo es Almudena Requena Morcillo. 
 Las creaciones del artista de Toledo son un encanto 
 para las personas que pasean por la ciudad. 
 Las obras son un helado creado para exponer en la ciudad 
 y una gominola en forma de oso."
655,LF,"Concierto de flauta y piano

Concierto de flauta y piano en el Palacio de la Música
el día 19 de noviembre a las 8 de la tarde.

Para ver la información y todo el programa
tienes que abrir el archivo adjunto haciendo clic.

Palabras difíciles:
Archivo adjunto: es un documento que hay junto al mensaje o noticia.
Haces clic con el ratón y se abre."
4102,LF,"Programación de 3 meses en Las Cigarreras 
 Programación de 3 meses en Las Cigarreras: 
 La exposición La disuasión: la marea y el límite 
 que es un proyecto de Rosell Meseguer comisariado 
 por Fernando Gómez de la Cuesta estará hasta el 17 de enero. 
 La exposición fotográfica de Pilar Citoler estará en marzo.
 Abrirán la convocatoria Buitblanc de proyectos expositivos 
 para la Caja Blanca. 
 Vuelven las Sesiones Movistar+ con actuaciones musicales 
 y proyecciones de películas y organizan los ciclos de profesores
 y alumnos del Conservatorio Superior de Música Oscar Esplá,
  el segundo Festival Blues Alicante, 
 talleres en espacio Maker de las Cigarreras y el Festival Artfura. 
 La Banda Sinfónica Municipal programa de nuevo 
 los conciertos escolares y audiciones didácticas 
 para institutos y público en general. 
 Puedes apuntarte gratis en el Centro Municipal de las Artes 
 o llamando al 965 208 519."
2710,LF,"Subvenciones a Deportistas de Cheste en el año 2020

La concejalía de Deportes informa sobre el reparto definitivo 
de las Subvenciones a Deportistas de Cheste en el año 2020.

La concejalía de Deportes de Alicante pública el resultado
de las ayudas económicas a deportistas del municipio de Alicante 
que estudiaron en el Centro de Tecnificación Deportiva de Cheste de Valencia durante la temporada 2018 y 2019. 

El objetivo de las subvenciones es ayudar a pagar los gastos
de desplazamiento de los deportistas al centro de tecnificación.

Puedes ver más información en este enlace: 
 
"
1893,LF,"La concejalía de Cultura organiza la edición número 4 
del Taller de Escritura Creativa 
sobre la narrativa de ficción	

La concejalía de Cultura organiza la edición número 4 
del Taller de Escritura Creativa sobre las narraciones de ficción. 
Las narraciones de ficción son novelas de personajes imaginarios. 
La concejala de Cultura y el profesor de la Universidad de Alicante 
explicaron el taller. 

El taller será del 23 de febrero al 11 de mayo. 
Serán 12 sesiones de 90 minutos, 
de 8 de la tarde a 9 y media de la noche. 
El taller tendrá 18 horas. 
El curso será en la Sala Polivalente 
de la Biblioteca Municipal Alberto Navarro. 
Pero está preparada la opción online del curso 
por si la situación sanitaria empeora. 
El profesor de la Universidad de Alicante será el profesor de este curso.

La concejala de Cultura dijo que organizaron este taller 
para dar importancia a la cultura y animar a las personas a la leer. 

El profesor de la Universidad explicó que este taller 
es para personas a las que les guste escribir. 
El objetivo es que cada alumno escriba una narración de ficción 
creando los personajes, el argumento y el final de una novela.

El plazo para apuntarte al Taller de Escritura Creativa 
Empieza mañana viernes y la dirección de correo electrónico 
donde hay que enviar el correo es . 
Habrá que escribir nombre, apellidos y teléfono de contacto."
1413,LF,"Torrevieja celebra la edición 15 de la Feria del Libro 
del 1 de abril al 10 de abril 

La edición 15 de la Feria del Libro de Torrevieja 
será en el Paseo Vista Alegre 
del sábado 1 de abril al domingo 9 de abril. 

Horario: 
lunes, martes y miércoles 
de 10 y media de la mañana a 2 de la tarde 
y de 5 y media de la tarde a 10 de la noche
jueves, viernes, sábado y domingo 
de 10 y media de la mañana a 2 y media de la tarde 
y de 5 y media de la tarde a 11 de la noche

Habrá 8 casetas de librerías y 1 carpa para actividades.
Las personas que compren un libro entrarán en el sorteo 
de un lote de libros. 
Destaca la firma de libros del escritor Santiago Posteguillo 
el sábado 1 de abril a las 12 y media de la mañana. 

Programa de la Feria del Libro de Torrevieja 2023

Sábado 1 de abril
12 de la mañana: inauguración de la Feria del Libro
12 y media de la mañana: charla y firma de libros Santiago Posteguillo
Todo el día habrá firma de libros Caseta Alas de Papel

Domingo 2 de abril
12 de la mañana: fiesta de Mr. Bunny el conejito de Pascua
5 y media de la tarde: firma de libros en la Caseta Papelería Torrevieja
Todo el día firma de libros en la Caseta Alas de Papel

Lunes 3 de abril
Todo el día firma de libros en la Caseta Alas de Papel

Martes 4 de abril
6 de la tarde: presentación cómic Diego Ramírez
7 de la tarde: conferencia 3 mil años de cultura de vinos de Alicante

Miércoles 5 de abril
Todo el día firma de libros en la Caseta Alas de Papel
5 y media de la tarde: lectura teatral de la Escuela Municipal de Teatro
7 de la tarde: conferencia De tertulia con el alfabeto, 
con el cuento literario

Jueves 6 de abril
11 de la mañana: firma de libros en la Caseta Papelería Torrevieja 
5 y media de la tarde: firma de libros en la Caseta Santos Ochoa 
y en la Caseta Papelería Torrevieja
6 de la tarde: conferencia Mujeres escritoras: 
una visión de la mujer escritora desde el canon literario
Todo el día firma de libros en la Caseta Alas de Papel

Viernes 7 de abril
11 de la mañana: firma de libros en la Caseta Santos Ochoa
5 y media de la tarde: firma de libros en la Caseta Santos Ochoa
5 y media de la tarde: firma de libros en la Caseta Papelería Torrevieja
Todo el día firma de libros en la Caseta Alas de Papel

Sábado 8 de abril 
11 de la mañana: firma de libros en la Caseta Santos Ochoa
12 de la mañana: Taller ODS Objetivos de Desarrollo Sostenible 
con plantas aromáticas
5 y media de la tarde: firma de libros en la Caseta Santos Ochoa
6 de la tarde: taller de punto del libro con temática ODS
Todo el día firma de libros en la Casetas Alas de Papel

Domingo 9 de abril 
12 de la mañana: juegos gigantes y pintacaras
7 de la tarde: recital de poesía
Todo el día firma de libros en la Caseta Alas de Papel.
"
4451,LF,"Documentos importantes en el Archivo Municipal 
 En el buscador de fondos del archivo actualizan la información 
 de los Privilegios y Provisiones Reales de los monarcas 
 de la casa de los Austrias y de los Borbones."
2924,LF,"Más de 200 Policías y Protección Civil dan seguridad 
en la Cabalgata de Reyes
El concejal de Seguridad del Ayuntamiento de Alicante anuncia 
que el 4 de enero y 5 de enero la Policía Local participará 
en el equipo especial con más de 200 agentes 
y 50 voluntarios de Protección Civil para cuidar la seguridad, 
coordinar los cortes de tráfico para la Cabalgata de los Reyes Magos y Carteros Reales 
y vigilarán que los ciudadanos cumplan las medidas de sanidad. 
La Policía Local será la encargada de escoltar en moto los recorridos 
de las cabalgatas y la llegada de los Reyes Magos. 
Protección Civil será la encargada de las ambulancias, servicios sanitarios 
y organizará el lugar reservado para las personas con movilidad reducida 
en la Casa de la Festa. 
Los cortes de tráfico por los desfiles y cabalgatas serán 
el martes 4 de enero por la tarde y el miércoles 5 de enero por la tarde.  
"
1649,LF,"El Castillo de Santa Barbara de Alicante tiene la exposición 
sobre Moros y Cristianos

El concejal de Fiestas de Alicante inaugura el viernes 1 de abril 
la exposición sobre Moros y Cristianos 
que estará abierta hasta el mes de diciembre 
en el Castillo de Santa Barbara.

En la exposición podrás ver:
trajes
armas
carteles promocionales
videos 
y fotografías 
que recorren la historia de las fiestas 
desde los años 60 hasta el 2023.

La exposición tiene 2 espacios.

En la primera sala puedes ver 
los trajes de Moros y Cristianos de distintos pueblos
y carteles de las fiestas de los últimos 10 años.

En la segunda sala podrás ver fotografías grandes 
de la historia en los últimos 60 años hasta el día de hoy. 

Además, el sábado 2 de abril en el patio de Armas del Castillo 
habrá una muestra de las embajadas Mora y Cristiana."
3516,LF,"El Plan Resistir llega a las 2 mil solicitudes en los 2 primeros días
 La Agencia Local de Desarrollo del Ayuntamiento de Alicante recibe 
 más de 2 mil solicitudes para poder pedir la ayuda del Plan Resistir, 
 destinada a trabajadores autónomos y pequeñas empresas. 
 La ayuda será de 2 mil euros para autónomos y pequeña empresa, 
 además a la pequeña empresa de 10 trabajadores 
 le darán 200 euros a cada trabajador. 
 El plazo para coger cita previa empezó el viernes 19 de febrero
 y desde el lunes 22 de febrero pueden pedir la solicitud entrando 
 a la página web www.impulsalicante.es y www.alicante.es. 
 Hay una dirección de correo planresistir@alicante.es para preguntar dudas 
 y pedir información, todas las preguntas serán contestadas en 24 horas. 
 El martes 23 de febrero a las 6 de la tarde 
 un técnico del ayuntamiento explicará como rellenar las solicitudes 
 y que documentación es necesaria para poder pedir las ayudas.
 Las ayudas están dirigidas a personas autónomas 
 y pequeñas empresas hasta 10 trabajadores de los sectores de la hostelería, mercadillos, alojamientos, actividades de museos, gimnasios, 
 actividades de ferias con el objetivo de seguir manteniendo su trabajo. 
 Darán las ayudas hasta el 31 de diciembre del 2021."
1309,LF,"La Camerata Ars Cantica ofrece su «Concierto de música sacra» de Semana Santa. 

 
En la semana santa, la iglesia parroquial de sant Jaume i santa Anna celebró 
el concierto de música sacra de la camerata ars cantica de Benidorm. 
El coro femenino bendormense interpretó el concierto 
y asistieron el concejal de Cultura, Jaime Jesús Pérez, 
la primera teniente de alcalde, Ana Pellicer, y la edil Mónica Gómez. 
También asistieron la reina mayor 
y la reina infantil de las festes majors patronals, Angélica Morenilla 
y Daniela Talavera, y el presidente de la comissió, Vicente Solaz.

Dirigió el concierto Jaime Francisco Ripoll Martins 
y tocaba el piano Mª Eugenia Palomares. 
El coro femenino interpretó un concierto dividido en 2 partes. 
En la primera, presentaron las siguientes obras: 
Estrella del mar, de A. Gessa y M. Martínez, sanctus, de T. L. Victoria, 
ego sum panis vivus, de P. Piel, ubi caritas, de Olga Gjeilo, 
y gerusalemme de Giuseppe de Marzi.

En la segunda parte, ars cantica interpretó si tus penas no pruebo de Francisco Guerrero, 
stabat mater, de G. B. Pergolesi, 
panis angelicus, de Cesar Franck y finalizaron con alleluia, de Leonard Cohen. 
Este concierto sonó en la iglesia parroquial de sant Jaume i santa Anna. 




 
"
2311,LF,"Mejoran el alumbrado del campo de fútbol de La Murada 
El concejal de Deportes anuncia este miércoles 
que la concejalía va a empezar las obras 
para mejorar el alumbrado del campo de fútbol municipal de La Murada, 
con el objetivo de aumentar la eficiencia 
y contribuir al ahorro energético de estas instalaciones.
El concejal de Deportes recuerda que el campo tiene un alumbrado antiguo 
que da muchos problemas 
y que hacía difícil los entrenamientos de los equipos 
que usan estas instalaciones.
La concejalía de Deportes invertirá en estas obras 58 mil euros. 
Las obras durarán 2 meses. 
El concejal de Deportes dice que siguen trabajando 
en mejorar las instalaciones deportivas de Orihuela.
"
3801,LF,"Vuelven a las Cigarreras los conciertos de Ciclos de Música 
 La programación de los conciertos Ciclos de Música será 
 para los meses de enero a mayo. 
 Habrá 10 conciertos interpretados por los alumnos 
 del Conservatorio Superior de Música Óscar Esplá 
 serán en la Caja Negra y en la Casa de la Música 
 del Centro Cultural Las Cigarreras.
 La programación estará dividida en 2 bloques:
 Música de Cámara que será en la Casa de la Música a las 7 de la tarde:
 31 de enero Viento Metal
 28 de febrero Percusión
 27 de marzo Cuerda
 8 de mayo Canto
 29 de mayo Viento Madrea 
 Música del siglo 20 y 21 que será en la Caja Negra a las 7 de la tarde:
 28 de enero Cuerda, Viento y Madera 
 25 de febrero Viento Metal
 24 de marzo Saxofones 
 25 de abril Metales 
 Todos los conciertos serán gratis."
1236,LF,"Ben Connor y Hilali Siham 
ganaron la Media Maratón de Elche número 50

Ben Connor de Inglaterra ganó la carrera de hombres
y Hilali Siham de Marruecos ganó la carrera de mujeres
de la media maratón edición número 50 internacional ciudad de Elche.

En la categoría de hombres:
primero llegó a la meta Ben Connor que tardó 1 hora 5 minutos y 9 segundos,
después llegó a la meta el marroquí Abdelmajid Elhissouf 
en 1 hora 7 minutos y 11 segundos
y el sueco David Nilsson llegó a la meta en 1 hora 7 minutos y 45 segundos.

En la categoría de mujeres:
Hilali Siham fue la primera corredora mujer que llegó a la meta
en 1 hora 17 minutos y 27 segundos
después llegaron a la meta las españolas Silvia Sarrión Esteve
en 1 hora 23 minutos y 49 segundos
y Ana María Ribera García en 1 hora 30 minutos y 10 segundos.

La edición 50 de la Media Maratón
tuvo un momento muy triste por la muerte de un corredor de 21 años.
El corredor cayó al pasar la meta y murió en el hospital general de Elche.
El Ayuntamiento de Elche dio el pésame a los familiares
y ofreció su ayuda para lo que necesiten.

La Media Maratón tuvo más de 3 mil corredores.
Mil corredores más que el año pasado.
Los corredores eran de muchos países diferentes.
El mayor número de corredores eran españoles. 
El recorrido era en Elche y tenía casi 22 kilómetros. 
Elche tiene la Media Maratón más antigua del mundo desde el año 1968.

El alcalde Carlos González participó en la carrera
y dijo que fue todo un éxito
pero que fue difícil por el calor y el viento.

El objetivo del Ayuntamiento es llegar a los 4 mil corredores
en las siguientes ediciones
y hacer esta media maratón cada vez más grande.
Participación casi 300 voluntarios, 120 policías locales,
50 personas de Protección Civil 
y 400 personas en 31 sitios de animación.

La Media Maratón destaca por ser la más inclusiva del mundo.
Pueden participar personas con discapacidad
y equipos de mujeres y hoombres."
2406,LF,"Encuentro Internacional de Artistas
Celebración del Encuentro Internacional de Artistas número 8 
en el Espacio Séneca en Alicante.
El encuentro duró 5 días y participaron 30 artistas. 
El evento de inauguración y cierre fue en el Espacio Seneca.
Las reuniones fueron en diferentes espacios de la ciudad
donde expresaron su cultura y obras. 
También disfrutaron de otras actividades:
excursiones por la provincia
visita guiada por el casto antiguo y el Museo de Aguas
presentación de varios libros
conferencia de arte 
cortometrajes"
4400,FAC,"La banda empieza los conciertos escolares
 La banda empieza los conciertos escalares por los que pasarán y tocarán 10 mil niños en el auditorio de la Casa de la Música.
 Esta mañana más de 200 alumnos del colegio Voramar y la Banda Municipal interpretan el musical La última función.
 Los alumnos participantes en esta experiencia ensayarán en clase con sus profesores de música las piezas que interpretarán junto a la Banda Municipal."
4322,FAC,"El 30 de marzo el Museo de Aguas de Alicante estará cerrado
 El Museo de Aguas de Alicante que está en el barrio antiguo de Alicante cerrará el día 30 de marzo. 
 El museo pertenece a los Pozos de Garrigós.
 Los visitantes pueden visitar el Museo de Aguas otro día."
2805,FAC,"La concejalía de Deportes informa de los Horarios de Navidad 2019 de las piscinas
La concejalía de Deporte informa del horario de baño libre de las piscinas en el periodo Navideño. Las piscinas de Monte Tossal José Antonio Chicoy y Florida-Babel Luis Asensi estarán abiertas desde el 23 de diciembre de 2019 al 5 de enero del 2020. La Piscina Vía Parque estará cerrada desde el 21 de diciembre del 2019 al 6 de enero del 2020."
2457,FAC,"Semana del Orgullo en Alicante
La concejalía de Igualdad presenta el programa de actividades del Orgullo Alacant 2022. 
Lunes 11 de julio:
A las 11 de la mañana será el acto oficial y colgarán la pancarta del día del Orgullo en el balcón del ayuntamiento.
De 7 de la tarde a 8 y media de la tarde proyección de una película corta en la Casa Mediterráneo. 
Martes 12 de julio:
De 6 de la tarde a 7 de la tarde programa de Radio Artegalia y Dj en Canibal Lounge Pub. 
De 7 de la tarde a 8 de la tarde charla en la que participan Policía Nacional, Policía Local, Guardia Civil y Fiscalía en la Librería Pynchon y Co. 
Miércoles 13 de julio:
De 10 de la mañana a 1 de la tarde, seminario en el Centro de Asociaciones y Voluntariado. 
De 7 de la tarde a 8 de la tarde proyección de películas cortas LGTBI en Palacio del Portalet. 
De 8 de la tarde a 9 de la tarde charla.
Jueves 14 de julio:
De 6 de la tarde a 7 de la tarde es la presentación libro en Librería Casa del Libro. 
De 7 de la tarde a 8 de la tarde Teatro en el centro Cultural Las Cigarreras. 
Viernes 15 de julio:
De 11 de la mañana a 12 de la mañana, magia infantil en la librería Casa del Libro. 
De 8 de la tarde a 9 de la tarde actuación de humor en la Sala Clan Cabaret. 
Sábado 16 de julio:
De 10 de la mañana a 11 de la mañana Bici Pride Alicante, Deporte, Sostenibilidad y Visibilidad en avenida Aguilera. 
De 11 de la mañana a 12 de la mañana juego de rol deportivo en Local Alacant Desperta Parque de la Ereta. 
De 7 de la tarde a 9 de la noche manifestación Alicante con Orgullo 2022 en plaza luceros. 
A las 9 de la noche Fiesta Alicante con Orgullo 2022. 
Toda la información en el Programa Orgull Alacant 2022."
3718,FAC,"El alcalde cancela las Hogueras 2020 
 El alcalde de Alicante Luis Barcala comunica que cancelan las Hogueras del 2020 después de tomar la decisión en una reunión por internet con la presidenta de la Federación Toñi Martín Zarco, la vicealcaldesa María del Carmen Sánchez, el concejal de Fiestas Manuel Jiménez y más personas de las fiestas.
 Toman la decisión de cancelar las Hogueras por la situación de la pandemia. 
 El alcalde está triste por tomar esta decisión, pero tiene que proteger a todas las personas del Covid.
 El alcalde anima a todas las personas de la fiesta a trabajar para organizar las Hogueras 2021 para que sean más bonitas.
 La vicealcaldesa expresa dolor por la decisión tomada pero la fiesta tiene que ser cancelada por la situación del Covid y disfrutaremos las fiestas del 2021."
1159,FAC,"La presentación de la película corta La que sale por la tele fue en el Aula Cultural de la Fundación Mediterráneo y fue un éxito. La Asociación Cultural El Pirulí y el Centro Integra-T de Elche hicieron la película corta. El concejal de Políticas Inclusivas Mariano Valera, la concejala de cultura Marga Antón, la presidenta de Integra-T Mari Carmen Muñoz, actores de la película y otros trabajadores del Ayuntamiento estuvieron en la presentación.
La película dura 23 minutos y quiere enseñar a través del humor la importancia de incluir a las personas con diversidad funcional en la sociedad.
Durante la presentación, los participantes pudieron dar su opinión sobre su experiencia en La que sale por la tele.
El concejal de Políticas Inclusivas dio las gracias por el gran trabajo a los actores, el equipo técnico, la dirección y la realización del proyecto.

El Pirulí es una asociación cultural sin fines de lucro que hace proyectos relacionados con el cine sobre cosas de Elche. Integra-T trabaja desde 2003 para ayudar a las personas con diversidad funcional y a sus familias en Elche.
"
1417,FAC,"En la Feria del Libro presentarán la serie titulado Historias de aquí

En la edición 25 de la Feria del Libro de Torrevieja, el martes 4 de abril a las 6 de la tarde será la presentación de una nueva publicación del Instituto Municipal de Cultura Joaquín Chapaprieta, dirigida al público infantil. La presentación está a cargo del alcalde de Torrevieja y del concejal de Cultura.
Es la serie denominada Historias de aquí Volumen 1: Diego Ramírez Pastor, con dibujos de David Hurtado Rocamora y guion de Carolina Martínez López.
Esta publicación será la primera de una serie destinada a explicar la historia de Torrevieja a los más jóvenes a través del formato de la historieta gráfica. En esta ocasión comienza la colección con un personaje popular en nuestra ciudad y acabará completándose con publicaciones de otros temas locales destinados a la difusión y conocimiento de nuestra historia a los escolares de la localidad.

"
1744,FAC,"El concejal de Fiestas será el pregonero de las fiestas del Raval Roig
El viernes celebraron la presentación del llibret Alma de Raval Roig en la Casa de la Festa Manuel Ricarte. El concejal de Fiestas explico que el Raval es especial por sus vecinos y son unas fiestas tradiciones donde los protagonistas son las personas. El lema del llibret es Alma de Raval Roig, un homenaje a los festeros fallecidos en los últimos años. El presidente de la Comisión de Fiestas explicó que querían que el llibret tuviera un sello de identidad como son las fiestas del Raval Roig. El diseñador del llibret comento que este llibret es el mejor documento para saber de las tradicionales fiestas del Raval Roig. "
1340,FAC,"La Concejalía de Deportes del ayuntamiento de Benidorm informó que el próximo 26 de junio comenzará la campaña deportiva de verano 2023. Habrá 53 cursos en 12 escuelas deportivas municipales de verano. Las actividades serán las siguientes: 
En el mar habrá kayak y vela. En la playa habrá gimnasia de mantenimiento para adultos, fútbol playa y vóley playa. En las pistas polideportivas del Palau d’Esports l’Illa de Benidorm, estará la escuela multideportiva con tenis, baloncesto, patinaje, balonmano, fútbol sala, voleibol, pelota valenciana, deportes alternativos, gymkanas, deportes en la naturaleza y natación. En las piscinas del Palau d’Esports l’Illa de Benidorm estará la escuela de natación con aquagym, natación infantil y adultos y natación para personas con diversidad funcional.
Las personas empadronadas en Benidorm podrán hacer la matrícula desde el martes 6 de junio a las 9 de la mañana. Las demás personas podrán hacer la matrícula desde el lunes 12 de junio a 9 de la mañana. Puedes hacer la matricula en la página web https://deportesbenidorm.deporsite.net/inscripcionactividades, en la concejalía de Deportes y en el Palau d’Esports. Debes llevar tu documento nacional de identidad para hacer la matrícula. Los menores de edad deben de ir acompañados de sus padres con el documento nacional de identidad y con el libro de familia. Después hay que pagar la cuota en el banco y presentar una copia del pago en la administración.  Toda la información sobre las edades, cuotas, horarios y ubicación de cada curso estará en la página web del Ayuntamiento  y  también en los folletos que tiene la concejalía de deportes y en el Palau d’Esports."
4430,FAC,"Concurso de Cuentos de Navidad 2017 2018
 La concejalía de Cultura avisa a los niños y adultos que quieran participar en el Concurso de Cuentos de Navidad 2017 2018 de las bibliotecas municipales que pueden apuntarse hasta el viernes 5 de enero. Podrás presentar los cuentos de forma presencial o por correo electrónico en los centros de lectura que son: 
 Virgen del Remedio
 Villafranqueza
 Benalúa
 San Blas
 Francisco Liberal 
 Pla Carolinas
 El Cabo en el Centro comunitario Playas
 El Puesto en el Mercado central
 Todos los cuentos serán recompensados con un regalo. Desde la concejalía de Cultura regalará un libro a cada concursante que será editado con los mejores relatos.
 El concurso tiene 3 categorías: 
 infantil de 7 a 11 años
 juvenil de 12 a 16 años
 y adultos a partir de 17 años
 Para participar en el concurso hay que vivir en Alicante. 
 El jurado nombrará a los ganadores el 12 de enero. 
 Cada biblioteca hará en las semanas siguientes un animado encuentro para la entrega de premios y distinciones."
683,FAC,"El jueves 21 de julio a las 6 de la tarde en la Sala de Exposiciones Vista Alegre, el Catedrático de Historia Antigua de la Universidad de Alicante dará una charla titulada ""Patrimonio Virtual: volver al pasado recreando la Historia"". En la charla se hablará de cómo divulgar el conocimiento a través de recursos digitales como la reconstrucción virtual, realidad aumentada y realidad virtual. "
2503,FAC,"El ayuntamiento hará actividades para recordar a las víctimas del Bombardeo al Mercado Central 
Este miércoles el Ayuntamiento de Alicante recuerda el Bombardeo al Mercado Central del 25 de mayo del 1938. 
La concejalía de Cultura por el departamento de Memoria organiza muchas actividades en las que participan muchas personas.

El acto número 1 organizado por el concejal de Cultura será la entrega de flores y la lectura de un poema de Miguel Hernández en la Plaza del 25 de mayo a las 11 de la mañana. Los alumnos del Conservatorio Superior de Música Oscar Esplá tocarán unas canciones para recordar a las personas 
que murieron en el bombardeo. 

El concejal de Cultura dice que este día lo recuerdan todas las personas de Alicante porque fue un momento muy triste que nunca olvidarán. 

Programación de actividades:

Actividad: Refúgiate en la Memoria de Alicante 
Fecha: 25 de mayo 
Horario: a las 8 y media de la tarde y a las 9 y media de la noche
Acto: Recuerdo a las víctimas bombardeo del Mercado Central de Alicante 
con música, videos y poesía
Lugar: Refugio de Tabacalera
En la entrada al Refugio de la Tabacalera habrá una maqueta sobre la guerra civil en Alicante

Actividad: Refúgiate en la teatralización 
Fecha: 22, 25, 26 y 27 de mayo 
Horario: a las 7 de la tarde y a las 8 de la tarde
Acto: Visita con teatro al Panteón Guijarro y Refugio Plaza Músico Tordera
Lugar de encuentro: Panteón Quijano

Actividad: Refúgiate para visitarlos 
Fecha: De viernes a domingo hasta agosto
Acto: Visitas guiadas a los refugios reformados y será gratis hasta agosto

Actividad: Refúgiate en una vivencia 
Acto: Vídeomapping que es la proyección de imágenes en la parte de fuera de un edificio
Lugar: Refugio de Músico Tordera 

Actividad: Refúgiate en las imágenes 
Acto: Exposición llamada Refúgiate en las imágenes: 
la memoria visual de Alicante con fotografías de Rafael Asín
Lugar: Tabacalera

Actividad: Refúgiate para conocer 
Acto: Videos sobre la memoria entre 2 castillos en las visitas guiadas
Lugar: Refugio Tabacalera

Programación para ver por internet:
a las 11 y media de la mañana: vídeo sobre el Bombardeo 
del Mercado Central
a las 5 y media de la tarde: una visita guiada por internet a la exposición llamada Alicante ha caído
a las 7 de la tarde: una visita guiada por internet al Refugio Plaza Séneca

En la página de internet sobre los refugios llamada:
https:// refugiosalicante360.com/mapa/ 
abrirán las visitas guiadas a los recursos de la Memoria de Alicante.

En la página de internet del ayuntamiento puedes descargar gratis el cómic sobre la historia de Alicante.
Estos cómics son repartidos por los colegios e institutos de Alicante.
En la página del ayuntamiento y en las redes sociales 
de la concejalía de cultura está la programación y toda la información.
"
3646,FAC,"Final del Certamen de Promoción Musical Emerge Alicante
 Finalistas:
 Gran Angular 
 Jorge Girona: voz y guitarra
 Sergio Ródenas: bajo
 Adolfo Alba: guitarra
 Hermi Rosillo: batería
 Koala Lumpure
 Alex Domingo: voz principal
 Miquel Cortés: guitarra principal
 Emiliano Castañeda: bajo y coros
 Franco González: guitarra rítmica
 Víctor Pérez: batería
 Puerto Príncipe
 Es la banda Postal Héroes. Tuvieron éxitos en concursos locales y grabaron su primera canción: Viraje.
 Evento:
 Fecha: viernes 18 de septiembre
 Lugar: Espacio Noches Mediterráneas en la Zona Volvo del Puerto de Alicante
 Duración: Cada banda actuará durante 25 minutos
 Jurado:
 Miquel González: director de Alicante Plaza y ex-promotor de festivales de pop
 Jon López: director de Alicante Live Music
 Sergio Moreno: representante de Producciones Baltimore
 Antonio Manresa, concejal de Cultura, destacó la alta calidad de los finalistas y mencionó la posibilidad de una segunda edición debido al éxito de esta primera.
 Premios:
 Primer Lugar: 500 euros y participación en festivales como Low Festival de Benidorm, Warm Up de Murcia, o Sprint Festival de Alicante
 Segundo y Tercer Lugar: 300 euros cada uno
 Voto del Público: En caso de empate, el público asistente tendrá la oportunidad de votar para decidir al ganador
 Participación del Público: 
 El público asistente podrá votar si se produce un empate entre las bandas.
 Esta final promete ser una noche emocionante, mostrando el talento local y brindando una plataforma para la promoción de bandas emergentes en Alicante."
605,FAC,La Concejalía de Cultura del Ayuntamiento de Orihuela dona una placa conmemorativa a la Agencia de la ONCE para celebrar el 111 aniversario del nacimiento del poeta Miguel Hernández por su compromiso con una visión alternativa de la vida y promover la cultura accesible. La placa tiene inscrito en tinta y en braille un verso del poema titulado El mundo es como parece. La ONCE ha entregado al Ayuntamiento la obra Un Poeta para Espíritus Jóvenes que incluye 50 poemas en braille. La obra estará disponible en la Biblioteca María Moliner. La semana finalizará con un recital de poesía en el Patio de la Casa Museo de Miguel Hernández dedicado al poeta oriolano. El recital se celebrará a las 8 de la tarde. 
1361,FAC,"Ya puedes ver la exposición La Mancha de Don Quijote 
en la Casa del Fester Diego Cano Enguera de Benidorm

El Día de Castilla La Mancha fue el 17 de mayo y la Casa de Benidorm celebró este día en la Casa del Fester Diego Cano Enguera de la calle la Biga con la exposición de pintura llamada La Mancha de Don Quijote. Esta exposición tiene pinturas de Antonio Carretero, Estefania Monnick Aina, Pilar Fornier y Juan Francisco Fajardo. En la presentación estuvieron el concejal de Fiestas Jesús Carrobles, las reinas de les Festes Majors Patronals 2023, Angélica Morenilla y Daniela Talavera, y otros trabajadores del ayuntamiento. Benidorm tiene más o menos 3 mil personas en la ciudad que son de Castilla La Mancha. Puedes visitar la exposición La Mancha de Don Quijote hasta el viernes 26 de mayo. 
"
2195,FAC,"Más de 100 festeros van a la Jornada formativa sobre el uso de armas 
La concejala de Festividad y Seguridad Ciudadana dio la bienvenida a la Jornada formativa sobre el uso de armas cargadas por la boca y organizadas por el ayuntamiento. Estas jornadas son importantes para que los festeros participen en la guerrilla y en la toma del castillo de las fiestas de 	Moros y Cristianos de forma segura, tanto para ellos como para la gente que va a ver el espectáculo. Dentro del programa formativo vieron varios puntos importantes. Los profesores de la jornada eran profesionales del sector de la manipulación y el uso de la pólvora. La concejala informa que repetirán el curso en junio ya que mucha gente está interesada."
1729,FAC,"La procesión de la Virgen del Remedio vuele el 5 de agosto

Después de 3 años el jueves 5 de agosto será la procesión de la Virgen del Remedio. El concejal de Fiestas ha explicado que será una procesión especial porque vuelve después de mucho tiempo, debido a la pandemia. 

La procesión comenzará después de la Misa a las 8 de la tarde desde la Concatedral de San Nicolás. Irá por la calle Labradores, Primo de Rivera, Rambla de Méndez Núñez, calles Mayor y Muñoz, y Plaza del Abad Penalva, donde finalizará. El tráfico estará cortado de 8 de la tarde a 10 de la noche.

El jueves 4 y viernes 5 a las 12 de la mañana será el anuncio de la festividad de la Virgen del Remedio con el disparo de las 21 Salvas de Ordenanza. 
En la salida y llegada de la imagen a la Concatedral será saludada con el lanzamiento de pétalos de rosas. Al principio de la procesión irá una colla de dolçaina i tabalet y al final la Banda Sinfónica Municipal de Alicante.
El jueves 4 de agosto a las 8 de la tarde habrá como novedad una Serenata a la Virgen a cargo del coro de voces blancas Stile vocale.
A la procesión está previsto que vayan representantes de la Federación de les Fogueres de Sant Joan, Federación de Asociaciones Festivas en Barrios y Partidas de Alicante, Federación de Moros y Cristianos de Alicante, Junta Mayor de Cofradías y Hermandades de Semana Santa, Cofradía de San Nicolás de Bari, y del Cabildo.
"
4361,FAC,"El Centro 14 de Alicante organiza la exposición Subir a por Aire
 El Centro 14 de Alicante organiza la exposición Subir a por Aire un trabajo fotográfico en el que ver el pasado de la autora. La exposición trata de explorar como cambia la memoria de las personas según va pasando el tiempo. La autora quiere que pensemos porque cuando crecemos y cambiamos de manera de pensar cambian nuestros recuerdos y lo que nos parecían momentos felices ahora son tristes. Inauguraron la exposición el 3 de marzo a las 12 de la mañana. 
 Horario de la exposición:
 de lunes a viernes de 10 de la mañana a 9 y media de la noche
 sábados de 10 de la mañana a 2 de la tarde"
3842,FAC,"Exposición El Jardín Autómata de Olga Diego
 El concejal de Cultura Antonio Manresa, el director del Consorci de Museus de la Comunitat Valenciana José Luis Pérez Pont y la artista Olga Diego inauguraron la exposición llamada Jardín Automáta que es una gran instalación formada por 100 esculturas inspiradas en los hermosos y extravagantes personajes del cuadro del Jardín de las delicias de El Bosco.
 Después de un largo viaje la artista de Alicante enseña en Alicante la obra completa de Jardín Autómata. El Consorci de Museus de la Comunitat Valenciana, en colaboración con el Ayuntamiento de Alicante exponen la obra de la artista Olga Diego. 
 En la obra aparecen seres humanos desnudos disfrutan con animales de todas las especies de un mundo de placer sin límites.
 La exposición Jardín Autómata es uno de los mayores proyectos de la artista que estará en la Lonja del Pescado.
 El concejal de Cultura dice que esta exposición nos hace reflexionar sobre la importancia de cuidar el medio ambiente. 
 El director del Consorci de Museus dice que Olga Diego es una de las artistas de la Comunidad Valenciana más internacionales.
 La artista dice que en Alicante estará por primera vez la obra completa de Jardín Autómata."
3702,FAC,"La concejalía de Cultura prepara actividades
 
 La concejalía de Cultura prepara actividades en sus centros a partir de la próxima semana.
 
 Castillo de Santa Bárbara:
 
 Abre el martes 9 con restricciones de espacios y horarios.
 Puedes visitar 2 zonas libres, el Reviellín del Bon Repós y el Baluarte de Santa Ana. Para visitar el Conjunto Monumental necesitas reservar una cita por internet. La visita es gratis. La duración de la visita no puede llegar a las 2 horas. Las salas de exposiciones están cerradas.
 Puedes pedir la cita en este enlace: https://citaprevia.alicante.es/CitaPrevia/#/pedirCita 
 Servicio de ascensores cerrado. Único acceso por la calle Vázquez de Mella.
 Aparcamiento del Castillo Santa Bárbara cerrado.
 Recomiendan llegar al castillo por caminos urbanos:
 Castillo de Santa Bárbara por Parque La Ereta. 
 Puedes ver la ruta en este enlace:
 https://es.wikiloc.com/rutas-a-pie/castillo-de-santa-barbara-por-parque-...
 Castillo de Santa Bárbara por Monte Benacantil.
 Puedes ver la ruta en este enlace:
 https://es.wikiloc.com/rutas-a-pie/castillo-santa-barbara-por-monte-bena... 
 
 Pueden acceder vehículos para carga y descarga de pasajeros el tiempo necesario.
 MACA que es el Museo de Arte Contemporáneo: 
 Abre el martes 9 de martes a sábado de 11 de la mañana a 8 de la tarde. Los domingos y festivos abre de 10 de la mañana a 2 de la tarde.
 Durante la visita usa siempre mascarilla.
 Si hay más de 2 personas en el mostrador, espera fuera para entrar.
 El servicio de guardarropa no está disponible. Si vienes a visitarnos, no traigas mochila ni bolsos grandes.
 Sigue los recorridos marcados en las salas y las zonas de paso del museo.
 Mantén la distancia de seguridad de 2 metros con las personas.
 Evita tocar superficies y, si lo haces, desinfecta tus manos con gel alcohólico.
 No usar los ascensores, si tienes movilidad reducida habla con el personal del museo.
 No hay folletos ni hojas de sala. Más información en la página 
 web: http://www.maca-alicante.es/ 
 La biblioteca del Museo de Arte Contemporáneo estará abierta de lunes a viernes de 10 de la mañana a 2 de la tarde.
 
 Centro Cultural Cigarreras:
  
 Exposición: Estudio elemental del levante.
 Desde el 9 de junio de 10 de la mañana a 9 y media de la noche de martes a sábado. Entrada gratis.
 Uso de mascarilla y distancia de seguridad obligatorio. 
 Más información en este enlace: https://www.agendacultural.org/es/ayuntamiento-de-alicante/exposicion-es... 
 
 Banda Municipal: 
 
 Concierto de la Banda Sinfónica Municipal.
 La Banda Sinfónica Municipal prepara el concierto de Hogueras en las redes sociales de la concejalía de Cultura. Hoy viernes 5 de junio a las 7 de la tarde, concierto por internet de Hogueras, con los himnos de Alicante y hogueras. Más información en este enlace: https://www.nuestrasbandasdemusica.com/noticias/noticias-nbm/sociedades-... 
 Archivo Municipal de Alicante:
 
 Abren el lunes 8 de junio. Visitas con cita previa.
 Puedes pedir la cita previa escribiendo un correo electrónico a esta dirección: 
 archivo.municipal@alicanteayto.es 
 No hay prensa diaria.
 La visita al archivo es con mascarilla y guantes. Los documentos consultados quedarán 14 días en cuarentena sin que nadie pueda usarlos ese tiempo. No usar los ordenadores.
 
 Lonja del Pescado:
 
 Exposición de Photo Alicante durante el mes de junio.
 En julio inauguran la exposición Primers Moments y podrás verla hasta el 15 de septiembre."
2716,FAC,"José Luis Berenguer entrega trofeos a las parejas 
del Circuito World Pádel Tour Alicante

Luis Torres que es el director del Circuito World Padel Tour dijo que los partidos alcanzaron más de 3 millones de visualizaciones.
Alejandro Galán y Juan Lebrón ganaron en la categoría de hombres.
Gemma Triay y Lucía Sáinz ganaron en la categoría de mujeres. José Luis Berenguer concejal de deportes anunció que en el año 2021 volverá a realizar el circuito y los acuerdos ya están firmados.
Alejandro Galán y Juan Lebrón ganaron el torneo de pádel Estrella Damm Alicante Open el día 8 de noviembre de 2020 en Alicante.
El torneo de pádel Estrella Damm Alicante Open pertenece al Circuito World Pádel Tour.
Las jugadoras Gemma Triay y Lucía Sáinz ganaron el trofeo antes que la pareja de hombres en la misma pista principal del Centro de Tecnificación de Alicante.
El Centro de Tecnificación es el lugar donde forman a deportistas para competir en un deporte.
José Luis Berenguer concejal de Deportes de Alicante y Luis Torres director de del Circuito World Pádel Tour y Alfonso Monferrer presidente de la Federación de Pádel de la Comunidad Valenciana vieron el partido de la final de hombres.
José Luis Berenguer entregó los trofeos a las parejas ganadoras, en las categorías de hombres y mujeres.
Cristian Fuster es el jugador de pádel que llegó más alto y perdió en la fase número 8 de la final.

Javi Rico alcanzó la fase número 4 de la final y fue el mejor de los jugadores de pádel de la Comunidad Valenciana.
Alfonso Monferrer señaló que el pádel es el deporte número 2 más practicado en España porque más de 4 millones de personas juegan al pádel.
En la Comunidad Valenciana el pádel reúne 7 mil jugadores apuntados para competir.
Los 2 partidos de la final fueron en el Centro de Tecnificación con cámaras de televisión porque no podían asistir personas.
El torneo Estrella Damm Alicante Open es el torneo número 9 de la temporada del año 2020.
Alejandro Galán y Juan Lebrón ganan 6 torneos como pareja este año.
El mes de diciembre el Master final decidirá que parejas son las ganadoras del año en Menorca."
948,FAC,"El lunes 20 de marzo los alumnos de gestión administrativa del taller de Empleo de Cocentaina visitaron el Archivo Municipal del pueblo. En la visita pudieron pasear por el edificio y ver los diferentes documentos, expedientes, periódicos, planos de obras y fotografías."
2583,FAC,"Media Maratón y 10 kilómetros en Alicante 
El domingo 20 de febrero será en Alicante la edición 26 de la Media Maratón y 10 Kilómetros organizada por la concejalía de Deportes. La salida será a las 9 y media de la mañana desde Paseo del Puerto, Juan Bautista Lafora, Jovellanos y avenida de Dénia y acaba a las 12 y media de la mañana.
El Ayuntamiento de Alicante organiza un amplio dispositivo de Seguridad y Tráfico con agentes de la Policía Local. 
"
3655,FAC,"Concurso para hacer un estudio sobre la realidad del colectivo LGTBI
 La concejalía de Igualdad anuncia un concurso para hacer un estudio sobre la realidad del colectivo LGTBI que es el colectivo que representa a Lesbianas, Gais, Transexuales y Bisexuales.
 El contrato lo hará el Ayuntamiento de Alicante desde la concejalía de Igualdad.
 Para tener más información puedes llamar a estos números:
 965 293 588 
 965 293 587 
 Las propuestas habrá que presentarlas el día siguiente de la publicación hasta el 4 de septiembre en Registro General Municipal presencialmente o en la Sede Electrónica."
1822,FAC,"Muchas personas participan en la prueba deportiva llamada Mil Camins, una meta
La prueba llamada Mil camins, una meta vuelve a recorrer los Campos de Elche. Esta carrera forma parte del calendario de pruebas populares de Elche, un circuito para toda la familia que combina asfalto y tierra, en esta prueba caminan entre palmeras, arquitectura tradicional, el rio Vinalopó y campos de cultivo. Después de 2 años sin poder hacer la carrera por la pandemia, este año participan mas de 700 participantes, una marea de camisetas violeta con el objetivo de sensibilizar contra la violencia de genero. La Asociación Mujeres Vecinales de Elche organiza la carrera con la ayuda del ayuntamiento una actividad física y de concienciación sobre la violencia machista. Todo lo recaudado con los dorsales irá a la asociación para charlas de sensibilización en colegios e institutos de Elche.

"
2889,FAC,"Acto de presentación del llibret Mujeres de Fuego del siglo 21
El alcalde de Alicante da la enhorabuena a la Barraca No poem fer més por la edición del llibret Mujeres de Fuego del siglo 21 dedicado a las Belleas del Foc del siglo 21. Un llibret es un libre pequeño. El acto es un homenaje al barraquet José Antonio Pastor Rocamora más conocido como El Peinao. El llibret es un homenaje a todas las mujeres que representaron Alicante desde el 2001 al 2022 como Belleas del Foc. Un esfuerzo de estas mujeres que tiene que ir a actos durante todo el año para representar a la ciudad. El llibret empezó a hacerse en 2019. Hay 210 copias del llibret con textos, fotografías en un apartado llamado Bellesíntimes. "
2303,FAC,"El Campo Municipal de Los Arcos tiene una grada nueva después de la DANA 

El alcalde de Orihuela y el concejal de Deportes visitaron hoy el Campo Municipal de Los Arcos para ver la grada nueva. Las lluvias del mes de septiembre destrozaron la grada. 
El alcalde de Orihuela explicó el esfuerzo que está haciendo el ayuntamiento para arreglar los daños de las lluvias en todo el municipio. También dijo que hay 25 millones de euros en pérdidas por las lluvias y que poco a poco irán arreglando lo que puedan.

La nueva grada tiene 865 asientos.

La grada, el arreglo del césped artificial del Polideportivo Municipal del Palmeral, la iluminación de los campos de fútbol y la nueva pista de baloncesto en el Palmeral costaron más de 500 mil euros. 




 
"
2287,FAC,"El pueblo La Murada formará parte del Camino Lignum Crucis
El concejal de Deportes del Ayuntamiento de Orihuela mantuvo una reunión con representantes de los municipios de algunas poblaciones del Camino Lignum Crucis. La reunión fue en el salón de actos de la Casa de La Encomienda y fue para mejorar infraestructuras y crear un camino con mucho recorrido que cuente con la aprobación de la Federación Española de Deportes de Montaña y Escalada, las federaciones territoriales de la Comunidad Valenciana y la Región de Murcia. El sendero cumplirá con la calidad, seguridad y mantenimiento que necesita. Comenzará en Granja de Rocamora, pasará por La Murada en Orihuela y llegará a Caravaca de la Cruz. El paisaje, la huerta y los campos hacen del camino un sitio muy especial. Es una oportunidad para el pueblo. "
2555,FAC,"Fiesta Santa Faz sin alcohol para los jóvenes en la playa de San Juan
El Ayuntamiento de Alicante organiza la Fiesta Santa Faz 0,0 que significa fiesta sin alcohol para ofrecer a los jóvenes actividades el día de la Romería de Santa Faz en la playa de San Juan.
El jueves 28 de abril celebrarán la Fiesta de Santa Faz después de 2 años de pandemia sin poder celebrarla.  
La fiesta empezará a las 11 de la mañana con música de Music by Blackbirn Brand hasta las 4 de la tarde y actividades de deporte, talleres de grafitis, pintacaras, pista skate para patinar, sitio para hacer fotos, sorteos y mucho más. 

"
3091,FAC,"Nueva exposición en los ventanales del Archivo Municipal

El Archivo Municipal, la concejalía de Cultura y la concejalía de Mercados crean esta exposición de imágenes llamada: 100 años del Mercado Central.
Es una exposición de 35 fotografías en 8 paneles, puestos en los ventanales del Archivo Municipal. 
Las fotografías son del antiguo mercado del Muelle, de la construcción del actual Mercado de abastos que inauguraron el 21 de noviembre de 1922 y de los puestos de carne, pescados y verduras.
Uno de los paneles tiene fotos del bombardeo del 25 de mayo de 1938 en el que murieron más de 300 personas. 
Puedes ver esta exposición en los ventanales del Archivo Municipal desde el 6 de abril hasta el 5 de junio."
3463,FAC,"Festival Abril en Danza
 
 El Festival Abril en Danza es en Alicante y en Elche desde el 9 hasta el 29 de abril. El sábado en el secadero del Centro Cultural Las Cigarreras, actuaron 4 compañías de baile. Los espectadores disfrutaron de actuaciones por la mañana llamadas En la Calle. 
 Las actuaciones fueron de: 
 Danza Teatro
 Performance
 Danza Contemporánea
 Flamenco
 Danza Urbana 
 Los grupos que bailaron y las piezas que interpretaron fueron:
 Grupo Dance Craft: Pieza: Packed with love, de Marina Miguelez.
 Grupo Unaiuna. Pieza: Dosis, de Laura Lliteras y Marina Fullana.
 Grupo Elelei. Pieza: A ciegas de Sabrina Gargano y Rafa Jagat.
 Grupo Siberia. Pieza: Stone y Silk de Paloma Muñoz.
 Las siguientes actuaciones de Abril en Danza en Alicante son:
 El viernes 17 de abril a las 8 de la tarde en el Teatro Arniches: Todo acabará bien de Christine Cloux y Jorge Picó. Precio de la entrada: 10 euros. 
 El martes 22 de abril a las 7 de la tarde en la Casa Mediterráneo: La bestia yace dormida de Gaby Davies. La entrada es gratis con reserva.
 Puedes ver la programación del festival Abril en Danza en este enlace: https://www.abrilendanza.es/index.php/es/aed2021/programacion"
3716,FAC,"PhotoAlicante Adapta su Festival al Formato Online
 PhotoAlicante adaptó sus actividades pendientes al formato online para completar la edición 7 del festival durante mayo y junio.
 Actividades Online
 Fotomaratón: sábado 16 de mayo de 10 de la mañana a 2 de la tarde.
 Conferencia de Fotolateras: Modelo de negocio dentro de la industria de la fotografía el viernes 15 de mayo.
 Taller de Gema Polanco: Lo autobiográfico como forma de resistencia el sábado 30 de mayo.
 Presentaciones y Conferencias
 Presentación del TEFOCO: sábado 6 de junio video en colaboración con la Universidad de Alicante.
 Tercer Congreso Internacional de Fotografía Contemporánea, BEPHOTO: Conferencias y diálogos a finales de mayo en Facebook Live de PhotoAlicante a las 6 de la tarde.
 Conferencias Online
 Welcome to the barrio: Oriol Miñarro el jueves 21 de mayo.
 Kissing time: Gema Polanco y Silvia Rosi el viernes 22 de mayo.
 De Britney Spears a Marilyn Manson: Helena Goñi el jueves 28 de mayo.
 El excedente y otras cosas: Joaquín Lucas, Diego Abellán, Cris Argüelles y Aida Salán el viernes 29 de mayo.
 Convocatorias y Resultados
 Photowall: vuelve con 30 proyectos seleccionados.
 Resultado del Fotomaratón: viernes 30 de mayo a las 12 de la mañana
 Resultado del Certamen Nacional de Fotografía Vila de Sant Joan d’Alacant: domingo 7 de junio.
 Plataforma y Redes Sociales
 Las actividades estarán disponibles online en:
 Páginas de internet: Photoalicante.com, Bephoto.org
 Redes sociales: Instagram, Facebook, Twitter y YouTube."
3965,FAC,"Actividades Estiu Cultural 
 La concejalía de Cultura dentro del programa Estiu Cultural que quiere decir Verano Cultural organiza varias actividades.
 Conciertos: 
 Viernes 23 a las 9 de la noche será la noche de Jazz en Las Cigarreras. Concierto gratis.
 Sábado 24 a las 9 y media de la noche habrá cena espectáculo en el Castillo de Santa Bárbara. La cena será en el Restaurante el Sorell y el espectáculo será con el pop de The Hornet Band. 
 Domingo 25 a las 8 de la tarde concierto del Orfeón Aspense Virgen de las Nieves en la Concha de la Explanada.
 Exposiciones:
 En el MACA que es el Museo Arqueológico de Alicante estará Antes del Arte hasta el 15 de septiembre.
 En Las Cigarreras estará Art Contemporani de la Generalitat Valenciana hasta el 16 de septiembre.
 En la Lonja del Pescado estará Titanic. The Reconstruction hasta el 10 de noviembre.
 En la Sala Taberna del Castillo estará Las Fortificaciones de los Antonelli. Siglo 16 y 17 hasta el 29 de septiembre.
 En la Playa de San Juan Paseo de Niza estará Tierra de Sueños hasta el 29 de agosto.
 En la Casa de Máquinas estará Alicante ha caído. Aquí acaba la guerra."
1362,FAC,"L’Associació de Penyes Verge del Sofratge organiza el martes 23 de mayo una jornada solidaria de donación de sangre. En la jornada colabora el Centro de Transfusión de la Comunidad Valencia y la concejalía de Fiestas. El alcalde de Benidorm y el presidente de la asociación informan que el horario será de 9 y media de la mañana a 1 y media de la tarde y, de 4 y media de la tarde a 9 de la noche en el ayuntamiento. Recuerdan a los ciudadanos que una donación de sangre puede salvar 3 vidas. Los requisitos para donar sangre son tener de 18 años a 65 años, estar bien de salud, ir a la cita hidratado, pesar más de 50 kilogramos y llevar el DNI o Documento Nacional de Identidad o el carné de conducir. Al final de la donación darán alimento y líquido al donante.  "
534,FAC,"Orihuela celebrará el Cross número 4 ""Ciudad del Poeta Miguel Hernández"" el 15 de enero, con diferentes pruebas de atletismo. Se espera la participación de unos 700 corredores. Este año, Orihuela será la sede del Campeonato individual de campo a través de la comunidad autónoma, organizado por la Federación de Atletismo de la Comunidad Valenciana. El evento tendrá categorías federadas y populares para que las personas aficcionadas también puedan participar. Se incluyen categorías para niños y se realizará un Cross Escolar el 14 de enero. Durante la jornada, se ofrecerán servicios de fisioterapia y nutrición, y la recaudación de la cafetería se destinará a la Asociación Española contra el Cáncer. Varias empresas colaboran en la organización del evento. El presidente del Club Tragamillas destaca que el Cross de Orihuela está ganando reconocimiento en el calendario de la comunidad autónoma y se espera la participación de los mejores atletas de la Comunidad Valenciana. Las inscripciones se pueden realizar en la  web www.dorsal21.com o en las federaciones correspondientes. Toda la información está disponible en www.tragamillas.org.

"
1393,FAC,"La marcha de Montain Bike de Orihuela será el domingo 23 de abril 

El concejal de Deportes, Luis Quesada, el secretario del club Pasión BTT, José Manuel Torres, y el vocal de la entidad Ramón Nieto presentaron hoy la quinta Marcha de Mountain Bike de Orihuela. Este evento deportivo será el 23 de abril, a partir de las 9 de la mañana, en la pedanía de Torremendo, en el entorno del embalse de La Pedrera. El concejal de Deportes, explicó que la marcha tiene una distancia aproximada de 40 kilómetros y un desnivel de 600 metros. La dificultad técnica de la prueba es baja y pueden participar deportistas de todos los niveles. Días después del evento los organizadores limpian el recorrido y recogen la basura, cuidando del medio ambiente.

José Manuel Torres explicó que, durante la carrera, habrá un punto limpio organizado por la concejalía de Residuos Sólidos Urbanos y Limpieza Viaria. También sortearán regalos de material deportivo para los participantes. Hay 500 plazas y aún quedan 50 plazas libres. Puedes entrar en la página web www.pasionbtt.com y en la página web www.cronomur.com, para hacer la inscripción. También puedes ver toda la información de la carrera en las 2 páginas web. Pueden participar todos los mayores de 15 años. Los menores de edad deberán presentar una autorización firmada por sus padres. El secretario de Pasión BTT, explicó que participarán corredores de distintos puntos de la Comunidad Valenciana, de la Región de Murcia, de Andalucía y de la provincia de Albacete. Habrá un almuerzo para los corredores que será una paella. 




 
"
1859,FAC,"Más de 2 mil espectadores van al Teatro Castelar a ver las representaciones de la Muestra Escena Elda número 16
 
El Teatro Castelar celebró el pasado domingo un acto para celebrar el final de la Muestra de Teatro Amateur Escena Elda número 16. Este certamen estuvo organizado por Carasses Teatro y patrocinado por el Ayuntamiento de Elda con la colaboración de la Federación de Teatro Amateur de la Comunidad Valenciana. A este acto fueron la concejala de Cultura del Ayuntamiento de Elda y el presidente de la Federación de Teatro Amateur de la Comunidad Valenciana.

Los premios fueron los siguientes:

Primer Premio: Taules Teatro de Pinoso, con la obra Mi mejor amigo… yo, que también consiguió el galardón a la Mejor dirección y Mejor Puesta en Escena.

Segundo Premio: Paraskenía Teatro de Talavera de la Reina con la obra 34 semanas, que también consiguió el Premio a Mejor Actriz Principal.

Tercer Premio: Atrote Teatro de Alicante, con la obra Don Quijote en los infiernos, que también consiguió el Premio del Público y los premios al Mejor Actor Principal y Secundario.

Cuarto Premio: Imperio Teatro de Alicante, con la obra El Crédito, que también consiguió el Premio a Mejor Actor Principal.

Quinto Premio: El Telón Negro de Segovia, con la obra Anselma y Luisa, que también consiguió el Premio de Mejor Actriz Secundaria.

El acto lo cerró Carasses Teatro con la representación de la obra Romancero Gitano, de Federico García Lorca.

La concejala de Cultura dijo que asistieron más de 2 mil espectadores y esto es muy positivo para el teatro. Todos los representantes del ayuntamiento estuvieron muy satisfechos con el resultado. 






 
"
4624,FAC,"Jocs Populars el miércoles 28 de junio
 El programa Fogueres Culturals quiere dar a conocer la cultura popular y hacer en los barrios eventos y conciertos de música. La programación será el viernes 23 a las 7 y media de la tarde en la Plaza del ayuntamiento encuentro de danza y música. A las 9 de la noche Desfile folclórico. El lunes 26 de junio, martes 27 de junio y miércoles 28 de junio habrá talleres de juegos populares en la Plaza del ayuntamiento a las 7 y media de la tarde."
1991,FAC,"El Ayuntamiento de Benidorm y la Diputación de Alicante aprueban el proyecto de ampliación y mejora del pabellón Raúl Mesa
El Ayuntamiento de Benidorm aprueba el proyecto de ampliar y mejorar la accesibilidad del pabellón Raúl Mesa de la Ciudad Deportiva Guillermo Amor. El proyecto recibe una ayuda de más de 200 mil euros de la Diputación de Alicante. Con este dinero van a cambiar el techo y van a crear nuevas gradas y vestuarios accesibles, evitando escaleras y rampas. El proyecto tiene que estar terminado en 6 meses y con la reforma ampliarán la capacidad de público y crearán aseos y vestuarios accesibles a pie de pista para el público y deportistas. Con esta ayuda continúan mejorando los espacios públicos de la ciudad."
1181,FAC,"Programación musical desde el 22 de abril al 2 de julio en la Rotonda del Parque Municipal organizado por la Concejalía de Cultura del Ayuntamiento de Elche. 
El evento se llama Elx on stage. 
Conciertos
Sábado 22 de abril a las 4 de la tarde hay un festival de música de los años 90. Venta de entradas en la página web lomasticket.com.
Viernes 19 de mayo a las 10 de la noche concierto sobre el grupo Mecano. Mecanoexperience. Venta de entradas en la página web mecanoexperience.com.
Viernes 26 de mayo a las 10 y media de la noche concierto del grupo Creedence Clearwater Revisited. Venta de entradas en la página web lomasticket.com.
Sábado 10 de junio a las 7 de la tarde concierto del grupo Pica Pica el Patio de mi casa. 
Viernes 16 de junio a las 10 y media de la noche hay un concierto de Ana Popovic Power tour. Venta de entradas en la página web lomasticket.com.
Sábado 17 de junio a las 10 y media de la noche concierto de Paco Candela. Venta de entradas en la página web entradasatualcance.com.

Festival de Música Jazz de Elche edición 13.
En la Rotonda del Parque Municipal conciertos de Música Jazz los días 29 y 30 de junio y 1 y 2 de julio a las 10 y media de la noche con diferentes artistas.
Las entradas para el festival de Jazz puedes comprarlas en la página web lomasticket.com y en las taquillas del Gran Teatro.
En la Plaza de Baix hay conciertos gratis el viernes 30 de junio y el sábado 1 de julio a las 8 de la tarde. "
3598,FAC,"Festival ENSO en el Centro Cultural las Cigarreras
 Hoy el concejal de Cultura Antonio Manresa presenta el Festival de Producción y Música Electrónica llamado ENSO.
 El festival será en el Centro Cultural de las Cigarreras desde el sábado y hasta el 31 de octubre. 
 Óscar Mulero será el músico más importante del cartel del festival de Enso.
 Enso es un festival de producción y música electrónica.
 En la edición número 4 del festival estarán Xolos, Mínima Inmoralia, Gela, Raúl Cantizano, Marta Verde y Los Voluble. 
 El concejal de Cultura Antonio Manresa, el director del Consorci de Museus de la Comunitat Valenciana José Luis Pérez Pont y Juan Carlos Cembreros, Javier García y Juan Carlos Castro que son los organizadores del festival presentaron el festival de Enso.
 El concejal de Cultura dice que es la edición número 4 de este festival que tiene música, arte, tecnología y buen sonido. 
 Por el Covid todo el festival podrá verse con actuaciones desde internet y otras actuaciones en el Centro Cultural de las Cigarreras.
 El concejal de Cultura dice que con el festival Enso apuesta por la cultura.
 El festival Enso está disponible para actuaciones en Alicante, España y todo el mundo.
 El festival Enso es muy importante en Alicante.
 En 2020 el festival tendrá 2 nuevas secciones que son Docu Mental y Rare Sessions.
 José Luis Perez Pont dice que es importante celebrar festivales que creen en la música contemporánea y apoyan la cultura.
 Juan Carlos Cembreros dice que es importante que Alicante tenga un lugar donde ver música contemporánea.
 Juan Carlos Castro dice que el festival enseña porque participarán creadores y artistas. 
 El festival de Enso empezará el jueves a las 6 de la tarde en la Caja Negra del Centro Cultural las Cigarreras.
 Harán una charla para hablar de los festivales de música electrónica underground y experimental.
 En esta charla participarán: 
 Transdisciplina AV
 Ithaka Festival
 Ombra Festival
 Mugako 
 Fernando Fuentes que es periodista de música presentará la charla."
3220,FAC,"El Archivo Municipal abre la Biblioteca del 8 Barón de Finestrat
El concejal de Cultura presenta en Alicante la Biblioteca y Archivo de José Luis de la Guardia y Pascual del Pobil llamado el Barón 8 de Finestrat. Su familia donó libros desde el año 1577, dibujos y documentos familiares y de la historia de nuestra provincia. El acto fue en el Archivo Municipal en la casa Palacio de Maisonnave. Destacan el amor de la familia del Barón por la ciudad de Alicante. Los documentos serán escaneados al ordenador y podrán consultarse en los ordenadores del Archivo Municipal. "
1714,FAC,"Alicante limpia en menos de 12 horas casi 600 toneladas de basura de la cremà
El Ayuntamiento de Alicante junto a la empresa del servicio de recogida de residuos, UTE Alicante, recogieron casi 600 toneladas de residuos producidos durante la semana de fiestas de Hogueras. Esto fue posible gracias a un dispositivo de trabajo en el que participaban más de 300 personas y 100 vehículos y maquinaria de limpieza.
Ayer en la cremà solo tardaron 12 horas en dejar la ciudad limpia y preparada para recuperar la normalidad del día a día. 
A lo largo del fin de semana, continuarán limpiando calles para que Alicante vuelva cuanto antes a la normalidad y ciudadanos y visitantes puedan seguir disfrutando de una ciudad cuidada y preparada para este verano.
El concejal de Limpieza Viaria y Gestión de Residuos agradece a los técnicos municipales y a los responsables y operarios de UTE Alicante el trabajo realizado durante esta semana de hogueras.
"
2002,FAC,"A partir de mañana te puedes apuntar a los Cursos Deportivos de Verano en Benidorm
La concejalía de Deportes del Ayuntamiento de Benidorm abre el miércoles 2 de junio el plazo para apuntarte a los Cursos Deportivos de Verano, que serán desde la última semana de junio hasta el 20 de agosto. 
Este año la novedad en la Escuela Multideportiva es el servicio de guarda y custodia, para aquellas familias que tengan que entrar a trabajar antes de que empiece la actividad.
La concejala de Deportes dice que durante las actividades cumplirán las medidas de seguridad sanitarias.
Las familias que viven en Benidorm podrán apuntarse mañana a las 9 de la mañana y la personas que no viven en Benidorm podrán apuntarse a partir del 9 de junio. 
Te puedes apuntar entrando en el enlace  y si ya estabas apuntado de otro año podrás entrar con el usuario y contraseña.
También puedes apuntarte en la concejalía de Deportes de 9 de la mañana a 1 de la tarde.
Programación:
Actividad: Gimnasia de mantenimiento a partir de 16 años
Lugar: Playa de Poniente
Fecha: del 28 de junio al 20 de agosto
Horario: de 8 de la mañana a 9 de la mañana
Precio: gratis 
Actividad: Kayak de mar infantil y adulto
Lugar: Club Náutico Benidorm
Fecha: del 28 de junio al 20 de agosto
Horario: de 9 de la mañana a 11 de la mañana y de 11 y media de la mañana a 1 y media de la tarde 
Precio: 20 euros
Actividad: Natación infantil y adultos
Lugar: Piscina Ciudad Deportiva Guillermo Amor
Fecha: del 28 de junio al 20 de agosto
Actividad: Natación para personas con diversidad funcional
Lugar: Piscina Ciudad Deportiva Guillermo Amor
Fecha: del 28 de junio al 20 de agosto
Horario: de 1 y cuarto de la tarde a 2 de la tarde
Precio: 15 euros
Actividad: Natación correctiva deportiva
Lugar: Piscina Ciudad Deportiva Guillermo Amor
Fecha: del 28 de junio al 20 de agosto
Horario: de 9 de la mañana a 10 menos cuarto de la mañana 
Precio: 25 euros 
Actividad: Aquagym
Lugar: Piscina Ciudad Deportiva Guillermo Amor
Fecha: del 28 de junio al 20 de agosto
Horario: de 9 de la mañana a 10 menos cuarto de la mañana 
Actividad: Patinaje infantil y adulto
Lugar: Patinódromo anexo al Palau d’Esports
Fecha: del 28 de junio al 20 de agosto
Horario: de 8 y cuarto de la mañana a 9 de la mañana, de 10 y cuarto d la mañana a 11 de la mañana y de 9 y cuarto de la mañana a 10 de la mañana
Precio: 20 euros
Actividad: Tenis infantil y adulto 
Lugar: Pistas de Tenis de la Ciudad Deportiva Guillermo Amor
Fecha: del 28 de junio al 20 de agosto
Horario: de 10 y cuarto de la mañana a 11 de la mañana, de 9 y cuarto de la mañana a 10 de la mañana y de 8 y cuarto de la mañana a 9 de la mañana
Precio: 20 euros
Actividad: Vela infantil
Lugar: Club Náutico Benidorm 
Fecha: del 28 de junio al 20 de agosto
Horario: de 4 y media de la tarde a 6 y media de la tarde
Precio: 20 euros 






"
1602,FAC,"El alcalde de Alicante asiste a la gala infantil de la Bellea del Foc en el puerto

Las 77 candidatas infantiles a la Bellea del Foc desfilaron el viernes por la pasarela de la zona Ocean Race del Puerto de Alicante. El alcalde asistió a la gala acompañado de varias personas del ayuntamiento. La candidata infantil de Sant Blai Baix abrió el desfile y la representante de Benalúa lo cerró. La invitada de honor fue la presidenta de la Federació de Fogueres. La gala terminó en los salones del Hotel Meliá. "
1102,FAC,"El concejal de Deportes aprobó dar subvenciones de ayuda al transporte para el año 2022. Esto aparece en la resolución de 21 de diciembre de 2022.

https://sedeelectronica.alicante.es/blob_edicto.php?anuncio=1149&ano=2022&interno=1."
4192,FAC,"Conciertos en el Auditorio de la concha de la explanada 
 Los conciertos forman parte del programa municipal preparado por la concejalía de Cultura con el nombre de Verano de Músicas. 
 Todas las actuaciones son con entrada gratis y empezarán a las 8 de la tarde. 
 Miércoles 15: Concierto de la Banda Sinfónica Municipal 
 Jueves 16: Pilar Andújar
 Sábado 18: Resonante Basuband
 Domingo 19: Mensajeros de la Música"
4194,FAC,"Novedades Bibliográficas en la Red de Bibliotecas Municipales de Alicante
 El personal de bibliotecas hace diferentes boletines con novedades y de lecturas recomendadas con los últimos libros añadidos a la Red de Bibliotecas Municipales de Alicante."
3479,FAC,"El ayuntamiento empieza la fase número 1 para recuperar la Antigua Fábrica de Tabacos
 
 El alcalde de Alicante Luis Barcala dice que están en un momento importante en Alicante porque el proyecto EDUSI que es Desarrollo Urbano Sostenible e Integrado de las Cigarreras va a empezar.
 Empezarán con la reforma de la fase número 1.
 Quieren convertir la Antigua Fábrica de Tabacos en un centro social para todas las personas de los barrios de la zona. 
 Ramón Esteve es el arquitecto que creó la reforma de Las Cigarreras.
 Ramón Esteve participó en el evento con los concejales Antonio Peral y Adrián Santos Pérez.
 Los concejales están implicados en las ideas que impulsan con el Desarrollo Urbano Sostenible e Integrado de Alicante. 
 El alcalde dice que hay un avance en el proyecto EDUSI de las Cigarreras.
 Gracias al apoyo del gobierno empiezan con la reforma de la Casa de la Misericordia. 
 En la Casa de Misericordia tienen que reformar más de 7 mil metros.
 El proyecto recuperará la Antigua Fábrica de Tabacos por partes.
 Quieren conseguir conservar el edificio que tiene su historia en Alicante y ponerlo en funcionamiento para todas las personas de los barrios de la zona.
 En diciembre eligieron a Ramon Esteve como arquitecto para hacer el proyecto EDUSI.
 El proyecto de Ramon Esteve fue elegido entre 7 proyectos presentados.
 El gasto de reforma es de más de 500 mil euros.
 Este proyecto será realizado en 5 fases por su gran coste.
 El arquitecto Ramón Esteve presentó el proyecto.
 Ramón Esteve valoró lo importante que serán las Cigarreras para Alicante y los barrios cercanos.
 EDUSI Alicante favorece el desarrollo de actuaciones dirigidas a aumentar las oportunidades de Alicante y aprovechar el clima, la cultura, la historia, los espacios naturales y el turismo.
 EDUSI es muy importante para el crecimiento social y económico, para el aumento de la calidad de vida y para que Alicante sea una ciudad más conocida por estos cambios.
 Los gastos son pagados con dinero de los fondos de Europa.
 El concejal de Urbanismo destacó la importancia que tendrá esta iniciativa para Alicante. 
 El proyecto hará que Las Cigarreras sea un lugar importante en Alicante."
4123,FAC,"40 aniversario de la Carta Magna en el Teatro Principal
 
 El alcalde de Alicante Luis Barcala participó en el acto de celebración del 40 aniversario de la Carta Magna en el Teatro Principal, presidido por Ximo Puig que es el presidente de la Comunidad Valenciana. También estaban personas importantes de la Comunidad Valenciana. La Constitución Española permitió la unión de todos los españoles y empezar las autonomías. En el acto homenajearon a Pascual Sala, el ex presidente del Tribunal Supremo, del Consejo General del Poder Judicial y del Tribunal Constitucional. El alcalde habló de lo importante que es defender y conservar la Constitución Española porque gracias a la Constitución Española vivimos el periodo más largo de paz, libertad y democracia de la historia de España."
3329,FAC,"El ciclo Cigarreras Momentos Alhambra llega a la mitad de su cartel
El ciclo de conciertos organizados por la concejalía de Cultura y la marca cervezas Alhambra llega a la mitad del cartel. Los conciertos son al aire libre en 2 escenarios la Trasera y el Jardín Vertical del Centro Cultural Las Cigarreras y las entradas a los conciertos serán entre 3 euros y 20 euros. Podrás comparar las entradas en la página web: 

Próximas actuaciones:
24 de julio a las 8 de la tarde: Enric Montefusco
7 de agosto a las 12 de la mañana: Viva Belgrado
4 de septiembre a las 12 de la mañana: Alberto Montero
11 de septiembre a las 8 de la tarde: Carmen Boza
18 de septiembre a las 8 de la tarde: Triangulo de Amor Bizarro
8 de octubre a las 8 de la tarde: Guadalupe Plata
23 de octubre a las 8 de la tarde: Mujeres
"
3480,FAC,"Actividades gratis al aire libre en Semana Santa
 
 El Patronato Municipal de Turismo, dirigido por Mari Carmen Sánchez, organiza un programa de actividades gratis al aire libre en diferentes sitios de la ciudad de Alicante, para disfrutar de la Semana Santa de manera segura, saludable y sostenible.
 Desde el ayuntamiento quieren apoyar a las empresas turísticas que ofrecen excursiones y rutas caminando, en bicicleta y en barcos y a los guías turísticos.
 Hay 2 concursos en redes sociales, un concurso de fotografías de algún postre típico de Semana Santa y Pascua y otro concurso de un video en la red social Tik tok en algún sitio representativo de Alicante. El premio de los concursos es 2 plazas gratis para practicar Paddel Surf o Kayak.
 Actividades programadas: 
 Desde el 1 de abril hasta el 11 de abril: Visita guiada al Castillo de San Fernando. 
 Horarios: a las 5 y media de la tarde, a las 6 y media de la tarde y a las 7 y media de la tarde. 
 Desde el 6 de abril al 11 de abril: Taller de Magia en el Castillo de Santa Bárbara.
 Horario: de 6 de la tarde a 7 de la tarde.
 Desde el 1 de abril hasta el 11 de abril: Taller de cometas en la playa de San Juan. 
 Horario: de 12 de la mañana a 1 de la tarde. 
 Desde el 1 de abril hasta el 11 de abril: Yoga para adultos en la playa del Postiguet, bajo la pérgola de la zona del cocó. 
 Horario de 9 de la mañana a 10 de la mañana.
 Puedes ver toda la información en la página web: www.alicanteturismo.com"
1188,FAC,"Más de 2 mil personas disfrutaron ayer en el festival vuelta a los 90's, que se celebró el sábado 22 de abril en Elche desde las 4 de la tarde hasta las 12 de la noche en una rotonda del parque municipal.

Los asistentes pudieron bailar al ritmo de la música de Ku Minerva, Sensity World, Double Vision, New Limit, Marian Dacal & Eva Marti, Just Luis y los disc-jockeys Paco García  de KKO, Javi Boss de Central, Chumi de Límite y Kino de Regreso al Pasado, amenizado por Bartual. También estuvieron allí alcalde Carlos González y los concejales de Cultura y Seguridad Ciudadana, Marga Antón y Ramón Abad.

Este evento estaba en la programación especial de la rotonda del parque municipal Elx On Stage. En la programación también había otros conciertos dedicados a artistas y bandas famosas. El sábado, 700 personas asistieron al musical oficial en homenaje a Camilo Sesto, Vivir así es morir de amor y el viernes pasado se celebró el musical symphonic Rhapsody of Queen, en homenaje a la banda británica de Freddie Mercury.

Además, el conjunto GLAS actuó en la sala La Llotja el sábado con su espectáculo de indietrónica pop fiction party. Asistieron 450 personas desde las 5 de la tarde hasta las 12 de la noche."
1498,FAC,"El Ayuntamiento de Elda crea una ayuda nueva 
para las asociaciones que imprimen revistas o publicaciones

Las concejalas de Cultura y Fiestas presentaron la nueva ayuda municipal para asociaciones culturales de la ciudad que imprimen revistas o publicaciones. La ayuda servirá para ayudar en el coste de impresión. Es una subvención nueva de 15500 euros. Los requisitos son, que las publicaciones sean de temas relacionados con la ciudad, que estén editadas en Elda o que su autor esté empadronado en la ciudad 5 años. La ayuda será para asociaciones que no reciban otra ayuda económica del Ayuntamiento. El máximo subvencionado será la mitad del coste de la publicación.  "
1482,FAC,"En la Navidad de Elda habrá música en la calle, talleres infantiles, animación y espectáculos

La Navidad en Elda tendrá música en la calle, ludoteca para los más pequeños, animación y talleres infantiles, carpa de navidad, desfile de personajes, conciertos de música, obras de teatro, San Silvestre, el Bando Real, la Cabalgata de Reyes y la Bajada de Antorchas de Bolón. Elda tiene una gran programación navideña para vivirla en la calle, con la familia y los amigos. El alcalde comentó que la programación está preparada para gustar a todo el mundo con actividades para todas las edades y espectáculos de más calidad. Destaca más luces como el árbol de navidad que inaugurarán en la Plaza Mayor o el nuevo Concurso de Decoración del Teatro Castelar. Las actividades comenzarán el 23 de diciembre. 

Programa Navidad

Viernes 15 de diciembre 
6 de la tarde Inauguración decoración Teatro Castelar
6 y media de la tarde Encendido del árbol navideño en la Plaza Mayor

Sábado 23 de diciembre
de 11 y media de la mañana a 1 y media de la mañana, ludoteca en el Mercado Central y en el Mercado de San Francisco
5 y media de la tarde Carpa de Navidad en la Plaza Castelar con animación para niños

Domingo 24 de diciembre
de 11 y media de la mañana a 1 y media de la mañana, ludoteca en el Mercado Central
5 de la tarde Tardebuena

Martes 26 de diciembre 
de 10 de la mañana a 1 de la mañana Talleres Infantiles en la Plaza Castelar

Miércoles 27 de diciembre
de 10 de la mañana a 1 de la mañana Talleres Infantiles en la Plaza Castelar
5 y media de la tarde. Navidad Express, evento de animación infantil

Jueves 28 de diciembre 
de 10 de la mañana a 2 de la tarde y de 5 de la tarde a 7 y media de la tarde Talleres infantiles en Plaza Castelar"
4580,FAC,"Horarios de cierre de las salas de exposiciones del Castillo de Santa Bárbara
 
 Desde hoy y hasta nuevo aviso las salas de exposiciones del Castillo de Santa Bárbara cierran a las 7 de la tarde."
490,FAC,"El vicealcalde de Orihuela José Aix informó que han aprobado las bases para dar subvenciones destinadas a ayudar a pymes, micropymes, pequeños empresarios autónomos y profesionales del municipio para hacer frente a los aumentos de los precios de la energía. Las subvenciones tendrán un importe máximo de 4 mil euros por solicitante y se pueden pedir en la sede electrónica del Ayuntamiento de Orihuela. Además, se ha aprobado la concesión de subvenciones a 37 comisiones de fiestas del municipio para que celebren sus actividades. El dinero total de las subvenciones es de 324.631,64 euros y se repartirá entre todas las organizaciones para el año 2022. El acuerdo contempla el pago del 80 parte de 100 del dinero, mientras que el resto se pagará una vez se pagen los gastos que han dado lugar a la concesión de la subvención.
Pymes son empresas pequeñas o medianas.
Micropymes son empresas con menos de 10 trabajadores
y que ganan menos de 2 millones de euros al año.
"
3188,FAC,"El primer encuentro español de autores literarios será el 29 de enero en Alicante

El 29 de enero será el primer encuentro español de autores literarios en Alicante que quiere inspirar a más personas a escribir. Participarán nuevos autores y autores con experiencia de diferentes partes de España. 
Durante el evento cada autor presentará un trozo de su libro. Puedes ver el acto por internet. También habrá charlas sobre cómo adaptar novelas a series de televisión y llevarlas al cine.
Entre los invitados destacados hay autores como Ana Lena Rivera, Fernando J. Múñez y Lucía de Madrid, entre otros. El evento busca promover la literatura y compartir experiencias entre escritores.
"
1180,FAC,"Rufus Wainwright en el Gran Teatro de Elche
Fecha: sábado 15 de abril
Lugar: Gran Teatro de Elche
Evento: Gira Solo
Artista: Rufus Wainwright que es un cantante y autor de Estados Unidos. Los padres de Rufus son los artistas Loudon Wainwright y Kate McGarrigle.
Premios:
Artista del año por Rolling Stone en 1998
Premio Juno al Mejor Álbum Alternativo en 1999 y 2002 por Rufus Wainwright y Poses
Discografía:
13 álbumes
Último álbum: Take All My Loves en 2016
Ópera: Prima Donna que se estrenó en Nueva York en 2012
Temas más conocidos: Hallelujah, Going to a Town y The One You Love
Nuevo Trabajo:
Down In The Willow Garden con Brandy Carlile que salió en marzo
Próximo álbum: Folkocracy que estará disponible el 2 de junio
Nueva canción: Heading For Home con John Legend
Gira en España:
Varias fechas en abril
Participación en el Universal Music Festival en el Teatro Real en julio
"
1041,FAC,"La Concejalía de Deportes anuncia que el Campeonato Europeo Junior de Natación Artística se celebrará en las Piscinas Municipales Monte Tossal de Alicante del 29 de junio al 3 de julio del año 2022. Las entradas se pueden coger en la piscina o en la página web de la Real Federación Española de Natación https://rfen.es/es/posts/news/336131
"
621,FAC,"Mar Ezcurra y Fini Soler han anunciado la próxima representación de la Pasión, Muerte y Resurrección de Jesús de Nazaret en la iglesia Parroquial de Santiago del Mayor. La directora de la obra es Manoli García y el director de honor es Atanasio Die. Esta obra se representa hace 20 años y participan 43 actores y 10 ayudantes de diferentes edades, nacidos en Orihuela y sus pedanías. Habrá 2 sesiones el sábado 2 y el domingo 3 de abril a las 8 y media de la tarde."
1904,FAC,"Pasión por la escritura
El Ayuntamiento de Elda y la concejalía de Cultura publican un libro llamado Pasión por la escritura. El libro lo escribieron los alumnos del Taller de Escritura Creativa de Elda. El libro tiene 70 relatos escritos por 19 personas.
La concejalía de Cultura quiere fomentar la lectura y la escritura.
La portada del libro la hizo el pintor de Elda Patrocinio Navarro."
1260,FAC,"Elche empieza la campaña de verano de las piscinas municipales al aire libre que finalizará en septiembre. El alcalde de Elche visitó las instalaciones para conocer el servicio. En el año 2022 muchas personas utilizaron las piscinas al aire libre y las piscinas cubiertas. Este año 2023 esperan que más personas las usen por eso Ayuntamiento revisará los precios de la entrada y los bonos para reducirlos y hacer un servicio accesible para todos. La entrada para adultos son euros con 5 céntimos y para niños de 12 años a 14 años cuesta 1 euro con 5 céntimos. La entrada es gratuita para menos de 14 años que vayan acompañados de adultos. El bono de 20 baños cuesta 20 euros con 5 céntimos y las familias numerosas tienen un 25 por 100 de descuento. El bono infantil para niños de 12 a 14 años vale 10 euros con 15 céntimos. Están realizando inspecciones en las instalaciones para que las piscinas municipales estén en perfectas condiciones. Los cursos de natación de verano empezarán la próxima semana y en el mes de julio. El miércoles abrieron las inscripciones para apuntarse en  en la sección de actividades acuáticas.
"
1837,FAC,"Las jugadoras del Club Balonmano Elche son Campeonas de España
El alcalde da la enhorabuena a las jugadoras del Club Balonmano Elche llamadas Las Guerreras, por ser campeonas de España y conseguir su segundo título nacional ganando al Súper Amara Bera Bera en la final de la Supercopa de chicas ayer en Torrelavega. 
Es un equipo que trabaja con esfuerza mucho y con un entrenador que sabe motivar al equipo.
Cuando las jugadoras llegaron a Elche, después de ser campeonas de España por ganar la final de la Supercopa femenina de balonmano en Torrelavega, las recibieron con aplausos en la Plaza de Baix. En el recibimiento estaban el alcalde, concejales, familiares, aficionados y medios de comunicación para celebrar su victoria. "
2586,FAC,"Vuelve la Media Maratón de Aguas de Alicante
La edición 26 de la Media Maratón y los 10 kilómetro de Aguas de Alicante vuelven a la ciudad de Alicante. Participan en la carrera más de 2 mil corredores de toda España. La prueba será el domingo 20 de febrero a las 9 y media de la mañana. La carrera empieza en el Muelle de Levante y recorrerá las calles más importantes de la ciudad. Esta carrera será prueba oficial del calendario de la Federación Española de Atletismo. Otra vez Alicante une turismo y deporte y favorece la economía de la ciudad. Para más información entrar en mediamaratondealicante.com 
"
2232,FAC,"La programación del Teatro Circo Atanasio Die de Orihuela con música, teatro y mucho humor 
Esta mañana la concejala de Cultura y Juventud presentó la nueva programación del Teatro Circo Atanasio Die con conciertos, teatros, musicales, humor y espectáculos infantiles.  
Estas actividades son para que todas las familias disfruten de la cultura de una forma segura. 

Programación teatro:
sábado 10 de abril a las 6 de la tarde el musical Willy Wonka y la fábrica de chocolate 
sábado 15 de mayo a las 8 de la tarde la obra Llévame hasta el cielo 
de Nacho Llorente, Lolita Flores y Luis Mottola
domingo 23 de mayo a las 8 de la tarde la obra Las leandras del amor
con entrada gratis
viernes 28 mayo y el sábado 29 de mayo el musical La llamada
Programación conciertos:
sábado 17 de abril a las 9 y media de la noche concierto de India Martínez
domingo 27 de abril a las 7 de la tarde actuará el violinista Ara Malikian.
viernes 1 de mayo a las 7 y media de la tarde será la obra La noche sabinera con Pancho Varona y Mara Barrrios
viernes 30 de mayo a las 12 de la mañana y a las 5 de la tarde, teatro infantil con Canta Juego, Te extiendo mi mano
sábado 5 de junio a las 8 de la tarde concierto de Sidonie
sábado 12 de junio concierto de Otto que es un cantante de Orihuela con entrada gratis
Programación humor:
viernes 23 de abril a las 8 y media de la tarde monólogo titulado Mal acompañado de Pablo Chiapella 
viernes 7 de mayo a las 9 y media de la noche el monólogo titulado Imbécil. Midiendo las palabras de Alex O´Dogherty
jueves 20 de mayo a las 9 y media de la noche el monólogo titulado Deja que cuente de Leo Harlem  
viernes 11 de junio a las 9 y media de la noche el monólogo titulado Festejen la broma de Joaquín Reyes 
"
256,FAC,El guardacostas Francesc Cantó terminó la carrera en 2 minutos y 35 segundos para anunciar que había encontrado el arca con la imagen de la Virgen. Francesc tuvo una caída pero pudo continuar sin problemas. El alcalde Carlos González y otras personas importantes del Ayuntamiento recibieron a Francesc cuando llegó e hicieron un brindis por él. Después informaron a los ciudadanos de Elche de que la Virgen se encontró y empezó la romería por las calles de la ciudad.
2494,FAC,"El alumno Kevin Alcolado de la Escuela Taurina Municipal de Alicante llega a la final del certamen Villa de Ampudia

El alumno Kevin Alcolado de la Escuela Taurina Municipal de Alicante participará en la final del Encuentro de Escuelas Taurinas Villa de Ampudia número 2 el domingo 29 de mayo. 
La Asociación Cultural Taurina de Palencia organizó el evento. En el evento participarán otros 48 alumnos de diferentes escuelas taurinas de España como Salamanca, Badajoz, Alcázar de San Juan y Palencia.
La concejala de la plaza de toros Mari Carmen de España felicitó a Francisco José Palazón que formó a los alumnos de Alicante y destacan la clasificación de Kevin Alcolado para la final como un éxito.
Nacho Lloret que es el empresario de la plaza de toros de Alicante expresó su orgullo por los alumnos y felicitó a Francisco José Palazón por la preparación de los estudiantes."
2029,FAC,"Los guardianes del bosque encantado ganan el primer premio del Carnaval Adulto de Benidorm 

Benidorm volvió a celebrar el Carnaval en este año 2022. El disfraz grupal de Los guardianes del bosque encantado ganó el primer premio. El jurado decidió que este disfraz fue el mejor del desfile. El desfile estaba organizado por l’Associació de Penyes. En el desfile participaron 30 grupos. Este año el recorrido del desfile comenzó en la calle Venus a las 9 de la noche y acabó en el auditorio Julio Iglesias del Parque de l’Aigüera. Los ganadores cobraron mil euros. La Reina de las Festes Majors Patronals y sus Damas de Honor iban las primeras en el desfile.

El alcalde, Toni Pérez, el concejal de Fiestas, Jesús Carrobles, miembros del ayuntamiento, la Reina Mayor de les Festes Majors Patronals, Aila Merenciano y el presidente de l’Associació de Penyes Verge del Sofratge, Adrián Romero participaron en la entrega de premios. El jurado dio el segundo premio a Tribu africana que ganaron 800 euros. El tercer premio fue para La que se avecina que ganaron 600 euros. 
También recibieron premio Superhéroes con 400 euros, Viaje a la luna, con 200 euros y Payasos de ayer y hoy, Rainbow Party y Pasteleros con 100 euros cada uno. 

En la categoría Individual hubo 3 premios. El premio de 300 euros a Veneciano, el de 200 euros a Vacuna Batata y el de 100 euros a Pasta Macarroni.
Después del desfile, hubo una fiesta presentada y amenizada por Los 40, con los discjockey Varu y Aitor Belda, y en la que también hubo barra a precios populares. 
El martes 1 de marzo será el Entierro de la Sardina que empezará a las 9 de la noche en la Plaza Mayor y recorrerá algunas de las principales calles del centro urbano. 




 
"
785,FAC,"Este fin de semana empieza la elección de la nueva Reina de la Sal y sus Damas de Honor en Torrevieja. La Concejalía de Fiestas organiza un día de convivencia para que el jurado pueda conocer a las 3 candidatas. Ellas serán la nueva reina y sus damas. La elección y coronación es en las fiestas patronales en honor a La Purísima Concepción. Las participantes son Juncal Gómez Rivero, Victoria Magoñ Rodríguez y Marta Mesa Vizcaíno. Primero hay un encuentro con el jurado y después otra reunión en la que se elige a la Reina. Hay un acto donde anuncia y se corona a la Reina.
"
1225,FAC,"Exposición Del Quiosco a la Biblioteca: La Colección de cómics de Alberto Miralles. 
Lugar: Antigua Capilla de la Orden Tercera Franciscana en la Plaza de Reyes Católicos 20B
Fecha: Del 21 de abril al 18 de junio del año 2023 
Horario: De martes a sábado: de 10 de la mañana a 2 de la tarde y de 3 de la tarde a 6 de la tarde. Los domingos y festivos: de 10 de la mañana a 2 de la tarde. 
Los lunes estará cerrado. 
Casi 2000 personas han visitado la exposición. Esta exposición forma parte de un proyecto más grande para fomentar de la lectura y está financiado por el Ministerio de Cultura. Ha incluido talleres, clases magistrales, rincones de lectura y otras actividades. Se ha catalogado toda la colección de cómics de Alberto Miralles para la exposición y las personas podrán consultar y ver todos los cómics en la biblioteca municipal de Elche. Los cómics se pueden ver en la sala y no se pueden sacar de la biblioteca. "
93,FAC,"Se va a fabricar un conjunto de 5 sillas de aluminio fino para ser instaladas alrededor del Teatro Principal de Alicante, como parte de un proyecto de agradecimiento a los actores homenajeados en el Festival de Cine de la ciudad. Cada silla llevará el nombre del actor o actriz homenajeado y una placa con la fecha del evento y el nombre del artista. El proyecto original contemplaba la creación de esculturas de metal fundido personalizadas por distintos artistas importantes para cada actor o actriz homenajeado, que luego se usarían como mobiliario urbano, pero se ha optado por sillas iguales que se producirán en función de los artistas homenajeados cada año. Con esto se busca fortalecer la identidad alicantina y favorecer las relaciones vecinales. El presupuesto del proyecto es de 46 mil 104,88 €uros, IVA incluido, y se calcula que se completará en 13 semanas.
"
4288,FAC,"La concejala de Cultura entrega el premio 1 del concurso de Relatos Urbanos
 La concejala de Cultura María Dolores Padilla está en la entrega de los premios del concurso Relatos Urbanos del 2017.
 El premio número 1 fue para Rafaela Lillo. 
 El premio número 2 fue para María Rosario Mohinelo.
 El premio número 3 fue para Elena Sanz Baeza.
 El jurado para elegir a los ganadores fue dirigido por Manuel Avilés. 
 El jurado estaba formado por: 
 José Luis Ferris
 Ramón Mayo
 Marisol Sánchez
 Mariano Sánchez Soler
 Ana Pomares
 Araceli Puga 
 y Sandra Lamrani
 Este evento fue el 27 de abril del 2018 en la carpa de la Feria del Libro.
 Aunque llovía, fueron muchas personas, Manuel Avilés presentó el evento que es la edición número 11.
 La concejala de Cultura entrega el premio número 1 a la hija de Rafaela Lillo.
 José Antonio López Vizcaíno presidente de la Asociación Provincial de Libreros entrega el premio número 2.
 Mariano Sánchez Soler escritor, periodista y poeta entrega el permio número 3. 
 El concurso recibió más de 300 historias. 
 40 historias fueron incluidas en el libro Relatos Urbanos del 2017 que ofrecen en la Feria del Libro."
647,FAC,"El alcalde de Torrevieja Eduardo Dolón y la concejal de Turismo Rosario Martínez presentaron en una campaña en FITUR 2023 a Torrevieja como una ciudad para desconectar, estar tranquilos, disfrutar de la naturaleza y sus personas. El anuncio invita a la gente a desconectar del mundo de las tecnologías y conectar con Torrevieja, destacando su naturaleza y lugares para compartir en familia o con amigos. El anuncio se publicará en redes sociales y podrás ver imágenes muy bonitas de las Salinas, el mar, las actividades en el mar, la comida de la ciudad, el Parque Natural, y muchas cosas más. Esta campaña va dirigida al público de España y de otros países.
"
865,FAC,"La mitad de las personas que están apuntadas para ir a las Vías Ferratas de Bolón en Alicante son de fuera de la provincia, por ejemplo de Albacete, Valencia, Madrid y Murcia. También hay algunos participantes de Navarra, Almería, Barcelona, Zaragoza y Vitoria. Además de las personas que viven en Elda o pueblos de la provincia como Petrer, Sax, Novelda, Alcoy, Villena, y muchos más. 

El concejal de Deportes Fernando Gómez destaca el interés que tiene la gente en las Vías Ferratas de Bolón en toda España. Las instalaciones de la ciudad al aire libre tienen un valor deportivo y de turismo muy importante para Elda. Este tipo de actividades atrae a muchos deportistas. 

El proyecto de Elda también fomenta el turismo rural y deportes de aventura al aire libre. Desde la Concejalía de Turismo hicieron un folleto con información sobre las vías ferratas, los tramos y cómo llegar al aparcamiento. 

Las Vías Ferratas de Bolón tienen un recorrido de más de mil metros en 3 vías ferratas con diferentes niveles de dificultad. Hay tramos horizontales, verticales e inclinados. También hay puentes tibetanos, un puente mono y 2 tirolinas. 

Para ir a las Vías Ferratas de Bolón tienes que apuntarte por internet y tener una licencia federativa o seguro deportivo. También puedes pedir información en la Oficina de Turismo de Elda.
"
2780,FAC,"Alicante celebra el Cross Escolar número 9 y la Milla Mercalicante Salud Mediterránea número 3
La concejalía de Alicante y Mercalicante organizan el Cross Escolar número 9 y la Milla Mercalicante Salud Mediterránea número 3. Las competiciones serán el domingo 15 de marzo a las 10 de la mañana en Mercalicante. Las incripsciones son gratuitas en el enlace . En la Cross Escolar competirán 9 categorías. En la Milla competirán 2 categorías. 
"
3953,FAC,"Inauguración de La Llum: Centro de Investigación Creativa en Alicante
 El alcalde de Alicante Luis Barcala inauguró La Llum que es el nuevo Centro de Documentación, Investigación e Innovación Educativa de la Fundación Caja Mediterráneo. 
 La exposición en La Llum muestra el trabajo de personas importantes en la historia de Alicante como Gabriel Miró, Óscar Esplá, Emilio Varela, y otros. La exposición muestra objetos originales como el despacho de Miró, pinturas de Sempere y el piano de Esplá.
 La Llum está abierta para todos y permite a las personas de Alicante, colegios y grupos conocer la importancia de estas personas en el arte de España entre finales del siglo 19 y el siglo 20."
157,FAC,"La Generalitat Valenciana dio una subvención de 150 mil euros al Ayuntamiento de elche para adaptar las salas del Palacio de Altamira y hacer una nueva zona de exposiciones temporales en el MAHE que cumpla los requisitos. El proyecto completo de la reforma costará en total casi 1 millón de euros. El objetivo es mejorar las condiciones del Palacio de Altamira para conseguir que las piezas de las exposiciones estén bien conservadas.
"
296,FAC,El Festival Internacional de Órgano número 11 será el próximo viernes 24 de febrero a las 8 de la tarde en la Iglesia Parroquial de Sant Jaume i Santa Anna de Benidorm. El Ayuntamiento de Benidorm y la Concejalía de Cultura organizan el festival. En el festival participarán los organistas Olimpio Medori y Mara Fanelli. También tendrá obras musicales de diferentes compositores. El precio de la entrada es gratis. La próxima cita del festival será el 31 de marzo con el concierto de los alumnos del Conservatorio Profesional de Música de Alicante.
2850,FAC,"Agenda cultural del 17 de junio al 23 de junio
Guaraná que es un grupo de música de los años 90 de Alicante toca el viernes a las 9 y media de la noche en el castillo de Santa Bárbara para hacer divertido el comiendo de las fiestas de Hogueras de Alicante.

Durante el fin de semana de las hogueras hay mascletás en Luceros, el espectáculo de la Arribada del Foc y el desfile de Bandas.
Desde el 18 hasta el 24 de junio hay mascletás en la Plaza de los Luceros a las 2 de la tarde.

El primer fin de semana hay una exposición con 100 obras dedicadas a Bruno Munai en el MAC que es el Museo de Arte Contemporáneo de Alicante. Esta exposición estará hasta el 25 de septiembre. 

El viernes por la noche inauguran el Mercado de Hogueras que estará abierto hasta la madrugada del 24 de junio.
En el mercado pondrán durante todo el día música para bailar y comida conocida de Alicante.

El viernes a las 11 de la noche celebrarán la Arribada del Foc que es un espectáculo de luz, pólvora y sonido y será en El Corte Inglés.

Este sábado a las 7 de la tarde es la entrada de bandas.

El 21 y 22 de junio a las 7 de la tarde será la entrega de flores por las calles de la ciudad.

El 23 de junio a las 8 de la tarde será el desfile típico de Alicante. 

Las hogueras empiezan con fuegos artificiales y el 24 de junio quemarán todos los monumentos de la Hogueras durante la madrugada.
Este viernes a las 8 de la tarde, la Banda Sinfónica de Alicante dará un concierto en la Plaza de Toros por el Pregón de la Feria Taurina de les Fogueres 
de San Juan edición número 11. 

En el Centro de las Artes puedes visitar hasta el 1 de julio las obras de María Balibrea.
En las obras de María Balibrea hay historias donde un columpio es protagonista. 

En el Centro Cultural Las Cigarreras este viernes a las 6 de la tarde hay una Jornada de teatro y visualización de unos videos sobre Solidaridad con otros países del País Valenciano.
El objetivo de estos videos es ver la realidad y defender los derechos de las personas que salen de su país en busca de una vida mejor.



"
1864,FAC,"El Ciclo de Presentaciones Literarias Otoño 2021 comenzará en el Museo del Calzado de Elda
El próximo miércoles empezará el Ciclo de Presentaciones Literarias Otoño 2021, con la coordinación del colectivo cultural independiente Farfanías, Taller de Letras y Música y la colaboración de la concejalía de Cultura y de un importante número de colectivos culturales locales. 
El calendario del ciclo empieza desde el 15 de septiembre hasta a mitad de diciembre de 2021.
Las presentaciones cerradas para el mes de septiembre son:
Fecha: miércoles 15 de septiembre 
Horario: 8 y media de la tarde
Lugar: Museo del Calzado
Libro: La vida rota
Presentador: Juan Vera Gil 
Fecha: martes 21 de septiembre
Horario: a las 8 de la tarde 
Lugar: en el auditorio ADOC
Libro: Vivir saludable 
Presentador: Patricio Llamas
Fecha: jueves 23 de septiembre 
Horario: a las 8 y media de la tarde
Lugar: Fundación Paurides González Vidal
Libro: Tongolele, no sabe bailar
Presentador: Conchi Agüero
Fecha: miércoles 29 de septiembre 
Horario: a las 8 y media 
Lugar: Salones Princesa
Libro: Pacta con el diablo; mantente siempre joven y en forma
Presentador: José Antonio Bernabéu
"
3802,FAC,"5 excursiones gratis para personas mayores 
 La concejala de Acción Social Julia Llopis organiza 5 excursiones culturales y medioambientales para personas de los centros de mayores de Alicante.
  
 Las personas que quieran participar en las excursiones tienen que apuntarse en su centro de mayores.
 Las excursiones tienen monitores.
 Las excursiones serán:
 El 31 de enero para recorrer la Serra Grossa. Los participantes tienen que llevar ropa y calzado cómodo.
 El 7 de febrero en Urbonava y Santa Pola. 
 El 20 de febrero visitar el MARQ que es el Museo Arqueológico de Alicante.
 El 21 de febrero recorrer las playas de La Albufereta y San Juan. 
 El 28 de febrero pasear por Mutxamel. 
 
 La concejalía de Acción Social prepara estas excursiones para que las personas mayores disfruten y convivan de forma saludable.
 
 Las excursiones son del programa de actividades que hacen durante todo el año para personas mayores la concejalía de Acción Social."
831,FAC,"Más de 300 personas visitaron el Teatro Castelar en los 3 primeros meses del año. El teatro es la referencia de cultura de Elda y personas importantes como Miguel de Unamuno lo visitaron. El teatro forma parte de varias rutas y actividades de turismo que organiza el Ayuntamiento, como visitas virtuales y temáticas como Elda Emblemática y Elda Republicana. También se ofrece la actividad turística Arriba el Telón que incluye un recorrido por el teatro. El colegio Padre Manjón y el Instituto de Educación Secundaria El Monastil hicieron visitas guiadas. Pronto habrá un cambio en el programa de teatro con la obra El Rey Lear de la compañía Atalaya. También habrá otras actuaciones importantes en abril y mayo como El Ballet del Sur y Cor i Terra. Puedes comprar las entradas en Servientradas o en las taquillas del teatro. Puedes consultar más información en la web  https://www.agendaelda.com/INICIO.html."
4111,FAC,"Exposición: La Disuasión: La Marea y El Límite. 
 Esta tarde inauguraron la exposición del proyecto elegido en la edición 3 del concurso BuitBlanc de la concejalía de Cultura del Ayuntamiento de Alicante en las Cigarreras para 2018. El nombre del proyecto es: La disuasión: la marea y el límite. Es un proyecto de Rosell Meseguer, tutorizado por Fernando Gómez de la Cuesta. Rosell Meseguer es de Orihuela, Alicante. Investiga las diferentes arquitecturas y edificios de defensa, de camuflaje de ataque y de frontera de diferentes zonas de la costa del mar Mediterráneo.
 En la inauguración estaban la concejala de Cultura María Dolores Padilla, la autora de la exposición Rosell Meseguer y el organizador de la exposición Fernando Gómez de la Cuesta. Puedes visitar esta exposición en la Caja Blanca de Las Cigarreras hasta el 17 de febrero."
3119,FAC,"El MACA estrena exposición
El MACA que es el museo de Arte Contemporáneo de Alicante estrena la exposición Obertura. Más Allá de los Mapas que podrás visitar del 12 de marzo al 29 de mayo. Michael y Javier llevan 25 años haciendo esta colección que ahora darán a la ciudad de Alicante para que la exponga en el MACA. La colección entera tiene 291 piezas de 162 artistas de diferentes países. 20 artistas son de Alicante. Las obras son de dibujo, escultura, pintura, fotografía, libro o vídeo. Obertura. Más allá de los mapas es el título de la exposición que participan 49 artistas de diferentes edades y países, muchos son mujeres. "
1532,FAC,"Las calles y plazas de Elda tendrán un ambiente festivo con la campaña Crea tu Navidad
El Ayuntamiento de Elda organiza del 5 de diciembre al 5 de enero muchas actividades navideñas para disfrutar con familia y amigos. La concejala de Fiestas y Turismo da a conocer los detalles de la campaña. Destaca el encendido del alumbrado navideño que este año realizará la niña ganadora del concurso de dibujo del cartel que anuncia la Cabalgada de Reyes 2020. El acto comenzará a las 5 de la tarde en la Plaza Mayor y a las 7 de la tarde encenderás las luces. 
El Ayuntamiento impulsará la celebración de la Tardebuena el 24 de diciembre a las 5 de la tarde. El 29 de diciembre a las 6 de la tarde llegará el Paje Real, acto que terminará en la carpa de la Plaza Castelar con un musical infantil navideño. "
111,FAC,"El alcalde de Elche, Carlos González, ha recibido al presidente de la Orquesta Sinfónica de Elche (OSCE), Carlos Pérez. Ha anunciado que el Ayuntamiento ha duplicado su ayuda a la orquesta, ha aumentado el presupuesto del convenio de colaboración de 2023 de 60 mil a 120 mil euros. Carlos González ha destacado la importancia de la OSCE en la cultura de la ciudad y ha explicado que el proyecto de la OSCE es seguro.  La OSCE cumple 35 años de actividad y es una de las nueve orquestas sinfónicas de España más conocida internacionalmente. Además, el alcalde ha dicho que una parte del presupuesto será para que el Ayuntamiento se convierta en el patrono de la nueva Fundación de la OSCE."
2045,FAC,"Justin Quiles con reggaetón en el auditorio Julio Iglesias de l’Aigüera 
Ayer por la noche Justin Quiles que es un artista de Estados Unidos y tiene 31 años actuó en el en el auditorio Julio Iglesias del Parque de l’Aigüera con muchos fans que cantaban y bailaban en sus sillas todas las canciones.
Más de mil personas asistieron al concierto y completaron el número de personas permitido. Todos los asistentes estaban sentados con muchas ganas de bailar y cantar en sus sillas. Justin Quiles está de la gira por España y también irá a Madrid, Barcelona, Bilbao y Granada. Justin Quiles cantó canciones muy conocidas con las que es conocido en el mundo 
y su última canción creada llamada La última promesa que empezó a escucharse el 19 de agosto. Los asistentes al concierto pudieron escuchar y bailar varios estilos y sonidos que hacen tan conocido al cantante. El cantante no cantó solo reggaetón también dio toques de trap en algunas canciones. Trap es un tipo de música parecido al rap. Justin Quiles cantó canciones como Jeans que es escuchada más de 282 millones de veces, El Alfa que es escuchada más de 178 millones de veces y PAM, Loco, Chimbala o Ponte pa mí."
1302,FAC,"La Concejalía de Cultura y Educación de Benidorm organiza el ciclo del teatro “Joves Espectadors” en la auditoria del centro cultural. Los alumnos de primero de secundaria visitan la obra de teatro “Full House” representada por Eléctrico 28. Full House es una obra de convivencia que a través del teatro quieren enseñar la historia de 3 vecinos, un koala, un perro y un caballo muy distintos que sólo se preocupan de ellos mismos. La situación cambia con la llegada de un nuevo vecino: un tigre también muy distinto pero pendiente de todo el mundo, lo que hace que los antiguos vecinos empiecen a prestar atención de los demás. Esto hace que todos se conozcan. El ciclo “Joves Espectadors” tiene como objetivo acercar el teatro a los jóvenes de la ciudad. La obra recibe muchos premios como el Fetén 2023. Es una obra que anima a la imaginación, al pensamiento y al juego por las mascaras que se utilizan en la obra que gusta mucho a los jóvenes."
1192,FAC,"Actos en Elche
En el Gran Teatro 
El viernes 28 de abril a las 8 de la tarde 18 Bienal de Teatro de la ONCE con la obra de teatro Una Hora Lorca. La entrada es gratuita con invitación que se puede recoger en la taquilla del Gran Teatro, en la sede ONCE Elche y en la sede ONCE Benidorm. 
El domingo 30 de abril a las 7 de la tarde 12 Festival abril en danza Yarin de Kukai Dantza. Espectáculo de danza contemporánea y danza tradicional vasca. El precio de la entrada es de 10, 12 y 15 euros, se pueden comprar en la taquilla o en Instanticket. El espectáculo dura 55 minutos. 
En los Cines Odeón
Del miércoles 26 de abril al domingo 30 de abril proyección de la película El despertar de María. Habrá 3 pases a las 5 y media de la tarde, a las 8 de la tarde y a las 10 y media de la noche. La entrada se puede comprar en la taquilla o en Instanticket. 
El jueves 27 de abril cine en valenciano con la película El fred que crema. Habrá 2 pases a las 8 de la tarde y a las 10 y media de la noche. La entrada en libre hasta completar aforo. 
El sábado 29 de abril y el domingo 30 de abril habrá cine infantil con la película Inspector Sun y la maldición de la viuda negra. El sábado habrá 2 pases a las 5 y media de la tarde y a las 8 de la tarde. El domingo 1 pase a las 5 y media de la tarde. Las entradas se compran en la taquilla o Instanticket. 
El precio de las entradas al cine son entrada general 3 euros, el miércoles es el día del espectador y la entrada vale 1 euros y medio y gratis con la tarjeta dorada del Ayuntamiento. Los jueves es gratis con el carné de centro educativo para estudiantes de secundaria, bachillerato y universidad de Elche.
Filmoteca en Vose los jueves a las 8 de la tarde y a las 10 y media de la noche. 
En el Centre Cultural L’Escorxador
El miércoles 26 de marzo a las 7 de la tarde concierto de primavera del Conservatorio Profesional de Música de Elche. La entrada es gratuita con invitación que se recoger una hora antes de la función en la taquilla del centro cultural. 
El sábado 29 de abril y el domingo 30 de abril taller de danza Danseu-vos de 10 de la mañana a 1 y media de la mañana para niños y adultos. El taller será en la Sala Escéniques. Para inscribirse de forma gratuita escribir un correo al  danseu.vosmail.com
El sábado 29 de abril a las 9 de la noche actuación de danza Los Perros. La entrada se podrá comprar en la taquilla del Gran Teatro y en Instanticket o el mismo día de la función en la taquilla del centro cultural. Precio de la entrada 10 euros.
El domingo 30 de abril de 11 a 1 de la mañana taller infantil de arte Malévich y el suprematismo con entrada gratuita. Inscribirse en el número de teléfono 684082555.
En La Llotja
El viernes 28 de abril Ciclo Llotjazz Día Internacional de Jazz a las 10 de la noche con la presentación de su disco Disco Bleu de Nacho Casado. Entradas en la taquilla del Gran Teatre, en la taquilla de la Sala Cultural la Llotja o Instanticket. 
El sábado 29 a las 10 de la noche el actor y humorista Canco Rodríguez presenta su show “El rock and roll ha muerto”. Entradas en la taquilla del Gran Teatre, en la taquilla de la Sala Cultural la Llotja o Instanticket. 
La Tramoia
El sábado 29 de abril a las 6 de la tarde teatro infantil Ehuna. Información y reservar en el teléfono 966 63 54 54
En las Bibliotecas
El jueves 27 de abril en la Biblioteca Gloria Fuertes a las 5 y media de la tarde cuentacuentos La Fuga. 
El sábado 29 de abril exposición y taller de Cómic para el 2050 en la Biblioteca Pedro Ibarra. La visita a la exposición es a las 5 y media de la tarde. A las 6 de la tarde taller de cómic.
El 26 de abril en la Biblioteca Pedro Ibarra cuenta cuentos para niños y niñas de 3, 4 y 5 años Navegando rimando y cuentos contando con visita programa con los centros educativos. 
El jueves 27 de abril a las 7 de la tarde presentación del libro Sin escrúpulos en la Biblioteca Pedro Ibarra. El club de lectura Memorias de Adriano a las 5 de la tarde en la sala multiusos de la Biblioteca Pedro Ibarra. 
En el Museo Arqueológico y de Historia de Elche MAHE
Exposición La Dama Viajera. Horario de visita de lunes a sábado de 10 de la mañana a 6 de la tarde. Domingos y festivos de 10 de la mañana a 3 de la tarde. La exposición es gratuita y finaliza el 31 de mayo del año 2023.
Viernes 28 de abril a las 7 de la tarde Ciclo de música para la Dama Conjunto de Violas. Entrada gratuita hasta completar aforo. 

En el Centro Cultural Clarisas
Del 26 de abril al 14 de mayo exposición Muestra de arquitectura reciente en Alicante 2020-2021. Visita de martes a sábado de 10 de la mañana a 2 de la tarde y de 3 de la tarde a 8 de la tarde. Domingos y festivos de 10 de la mañana a 2 de la tarde. 
El viernes 28 de abril a las 7 de la tarde evento de poseía y música Gala 4 de Primavera de la Poesía. La entrada es libre. 
En la Lonja Medieval
El 23 de marzo a las 10 de la mañana inauguración de la exposición Elche paraje exótico. La mirada de Didier Petit de Meurville. Visita de martes a sábado de 10 de la mañana a 2 de la tarde y de 3 de la tarde a 6 de la tarde. Domingos y festivos de 10 de la mañana a 2 de la tarde. La exposición finalizará el 4 de junio. Entrada gratuita. 
En la Orden Tercera
Del 21 de abril al 18 de junio exposición Els còmics de Alberto Miralles. Horario de visitas de martes a sábado de 10 de la mañana a 2 de la tarde y de 3 de la tarde a 6 de la tarde. Domingos y festivos de 10 de la mañana a 2 de la tarde. Visitas guiadas a grupos: 966 658 125.
Del 29 de abril al 13 de mayo taller familiar Cómic per al 2050. Visita a las 10 y media de la mañana y taller a las 11 de la mañana. Del 3 de mayo al 17 de mayo a las 5 y media la visita y a las 6 de la tarde el taller. 
Barrios y pedanías
El viernes 28 de abril a las 6 de la tarde en el Centro Cívico Francesc Cantó teatro Jesús Vaya novio. 
El sábado 29 de abril a las 8 de la tarde en el Centro Cívico La Palmera Carrús música Kilombo Kilombé. 
El domingo 30 de abril a las 5 y media de la tarde en el Centro Cívico de Torrellano Bajo teatro El avaro. 
Juventud
El 26 y 27 de abril Bailes latinos en la Sala joven la Hoya de 6 y media a 8 de la tarde. 
Curso inicio a la robótica en la Sala Joven Carrús de 6 de la tarde a 8 de la tarde. Finaliza el 26 de mayo.  Dirigido a personas de 14 a 30 años
Curso inicio al Coreano en la sala Joven La Lonja de 6 a 8 de la tarde. Finaliza el 15 de mayo. Dirigido a personas de 14 a 30 años. 
Formación robótica una ciudad sostenible de 5 y media de la tarde a 7 y media de la tarde. Finaliza el 17 de mayo. Dirigido a personas de 12 a 17 años. 
Curso inicio a juegos de rol el 26,27 y 28 de abril de 5 a 8 de la tarde en la Sala Joven La Lonja. Dirigido a personas de 12 a 30 años.
Curso de inicio al bordado los días 26 y 27 de abril de 5 y media de la tarde a 6 y media de la tarde en la Sala Joven Las Bayas. 
En el jardín botánico
Exposición de fotografía Tránsitos. El agua, la luz y las plantas. En el pabellón Villanueva. La exposición finaliza el 17 de mayo. "
478,FAC,"El concejal de Fiestas de Orihuela Antonio Sánchez informó que el Mercado Medieval de los días 3 de febrero, 4 de febrero y 5 de febrero fue un éxito y contaron casi 12 mil personas cuando más gente había. El Palacio Episcopal recibió 15 mil visitas, la Casa Museo Miguel Hernández recibió 8 mil visitas, el Museo de la Reconquista recibió 3 mil visitas, y el refugio antiaéreo y la biblioteca municipal María Moliner recibieron 1500 visitas cada uno. Hubo mucha gente durante el fin de semana pero sólo hubo algunas lesiones leves y 5 incidencias por pequeños problemas. Los hoteles, bares y restaurantes de Orihuela estuvieron llenos. El concejal dio las gracias a todas las personas y entidades que participaron y organizaron el Mercado Medieval. También dijo que esta actividad cada vez es más importante para la economía de la ciudad. "
3649,FAC,"Encuentran objetos de armas del siglo 18 en el Castillo de Santa Bárbara con las reformas de la Baluarte de la Mina
 En las obras para reformar el Baluarte de la Mina del castillo de Santa Bárbara encuentran objetos de hierro de armas como cañón, bombarda y mortero del siglo 18.
 Jaume Giner es el arquitecto y director de la obra, José Ramón Ortega director arqueológico y Marco Aurelio Esquembre es el jefe de obra de la empresa Arpa Patrimonio que es la empresa encargada de la obra.
 
 En total encuentran 6 cañoneras. 
 También encuentran un botón de la guerra de un soldado francés de la Guerra de Independencia. 
 En la obra encuentran un trozo de material islámico que usaban para decorar la puerta de una casa.
 También encuentran restos de pipas de fumar del siglo 18.
 
 El concejal de Cultura Antonio Manresa dice que estas obras en el Castillo de Santa Bárbara nos trae sorpresas como elementos nuevos para hacer crecer la cultura de Alicante.
 Las personas de Alicante están contentas con la historia del Castillo y es un lugar muy importante para que vengan visitantes.
 
 En mayo la Junta de Gobierno decidió que la empresa encargada de las obras fuera Arpa Patrimonio.
 Las obras son 5 meses y el coste casi 300 mil euros.
 Las obras empezaron en el mes de julio y quieren terminar en el mes de diciembre.
 José Manuel Pérez Burgos con su Departamento de Patrimonio Integral de la concejalía de Cultura, asesora y supervisa las obras con Gabriel Manzanaro López que es el jefe del Departamento de Edificación y Arquitectura del Ayuntamiento de Alicante.
 
 Empezaron con la eliminación de plantas en el lugar de las obras.
 Quieren arreglar las garitas para que no entre agua y que puedan ser visitadas.
 La garita es una casa pequeña donde está la persona que vigila.
 Estudiarán pintadas por si es algo importante de la historia.
 Estudiarán donde estaban los cañones de las 6 cañoneras encontradas.
 Para terminar las obras arreglaran la parte de la montaña que está cerca de la zona antigua de Alicante para que no caigan piedras y sea peligroso."
3555,FAC,"Mapa Cultural de Alicante
 El Mapa Cultural de Alicante es un lugar para enseñar la comunidad cultural y creativa de Alicante. En las próximas semanas van a hacer la primera edición en papel y puedes apuntarte hasta el 31 de diciembre.
 Estás invitado a formar parte de este mapa si tienes un espacio y eres una persona o grupo de personas que estén desarrollando actividades culturales en Alicante.
 Si te apuntas antes del 31 de diciembre de 2020 saldrás en la edición en papel que sacaremos del Mapa Cultural de Alicante. Entra en https://mapaculturaldealicante.es en el apartado ¿Quieres participar? encontrarás los pasos a seguir.
 ¿Para qué sirve el Mapa Cultural de Alicante?
 Para ser utilizado por el público en general y los profesionales de la cultura. 
 Para encontrar artistas y contar con ellos para la programación de su espacio.
 Para encontrar espacios donde poder ofrecer tus proyectos. 
 Para encontrar agentes con quienes establecer colaboraciones.
 Para hacer visibles iniciativas de colectivos que permitan la cultura en diferentes barrios.
 Para reconocernos como comunidad y permitirnos a todos un lugar en la ciudad.
 Este proyecto está cofinanciado por FEDER que es el Fondo Europeo de Desarrollo Regional y el Programa Operativo de Crecimiento Sostenible."
3783,FAC,"Restauración del Baluarte de la Mina en el Castillo de Santa Bárbara
 Empresa: Arpa Patrimonio 
 Presupuesto: casi 300 mil euros
 Proyecto:
 Duración: 5 meses desde que empiecen
 Objetivos:
 Reforzar la estructura del baluarte
 Recuperar su aspecto y uso
 Usar materiales nuevos que sean compatibles con los antiguos
 Que las reformas se puedan deshacer y se distingan de lo original
 El concejal de Cultura Antonio Manresa dijo que estas obras son muy importantes para mejorar la oferta cultural y turística de Alicante.
 El Baluarte de la Mina es un Monumento y Bien de Interés Cultural protegido por el Plan Especial de Protección del Entorno del Castillo de Santa Bárbara."
4095,FAC,"El Alcalde de Alicante pide apoyo para la Selección Femenina de Fútbol
 El alcalde de Alicante Luis Barcala, animó a los alicantinos a apoyar a la Selección Española de Fútbol Femenino en su partido contra Estados Unidos que ahora es el mejor equipo del mundo. El partido será mañana en el estadio Rico Pérez a las 8 y 35 de la tarde.
 Apoyo al Deporte Femenino
 El alcalde dijo que es muy importante el deporte femenino en Alicante y pidió a los aficionados que llenen el estadio para animar a las jugadoras.
 Homenaje a Sandra Paños
 La concejala de Deportes Marisa Gayo entregó una placa de reconocimiento a Sandra Paños que es la portera de la Selección y nació en Alicante. Sandra Paños juega en el Fútbol Club Barcelona y agradeció el homenaje y motivó a las jóvenes a trabajar duro para conseguir sus sueños en el fútbol."
977,FAC,"Alacant Desperta celebra su 20 aniversario. Es uno de los festivales más importantes de la Comunidad Valenciana. Es un espacio de libertad y diversidad cultural donde asiste personas de todas las edades. 8 escenarios con música en directo, teatro, danza, poesía y otros tipos de arte. El festival es gratuito y permite que el arte y la cultura esté al alcance de todos. El festival ofrece un espacio para los artistas que empiezan puedas desarrollar su arte y mostrar su trabajo. El festival es posible gracias a todas las personas voluntarias que participan. "
4065,FAC,"Plan de Animación a la Lectura en las bibliotecas municipales
 El jueves 6 de octubre las bibliotecas municipales empezarán el Plan de Animación a la Lectura. El objetivo es animar a los ciudadanos a participar en sus actividades de ocio y culturales. Es para niños y adultos. El 21 de diciembre terminará el Plan de Animación a la Lectura con un taller de escritura creativa en Ciudad de Asís. 
 Habrá 40 actividades como charlas, espectáculos de teatro, talleres de manualidades, clubs de lectura, actividades de ocio y cuentacuentos.
 Las bibliotecas municipales dan servicios gratis de préstamos de libros de lectura en sala y en el domicilio de las personas, dejan películas, música y juegos multimedia. 
 Información de la red municipal de bibliotecas en la web municipal www.alicante.es/es/contenidos/bibliotecas"
2840,FAC,"La plantà de Hogueras Oficiales es un evento para promocionar la ciudad de Alicante
El alcalde de Alicante visita el sábado las 2 obras de las Hogueras Oficiales. Las 2 obras tienen un mensaje del medio ambiente. La hoguera oficial infantil llamada La Terra en les millors mans del artista Sergio Gómez da un mensaje a la juventud para que cuiden el planeta mejor y protejan la naturaleza. La hoguera tiene 3 metros de altura y cuesta casi 21 mil euros. La hoguera oficial llamada Ars Amandi creada por Pedro Espadero está basada en el poema de Ovidio. Representa los diferentes tipos de amor, tiene 20 metros de altura y 30 ninots. Cuesta casi 100 mil euros. "
764,FAC,"El Ayuntamiento de Torrevieja instalará iluminación para las próximas fiestas patronales y navideñas en 60 calles, paseos y plazas de la ciudad. Se utilizarán luces de bajo consumo de última tecnología para reducir el consumo de energía eléctrica un 30%. La iluminación festiva estará encendida desde las 6 de la tarde hasta las 2 de la noche, siguiendo las normas de contención del consumo energético. La iluminación estaba encendida hasta las 7 de la mañana en años anteriores. Se han reforzado y renovado las instalaciones eléctricas. Se ha dado el contrato a la empresa servicio integral de instalaciones eléctricas Radiluz S.L. por una cantidad de 291 mil 152 euros y 36 centavos más IVA. Se ampliará la iluminación a nuevas calles, plazas y urbanizaciones, se colocarán arcos, guirnaldas y elementos decorativos, y se destacará el edificio del ayuntamiento de la Mata y la fachada de la parroquia de la Virgen del Rosario. También se instalarán elementos decorativos a lo largo del recorrido de la magna procesión del 8 de diciembre y se colocarán árboles navideños y elementos de gran tamaño en diferentes puntos de la ciudad."
2250,FAC,"En Fitur 2022 exponen la oferta turística de Orihuela 

En la segunda jornada de Fitur 2022 exponen la oferta turística de Orihuela. Fitur es la Feria Internacional de turismo. Celebraron la entrega de premios SICTED y el segundo premio fue para el Restaurante la Barraca de Orihuela. Recogió el premio Juan Enrique Tárraga, gerente de la Barraca. También fueron al acto el alcalde y algunos concejales del Ayuntamiento de Orihuela. El SICTED es un proyecto para mejorar la calidad del turismo.

Presentaron en Fitur el cartel de la Semana Santa de Orihuela 2022 que este año tiene la imagen de La Verónica de la Cofradía del Perdón, con una fotografía realizada por Paco Pertegal.

Presentaron el campeonato de balonmano playa Arena 1000. Este evento reúne a miles de personas y será del 22 de julio al 24 de julio en Orihuela.

Terminaron proyectando el vídeo promocional Descubre Orihuela, la Ciudad Natal de Miguel Hernández que anima a visitar, conocer y disfrutar de la capital de la Vega Baja. 




 
"
3831,FAC,"El ayuntamiento saca a concurso el contrato de alquiler de la Plaza de Toros
 El Ayuntamiento de Alicante aprueba los trámites para el nuevo contrato de alquiler de la Plaza de Toros donde hacen espectáculos de toros, música y otro tipo de espectáculos. El contrato será para 4 años con posibilidad de continuar 1 año más. En el contrato exige espectáculos de calidad. El dinero del contrato será un porcentaje de los ingresos de las entradas de los espectáculos de toros y una cantidad fija de la celebración de cada espectáculo. Las empresas que quieran participar deberán hacer una oferta del precio que quieren pagar y de las mejoras que van a hacer."
4167,FAC,"Presentación del programa: A la Llum del Castell, Sons de Tardor – Sons de Nadal
 La concejalía de Cultura de Alicante organizó un ciclo de conciertos en el Castillo de Santa Bárbara llamado: A la Llum del Castell – Sons de Tardor – Sons de Nadal. Este programa ofrecerá actuaciones musicales de otoño y Navidad en 2 espacios especiales del castillo: el Aljibe Renacentista y el Salón Felipe 2.
 Fechas y actuaciones:
 21 de octubre: Encuentro Coral en el Salón Felipe 2 a las 12 de la mañana
 17 de noviembre: Coro Orpheus Music en el Aljibe Renacentista a las 7 y media de la tarde
 22 de noviembre: Concierto de guitarras de Manuel Rodríguez y Antonino Croce en el Salón Felipe 2 a las 7 y media de la tarde
 29 de noviembre: Música medieval - The Entertainer Teachers en el Aljibe Renacentista a las 7 y media de la tarde
 14 de diciembre: Concierto de Navidad - Soprano Ascensión Perona y pianista Daniel Catalá en el Salón Felipe 2 a las 7 y media de la tarde
 Entrada gratis hasta completar aforo."
331,FAC,"La Societat Musical La Nova de Benidorm y la Societat Recreativa Musical d’Altea La Vella hicieron ayer un concierto en el auditorio Óscar Esplá en Benidorm a las 8 de la tarde. El concierto está dentro de la programación de la 14 Campaña de Concerts d'Intercanvis'. La Societat Recreativa Musical d’Altea La Vella abrió el concierto interpretando varias piezas musicales. La Societat Musical La Nova de Benidorm se encargó de la parte final del programa. La parte 2 del concierto será el 16 de julio cuando la Societat Musical La Nova de Benidorm visite Altea.
"
3768,FAC,"Concierto de los alumnos del Conservatorio Óscar Esplá 
 El 25 de febrero del 2020 será el concierto número 3 de los 10 conciertos que harán de enero a mayo del 2020 en el Centro Cultural de las Cigarreras. 
 El concierto será de los alumnos del Conservatorio Superior de Música Óscar Esplá del Departamento de Viento Metal coordinado por Félix Herrero. 
 El Conservatorio Superior de Música Óscar Esplá tiene más de 50 años de historia y de enseñanza. 
 Desde hace 5 años los alumnos del conservatorio hacen conciertos en el Centro Cultural de las Cigarreras durante el curso para mostrar todo lo aprendido y dar a conocer los aprendizajes. 
 El concierto empieza a las 7 de la tarde en la Caja Negra del Centro Cultural de las Cigarreras y la entrada es gratis."
350,FAC,La Banda Juvenil de la Unión Musical de Benidorm ofreció un concierto de música de procesiones en la Iglesia de Sant Jaume i Santa Anna con motivo de la Semana Santa. La programación está organizada por la Concejalía de Cultura. Al concierto acudieron autoridades locales y el público siguió las medidas sanitarias establecidas. Interpretaron una pieza original del director de la banda y terminaron con la marcha Jerusalén.  
613,FAC,"La concejala de Cultura ha presentado en el Día Internacional de los Museos la programación especial que ha organizado para celebrar la Edición 4 de la Noche de los Museos. Será el 20 de mayo de 9 a 12 de la noche en el Casco Antiguo de Orihuela. En la Casa Museo Miguel Hernández hay un concierto que empieza a las 9 de la noche y otro de flamenco a las 10 y media de la noche. Además de dos exposiciones homenaje a Miguel Hernández. En el Museo de Semana Santa disfrutaremos de la exposición de tronos e imágenes de Semana Santa con la actuación de un grupo de instrumentos de metales. En la Plaza Ramón Sijé habrá un taller de construcción de cúpulas y puentes dirigido al público infantil y juvenil a cargo del Museo Didáctico de Ciencias de la Vega Baja MUDIC. En la Casa de la Juventud se representará la obra Romeo y Julieta desde un balcón. En el Museo Diocesano de Arte Sacro Palacio Episcopal habrá un concierto de piano y la actuación de Trio Moon. Así como visita libre al museo y a la Capilla del Loreto, visitas temáticas y guiadas que realizarán alumnos del grado de Historia del Arte de la Universidad de Murcia, y algunas exposiciones temporales. El Museo Sorzano de Tejada inaugura una exposición fotográfica de Orihuela en 1920 expuestas por primera vez acompañada de la actuación del Coro Ginés Pérez de la Parra. En el Museo de la Muralla actuará el Trío Camarata Antigua y la representación teatral titulada La dama de la Muralla. En la calle Santa Justa y Plaza del Carmen habrá talleres infantiles de arte y juegos tradicionales. En el Museo Arqueológico Comarcal San Juan de Dios sesión de Dj  para visitar La Diablesa. En el Museo de la Reconquista exposición fotográfica y representación teatral del Teatro Expresión con 3 pases, a las 9 y media, 10 y media y 11 y media de la noche. También actuará la Asociación Musical DACAPO y divertido desfile de Moris y Cristianos. Se podrá visitar el interior de la Catedral y acceder a la Torre. Dentro de esta programación también habrá personajes relacionados con los museos en todo el recorrido, iluminación especial y animación. Todas las actividades son gratuitas. "
4031,FAC,"Fotografías de la Catedral de Notre Dame de París en el Archivo Municipal 
 El doctor de Alicante Francisco Ramos viajó a Paris en 1920 y fotografió la Catedral de Notre Dame.
 La imagen forma parte de las colecciones fotográficas del Archivo Municipal."
12,FAC,"La Concejalía de Fiestas del Ayuntamiento de Elche ha organizado una tarde de carnaval para el sábado 18 de febrero a las 17:00 en la Plaza de Baix en Elche. Habrá actividades para niños y adultos, incluyendo hinchables, talleres de manualidades y un espectáculo infantil con personajes populares. 
También habrá un concurso de disfraces para todas las edades, con desfile de disfraces y entrega de premios. Las inscripciones para el concurso de disfraces se realizarán desde las 17:00 a las 18:30 horas, en la caseta habilitada en la misma plaza. 
Habrá un pasacalles que saldrá desde el arco del Ayuntamiento y recorrerá las calles de la Plaza de Baix, Corredora, Obispo Tormo, Plaza de Santa Isabel, Uberna, Trinquet, para volver a la Plaza de Baix nuevamente por Corredora y continuar con la fiesta. 
El día acabará con una fiesta de carnaval con música de DJ hasta la 1 de la madrugada.
"
2807,FAC,"El Ayuntamiento de Alicante te invita a participar en el Ciclobarrio de San Gabriel

La concejalía de Movilidad y Tráfico del Ayuntamiento de Alicante invita a todas las personas a participar en el Ciclobarrio el domingo 15 de diciembre en la Vía Parque de 10 de la mañana a 2 de la tarde.
El Ciclobarrio es un lugar seguro para ir en bicicleta y andar que sirve para fomentar hábitos saludables y cuidar el medio ambiente.
Los coches no podrán pasar por la avenida. Sí podrán pasar las bicicletas y personas andando en las calles Deportista Joaquín Blume y la avenida Alcalde Lorenzo Carbonell.
Durante la mañana habrá actividades divertidas como un Parque Infantil de Tráfico, talleres de reparación de bicicletas y una batucada. También habrá una zona de música para disfrutar en familia.
El concejal de movilidad José Ramón González anima a todos a participar y a usar más la bicicleta para hacer de Alicante un lugar mejor con menos contaminación.
"
3867,FAC,"Restauración del Baluarte de la Mina en el Castillo de Santa Bárbara
 El Ayuntamiento de Alicante eligió a la empresa Arpa Patrimonio para restaurar el Baluarte de la Mina del Castillo de Santa Bárbara. Esta empresa presentó la mejor propuesta entre otras 3 empresas.
 Objetivos del Proyecto:
 Fortalecer los elementos del baluarte.
 Recuperar la funcionalidad usando los elementos existentes.
 Restaurar elementos con información detallada.
 Mejorar la comprensión del Castillo.
 La restauración debe hacerse en 5 meses desde la firma del contrato.
 El Castillo de Santa Bárbara es un Bien de Interés Cultural y Patrimonio Histórico de España."
802,FAC,"El concejal de Cultura, Amado Navalón, presentó el concierto de la Joven Banda Sinfónica de la Federación de Sociedades Musicales de la Comunidad Valenciana FSMCV. El concierto es en el Teatro Castelar el 6 de diciembre. Este concierto es del proyecto 'Música a la Llum' de 'CaixaBank Escolta València'. La banda está compuesta músicos jóvenes de la Comunidad Valenciana. Dos son de la Asociación Músico Cultural de Elda Santa Cecilia. El concierto celebra los 200 años de la banda de la Asociación Músico Cultural de Elda Santa Cecilia AMCE. La entrada es gratis. El director es Lidón Valer. El programa tiene diferentes obras musicales y antes del concierto hay un encuentro formativo. La Joven Banda Sinfónica ha participado en concursos internacionales y hecho conciertos en varios países."
2528,FAC,"Feria Taurina de Hogueras
El alcalde de Alicante dice en el Salón Azul del ayuntamiento que la Feria de Hogueras 2022 fue histórica con el regreso de Alejandro Talavante. 
Los carteles de la Feria Taurina de Hogueras son:
Domingo 19 de junio. Toros de Fermín Bohórquez. Andy Cartagena, Lea Vicens, Guillermo Hermoso de Mendoza.
Lunes 20 de junio. Clase Práctica. 
Martes 21 de junio. Clase Práctica. 
Miércoles 22 de junio. Toros de Fuente Ymbro. 
Jueves 23 de junio. Toros de Victoriano del Río-Toros de Cortés. 
Viernes 24 de junio. Toros de Álvaro Núñez. 
Sábado 25 de junio. Toros de Juan Pedro Domecq. 
Domingo 26 de junio. Novillos de Zacarías Moreno. 
Domingo 7 de agosto. 4 toros de distintas ganaderías. 
Todas las celebraciones de la Feria de Hogueras empezarán a las 7 de la tarde. La entrada a las clases prácticas será gratis. Las entradas para el 7 de agosto saldrán a la venta el 28 de mayo a las 12 de la mañana en .
La renovación y venta de abonos para la Feria de Hogueras será desde el 30 de mayo y la venta de entrada sueltas será desde el 13 de junio. Los abonados de 2019 tendrán entrada reservada para el 7 de agosto."
2440,FAC,"El Museo de Arte Contemporáneo de Alicante MACA recibe un premio por su trabajo en igualdad de las mujeres
La Asociación Mujeres en las Artes Visuales MAV da el premio Una Gota MAV al MACA como reconocimiento por su trabajo de igualdad. El concejal de Cultura de Alicante está orgulloso por este premio y el trabajo que realiza el museo. Una Gota MAV es un premio para museos y centros de arte comprometidos y que realizan un esfuerzo por la Igualdad. La asociación MAV lleva 12 años trabajando para denunciar la desigualdad en el arte español. Con los informes que realizan puede verse que faltan mujeres en el arte. La Herramienta MAV para la Igualdad ayuda a que el arte en España sea más transparente y las mujeres tengan las mismas oportunidades. 
"
4283,FAC,"Tabarca patrimonio inmaterial de la Humanidad
 La concejala de Cultura María Dolores Padilla y el director del Museo Nueva Tabarca van a la jornada en Túnez, La Herencia Cultural de la Aventura Histórica de las Tabarcas, un Patrimonio Mediterráneo compartido. La concejala de Cultura anunció que seguirán trabajando para obtener el reconocimiento de Tabarca como patrimonio inmaterial de la Humanidad."
4103,FAC,"Curso de guitarra en Alicante 
 Nueva edición del curso de guitarra en el LAB 15 Palacio El Portalet.
 Las fechas son:
 19 de enero a las 12 de la mañana
 9 de febrero a las 12 de la mañana
 1 de marzo a las 12 de la mañana
 22 de marzo a las 12 de la mañana
 26 de abril a las 12 de la mañana
 3 de mayo a las 12 de la mañana
 24 de mayo a las 12 de la mañana
 14 de junio a las 12 de la mañana
 26 de junio a las 12 de la mañana
 27 de junio a las 12 de la mañana
 28 de junio a las 12 de la mañana"
4091,FAC,"Exposición Titanic. The Reconstruction
 El alcalde de Alicante Luis Barcala presenta esta mañana en la Plaza Central de Fitur que es la Feria Internacional de Turismo la exposición Titanic. The Reconstruction que estará del 22 de mayo al 10 de noviembre en la Sala de exposiciones de la Lonja del Pescado. Con el alcalde estuvo la concejala de Cultura María Dolores Padilla, el presidente de la Fundación Titanic Jesús Ferreiro y el Secretario General de la Fundación Titanic y ex Director General de la Marina Mercante Rafael Lobeto.
 El alcalde dice que el Ayuntamiento de Alicante apuesta y presenta su oferta cultural para atraer al turismo. 
 Junto con la exposición enseñaron un vídeo promocional creado por la concejalía de Cultura en torno a sus espacios más importantes, como el Castillo de Santa Bárbara, la Lonja del Pescado, el Museo de Arte Contemporáneo o el Centro Cultural Las Cigarreras. 
 Hay una nueva marca, más dinámica y actual titulada Imagina Cultura. 
 La exposición Titanic The Reconstruction hace que el visitante entre en el Titanic a través de objetos, historias y escenarios reales. 
 El público podrá contemplar una espectacular maqueta del Titanic con todo tipo de detalles.
 La exposición tuvo mucho éxito en:
 Granada
 Tarragona
 Vigo
 León
 Coruña
 Bilbao
 Santander
 Barcelona
 Gijón
 Burgos
 La Fundación Titanic nace en 2006 con el objetivo de gestionar y promover la memoria histórica, marítima y humana del naufragio más mediático y el más legendario de los buques de la historia universal."
506,FAC,"El Concejal de Festividades y Seguridad Ciudadana, Antonio Sánchez, anunció la celebración de una jornada formativa para participantes en manifestaciones festivas con uso de armas de avancargas. Este curso es obligatorio junto con el permiso de armas tipo AE según la normativa (ITC 26) de las Fiestas de Moros y Cristianos. La jornada será gratuita y se hará en la Jefatura de la Policía Local, con agentes como formadores. Las inscripciones están disponibles en la Concejalía de Festividades y a través de la Asociación de Moros y Cristianos Santa Justa y Rufina. El Concejal agradece a los formadores de la policía local por su colaboración en este curso importante para obtener la licencia de participación en la guerrilla de pólvora."
2099,FAC,"La concejalía de Cultura acerca el teatro a los centros escolares de Benidorm 
 
La concejalía de Cultura va a acercar el teatro a los centros escolares de Benidorm a través del ciclo Joves Espectadors. El ciclo Joves Espectadors está dentro del proyecto municipal de apoyo educativo y actividades extraescolares Activem els col·les. Este ciclo es para llevar el teatro a muchos espectadores y llevar la cultura a los niños de Benidorm. El concejal de Cultura explicó que este ciclo es para trabajar las emociones a través del teatro y de la música.

Esta actividad es gratuita para todos los colegios públicos de Educación Infantil y Primaria de Benidorm, para el centro concertado y para los colegios privados.

El concejal de Cultura dijo que Joves Espectadors será en marzo. Las representaciones serán al aire libre y cumplirán con las normas sanitarias y los protocolos de seguridad.

En el ciclo podrán ver la obra Diversa con la compañía Pàmpol Teatre. Esta obra son 4 historias de menos de 1 hora de duración. 

Activem els col•les es un proyecto global de apoyo educativo y actividades extraescolares diseñado por el Ayuntamiento de Benidorm para el próximo curso. Tendrá 5 programas. El objetivo de este proyecto es la realización de actividades escolares entre 3 y 18 años. El ayuntamiento recibirá una ayuda de la Generalitat Valenciana de más de 100 mil euros.

Además de Joves Espectadors, el proyecto Activem els col·les tendrá un Programa de Apoyo Educativo de Verano y clases de refuerzo a estudiantes que tienen necesidades de apoyo. También tendrá un programa de actividades extraescolares físicas y deportivas que impartirán técnicos deportivos municipales en los 14 colegios de Infantil y Primaria de Benidorm en horario de 3 de la tarde a 5 de la tarde. Espai Obert llevará el deporte a todos los barrios de la ciudad. 




 
"
423,FAC,Se celebra en el Benidorm Palace el acto de coronación de las nuevas reinas de les Festes Majors Patronals 2023 de Benidorm y las damas de honor de las 2 cortes. Al acto asistieron más de 1500 personas. Las reinas que dejan el cargo entregaron el relevo a las nuevas. El presidente de la Comissió de Festes y el alcalde felicitaron a las nuevas reinas. Al terminar los discursos las autoridades municipales y las entidades festeras hicieron un desfile ante las reinas. 
2509,FAC,"Inauguran la Exposición del Ninot en la Sala de la Lonja del Pescado
El viernes inauguraron la Exposición del Ninot en la Sala de la Lonja del Pescado. Este año el ninot de la Hoguera Oficial tiene pequeños detalles del club Hércules por sus 100 años. Las Belleas del Foc infantil y adulta cortaron la cinta de la inauguración del recinto. Son 200 ninots los expuestos en el recinto, dividido en 3 salas. La sala Tabarca tiene los ninots de las hogueras de categoría Especial y los indultados del año pasado. La sala Luceros están los ninots infantiles y en la sala Explanada los ninots de las hogueras adultas y barracas. La Federación de Fogueres permitió este año presentar ninots nuevos o los que presentaron el año pasado, debido a los problemas económicos que tiene las comisiones por la pandemia. La exposición estará abierta al público del 21 de mayo al 16 de junio. El horario es martes, miércoles, jueves y viernes de 11 de la mañana a 2 de la tarde y de 5 de la tarde a 9 de la noche. Sábado y domingo de 10 de la mañana a 9 de la noche y lunes cerrado. "
4207,FAC,"Alicante presenta la programación Orgull Alacant 2018
 Organiza una amplia programación para la semana del Orgullo con el título Conquistamos la igualdad, transformamos la sociedad.
 Habrá cine, exposiciones, debates, charlas, clubs de lectura, charlas en mesas redondas y muchas más actividades. 
 Todas las actividades programadas serán del 12 de julio al 21 de julio.
 Programación:
 Fecha: jueves 12 de julio
 Actividad: Rueda de prensa del Orgullo
 Horario: 10 y media de la mañana
 Lugar: sede de la Universidad de Alicante
 Fecha: jueves 12 de julio
 Actividad: Muestra de cine y debate
 Horario: 7 de la tarde
 Lugar: Salón de actos Puerta Ferrisa
 Fecha: viernes 13 de julio
 Actividad: subir la bandera
 Horario: 12 de la mañana
 Lugar: Ayuntamiento de Alicante
 Fecha: viernes 13 de julio
 Actividad: Muestra de cine
 Horario: 7 de la tarde
 Lugar: Salón de actos Puerta Ferrisa
 Fecha: lunes 16 de julio
 Actividad: exposición 30 años sumando derechos
 Horario: 12 de la mañana
 Lugar: Entrada de la casa de la Música
 Fecha: lunes 16 de julio
 Actividad: charla, las identidades trans en la Escuela Inclusiva
 Horario: 7 de la tarde
 Lugar: Sede de Diversitat
 Fecha: lunes 16 de julio
 Actividad: charla en mesa redonda con partido. Avances legislativos en respeto a la diversidad
 Horario: 8 de la tarde
 Lugar: Sede de la Diversidad
 Fecha: martes 17 de julio
 Actividad: Club de lectura: la vida dins dels ulls
 Horario: 7 y media de la tarde
 Lugar: Sede de diversidad
 Fecha: martes 17 de julio
 Actividad: Cine en la calle
 Horario: 10 de la noche
 Lugar: Plaza de correos
 Fecha: miércoles 18 de julio
 Actividad: Mesa redonda: La intersexualidad. Experiencias y retos sociales
 Horario: 6 y media de la tarde
 Lugar: Sede de Diversitat
 Fecha: miércoles 18 de julio 
 Actividad: Mesa redonda: Identidad Trans: Experiencias y retos sociales
 Horario: 7 y media de la tarde
 Lugar: Sede de Diversitat
 Fecha: miércoles 18 de julio 
 Actividad: Me llamo Khaled
 Horario: 8 y media de la tarde
 Lugar: Sede de Diversitat
 Fecha: jueves 19 de julio
 Actividad: Encuentro de familias diversas. Mi familia arcoíris
 Horario: 6 de la tarde
 Lugar: Sede de la Diversitat
 Fecha: viernes 20 de julio
 Actividad: Edición 1 de la Jornada de Acción Sindical en la Diversidad
 Horario: 10 y media de la mañana
 Lugar: Sede de UGT que es la Unión General de Trabajadores
 Fecha: viernes 20 de julio
 Actividad: Inauguración Exposición. Art i Diversitat
 Horario: 6 y media de la tarde
 Lugar: Sede de la Diversitat
 Fecha: viernes 20 de julio
 Actividad: Edición 3 Aniversari Compromis LGTBI+ Comarques d´Alacant
 Horario: 7 y media de la tarde
 Lugar: Sede de la Diversitat
 Fecha: viernes 20 de julio
 Actividad: El Orgullo desde la Periferia
 Horario: 8 y media de la tarde
 Lugar: Sede de Diversitat
 Fecha: viernes 20 de julio
 Actividad: Prefiesta Orgullosa
 Horario: 10 y media de la noche
 Lugar: Cannibal Pub
 Fecha: sábado 21 de julio
 Actividad: Manifestación: Conquistamos la igualdad, Trans*formamos la sociedad
 Horario: 7 y media de la tarde
 Lugar: Plaza de Luceros
 Fecha: sábado 21 de julio
 Actividad: Fiesta del #OrgullAlacant18
 Horario: 10 de la noche
 Lugar: Plaza del ayuntamiento de Alicante"
4519,FAC,"Campeonato Alicante Freestyle con 4 eventos en los barrios de la ciudad
 Para dar más visibilidad para la cultura urbana en Alicante y para el movimiento artístico con los jóvenes y el rap como protagonistas presentan el campeonato Freestyle.
 Freestyle es estilo libre.
 Presentaron el campeonato el concejal de Cultura Daniel Simón, el director de Urban Project Alberto Montoya, el presidente del Consejo de la Juventud Julián González, el presentador Pablo Barceló y el coordinador de ocio alternativo Juan Carlos Cortés. 
 El plazo para participar está abierto para los jóvenes interesados en demostrar su facilidad poética rimando de forma improvisada y puedan tener la oportunidad de actuar gracias a los 4 eventos proyectados.
 Programación: 
 Fecha: sábado 21 de octubre
 Lugar: Plaza Padre Ángel
 Horario: a las 7 de la tarde 
 Fecha: sábado 28 de octubre
 Lugar: Plaza Navarro Rodrígo
 Horario: a las 7 de la tarde 
 Fecha: sábado 25 de noviembre
 Lugar: Plaza Bola de Oro
 Horario: a las 7 de la tarde 
 Actividad final
 Fecha: aún por confirmar
 Lugar: Parque Lo Morant
 El ganador del campeonato recibirá un premio de 175 euros."
511,FAC,"El alcalde de Orihuela, Emilio Bascuñana, la concejala de Turismo y Festividades, Mariola Rocamora, y Vicente Vázquez de la ONCE, presentaron un cupón dedicado a Orihuela en conmemoración de su 750 aniversario. El cupón muestra una imagen del mercado medieval y tiene como objetivo enseñar la historia de Orihuela a toda España. La concejala agradeció a la ONCE su apoyo y explicó que el mercado medieval no se celebrará debido al COVID-19. Vicente Vázquez habló la importancia de la accesibilidad en eventos como este. También habló de la labor social de la ONCE en Orihuela y la región. El evento tuvo un intérprete de lenguaje de signos gracias a la colaboración de ADIS Vega Baja."
3711,FAC,"El alcalde siente la muerte de Luis de Castro que fue director del Teatro Principal de Alicante
 El alcalde de Alicante Luis Barcala y el concejal de Cultura sienten la muerte de Luis de Castro que fue director del Teatro Principal de Alicante. Luis de Castro demostró una gran capacidad de trabajo e hizo que el Teatro Principal de Alicante fuese de los teatros más importantes de España."
14,FAC,"La Concejalía de Cultura organiza el segundo año de los Conciertos Mínimos en Las Clarisas. Son 5 conciertos pequeños desde febrero hasta junio los domingos a las 12 del mediodía y serán gratuitos. Marga Antón que es titular del área de Cultura dice que el en estos conciertos se crea un ambiente íntimo y es una experiencia diferente a la que encontramos en otros lugares de la ciudad como L’Escorxador, La Llotja o el Gran Teatro. El año pasado cantaron artistas como Blanca Paloma en estos conciertos. Este año cantarán Víctor Coyote, Los Manises, Dúa de Pel, Guadalupe Plata y Elle Belga. Dúa de Pel cantó sólo con su voz algunos versos de Miguel Hernández. La concejala de Cultura invitó a la gente de la ciudad a disfrutar de estos conciertos."
3956,FAC,"Agenda cultural del Centro Cultural de las Cigarreras 
 Nuevas actividades para el mes de septiembre en el Centro Cultural de las Cigarreras.
 El día 7 de septiembre por la mañana concierto de The Limboos y Nacho Casado. 
 El día 27 de septiembre La Tele que SÍ donde Mariola Cubells hablará con Borja Cobeaga y Julián López.
 Hay invitaciones gratis en la Tienda Movistar de la Avenida de Maisonnave número 45 de Alicante. 
 También hay más actividades de Movistar en la página de internet: http://movistar.cigarreras.es
 El día 7 y 21 de septiembre Taller Enso Xtra de Talleres Touchdesigner.
 Entrada gratis apuntándose en la página de internet www.ensolab.es 
 El día 11 de septiembre Festival de Cine Ruso Volna. Las proyecciones serán en el Centro Cultural de las Cigarreras. Más información en la página de internet: https://www.alicante.es/es/festivales/festival-internacional-cine-ruso-alicante-cine-volna
 El día 12 de septiembre formación Elaborantes.
 Innovar la Cultura con Pep Salazar que es el director del Festival de creatividad digital y diseño OFFF.
 Pueden apuntarse en la página de internet: https://www.alicante.es/es/noticias/elaborantes-formacion-areas-gestion-cultural-cigarreras"
346,FAC,Mañana 12 de abril a las 7 y media de la tarde será la presentación del libro El Encanto de Babel. De las Geografías e Historias de Benidorm en el Salón de Actos del Ayuntamiento de Benidorm. La Concejalía de Cultura organiza la presentación. El autor del libro es Albert Alcaraz y José Rubio Malagón hace los dibujos e imágenes que hacen que el libro sea entretenido y divertido. El libro tiene 40 capítulos y explica los detalles de la ciudad de Benidorm. 
3307,FAC,"Momentos Alhambra Las Cigarreras
Momentos Alhambra Las Cigarreras es una iniciativa de Cervezas Alhambra y el centro cultural Las Cigarreras. Los asistentes viven experiencias únicas disfrutando de buena música.

Próximo evento
Fecha: sábado 18 de septiembre
Hora: 8 de la tarde
Lugar: Las Cigarreras
Banda: Triángulo de Amor Bizarro
Entradas: 

Seguridad
Mascarillas: Uso obligatorio para entrar al recinto
Consumo: Habrá una zona especial y segura para consumir las diferentes variedades de Cervezas Alhambra

Programación 2021
18 de septiembre a las 8 de la tarde: Triángulo de Amor Bizarro
8 de octubre a las 8 de la tarde: Guadalupe Plata
23 de octubre a las 8 de la tarde: Mujeres
Para más información y venta de entradas, visita: https://www.wegow.com/es/recintos/las-cigarreras"
4230,FAC,"Campaña planta cara 0 agresiones sexistas 
 La concejalía de Igualdad organiza una campaña para evitar las agresiones sexistas durante las fiestas de las Hogueras de San Juan 2018.
 La campaña tiene el apoyo de las concejalías de Comercio y Hostelería, Seguridad y Fiestas. 
 El lema de la campaña es plana cara 0 agresiones sexistas
 Colaboran en la campaña:
 La Federación de Hogueras
 Asociaciones de Comerciantes
 Asociación de Empresarios de Hostelería 
 y el grupo Vectalia 
 Durante la campaña:
 Pondrán 5 mil carteles con el lema de la campaña 
 Instalarán banderolas con el lema en las avenidas de Alfonso el Sabio, Federido Soto, Gadea, Estación, Maisonnave y Oscar Esplá.
 Repartirán 4 mil abanicos y mil gafas de sol con el lema de la campaña 
 Regalarán servilletas y azucarillos con el lema de la campaña y el número de teléfono de la policía local a bares, heladerías y restaurantes de la ciudad
 Por los medios de comunicación habrá publicidad con el lema de la campaña y el número de la policía local"
4612,FAC,"La noche en blanco del 2017 
 Alicante celebra la noche en blanco del 2017.
 La celebración será el 21 de julio.
 El MACA que es el Museo de Arte Contemporáneo de Alicante, el Centro Cultural de las Cigarreras y la Sala de exposiciones de la Lonja participan en la noche en blanco.
 La noche en blanco empezó a celebrarse hace 2 años.
 Los museos y centros de arte de Alicante que preparan la programación son:
 MARQ que es el museo arqueológico de Alicante
 Mubag que es el museo de bellas artes de Alicante
 Juan Gil-Albert que es el instituto de cultura de Alicante
 MACA que es el museo de arte contemporáneo de Alicante
 Centro Cultural de las Cigarreras
 Sala de Exposiciones de la Lonja del Pescado
 MUA que es el museo de la Universidad de Alicante
 Museo Volvo Ocean Race Alicante
 Museo de Aguas de Alicante
 Todos los museos abrirán hasta la 1 de la noche.
 En la noche en blanco del 2016 asistieron casi 6 mil personas."
1207,FAC,"Empieza la edición número 13 de la maratón de teatro amateur con un total de 7 obras. La concejala de Juventud, Marga Antón, la vicepresidenta de la plataforma de teatro amateur de Elche, Consuelo Pérez, y la presidenta de la asociación, Ángela Carrillo han anunciado que este evento es una actividad educativa solidaria porque la recaudación de la taquilla se dará a la asociación ayuda al Sahara Occidental.

Varias compañías y asociaciones de teatro de la ciudad participarán en la maratón representando pequeñas obras teatrales de menos de 8 minutos de duración. Los grupos que asistirán en esta edición son IES Vicente Verdú con Antígona, asociación priapa teatro de Elche con una tarde a la fresca, ekilibrio teatro con una situación complicada, teatreta teatro con el lenguaje de las flores, soy Artista con currículum vitae, todo sobre Eva con doña Rosita la soltera y la plataforma de teatro amateur de Elche con llamadas bajo la lluvia.

Antón dijo que esta jornada cultural será el día internacional de los museos y con el aniversario de la declaración como patrimonio de la humanidad del Misteri.

La concejala de Cultura, Marga Antón, animó a la ciudadanía a participar y Pérez dijo que esta iniciativa ayuda a las compañías jóvenes a hacerse visibles. La plataforma expresó su satisfacción por la celebración de este certamen y recordaron que todos los años se celebra un certamen literario y la obra ganadora se representa en la maratón de teatro.

Carillo habló de la solidaridad de la ciudad de Elche y agradeció el apoyo del ayuntamiento. La presidenta de la asociación dijo que este año se cumplen 50 años de lucha del pueblo saharaui y es necesario seguir adelante con los proyectos de ayuda humanitaria.

La concejala informó que las entradas tienen un precio de 5 euros y ya están disponibles en taquilla y en la página web de instanticket.es."
2627,FAC,"Muchos niños disfrutarán del programa de deporte del curso 2021 y 2022
La Junta de Gobierno aprueba el reparto de ayudas a los clubes deportivos para hacer Acciones Formativas en el deporte de inicio. Hay apuntados 950 niños. La Comisión de Valoración aprueba 19 solicitudes de 18 deportes diferentes, atletismo, baloncesto, artes marciales, gimnasia, vela, futbol sala o voleibol. Las clases de formación las darán los clubes deportivos. El concejal de Deportes agradece a los clubes deportivos el apoyo y el esfuerzo para que los niños empiecen a practicar deportes. El periodo de Acciones Formativas es de octubre del 2021 a mayo del 2022. La concejalía está renovando las instalaciones deportivas y apoyando la formación y el inicio de los niños en el deporte y la salud. "
3728,FAC,"La concejalía de Cultura presenta el concurso 40 noches en casa
 El Centro Culturas Las Cigarreras en colaboración con la concejalía de Cultura, presentan el concurso 40 noches en casa de pequeños vídeos de historias. En el concurso puede participar todas las personas o colectivos. Tienen que mandar un vídeo de máximo 2 minutos. Si el idioma utilizado no es el español, el video debe tener el texto escrito. El vídeo irá acompañado de un documento con el título del proyecto, el nombre del autor y una pequeña descripción del proyecto y copia del DNI que es el Documento Nacional de Identidad. Los trabajos serán mandados por wetransfer.com al correo electrónico cultura.cigarrerasålicante.es. El plazo para presentar los trabajos es del 17 de abril del 2020 al 31 de mayo del 2020 a las 12 de la noche. La organización seleccionará los trabajos que expondrán en redes sociales y en la web del Centro Cultural Las Cigarreras. Cuando acabe el plazo de entrega seleccionarán los mejores trabajos. Estos trabajos serán expuestos en la Caja Blanca de las Cigarreras en el proyecto NEGRE. Cuando termine el confinamiento expondrán los trabajos 15 días. Los autores declaran que las obras presentadas al concurso son de creación propia y que están libres de reclamaciones de otras personas. Los autores seleccionados cederán al Centro Cultural las Cigarreras los derechos de reproducción en redes sociales y web del centro y en la sala de exposiciones. Los autores serán responsables de posibles reclamaciones de otras personas sobre las obras. Más información en: https://www.alicante.es/es/tramites/convocatoria-40-noches-casa-microrre"
1675,FAC,"Los bomberos queman 70 Hogueras Infantiles
Alicante comienza a celebrar el programa de actos de les Fogueres de Sant Joan 2023. Este año supera récord en Hogueras infantiles plantadas en centros escolares, sociales y residencias de mayores. En total 70 Hogueras hechas por los niños, profesores y personas mayores. Los bomberos de Alicante han organizado un equipo de 4 y 6 bomberos para ir a colegios, centros sociales y residencias de mayores para hacer la cremà y la banyà. El concejal de Seguridad comentó que este año fue un récord de hogueras infantiles y resaltó la importancia de los bomberos en estas fiestas que realizan un esfuerzo para atender todas las solicitudes. 
"
2742,FAC,"El Campeonato Autonómico de Triatlón será el domingo 27 de septiembre 
La concejalía de Deportes del Ayuntamiento de Alicante recupera el calendario de pruebas y campeonatos en septiembre con varias pruebas importantes, entre las que destaca el Campeonato Autonómico de Triatlón, la final de las Escuelas de Ciclismo de la Provincia de Alicante o el Encuentro de nadadores Travesía Albufereta La Cantera.
El concejal de Deportes dice que el primer fin de semana de septiembre fue la edición 4 del Cross Rabasa.
El torneo de Fútbol Playa Intercity será el 18, 19 y 20 de septiembre en la Playa de San Juan. 
El domingo 27 de septiembre será el Campeonato Autonómico de Triatlón, distancia olímpica.
"
4201,FAC,"Exposición Génesis de Sebastião Salgado llega al Puerto de Alicante
 El Ayuntamiento de Alicante, la Obra Social la Caixa y la Autoridad Portuaria, inauguraron la exposición Génesis del famoso fotógrafo Sebastião Salgado. Puedes ver la exposición hasta el 31 de agosto en el Paseo Marítimo del Puerto de Alicante y forma parte del programa Arte en la Calle que busca llevar el arte fuera de los museos para acercarlo a las personas.
 Génesis incluye 38 fotos en blanco y negro que muestran paisajes, animales y personas en lugares remotos del mundo, como la Antártida, Madagascar, Alaska y la Amazonia. El objetivo de la exposición es que la gente piense sobre la importancia de cuidar la naturaleza y el medio ambiente.
 El alcalde de Alicante Luis Barcala destacó lo importante que es esta exposición para generar conciencia sobre la protección del planeta, tanto para los alicantinos como para los turistas que visiten la ciudad."
3165,FAC,"Agenda Cultural Municipal del 10 al 17 de febrero 
Concierto de música lírica 
Lugar: Teatro Principal 
Fecha: miércoles 16 de febrero 
Horario: a las 8 y media de la tarde 
Precio: entre 10 euros y 20 euros
Más información en: 
Teatro: En Tierra Extraña de Juan Carlos Rubio 
Lugar: Teatro Principal de Alicante 
Fecha: 11 de febrero 
Horario: a las 8 y media de la tarde 
Precio: entre 15 euros y 25 euros 
Más información en: https://www.teatroprincipaldealicante.com/fichaobra.php?id=1008
Comedia: El Sentido del Humor: 2 tontos y yo de Flo, Mota y Segura 
Lugar: Teatro Principal de Alicante 
Precio: entre 25 euros y 34 euros 
Más información en:

Danza: La mort i la doncella de Asun Noales 
Lugar: Teatro Principal de Alicante 
Fecha: jueves 10 de febrero 
Horario: 8 y media de la tarde 
Precio: entre 8 euros y 15 euros 
Más información en:

Exposición de pinturas: De la Rabia y la Miel de Lidia Guerrero 
Lugar: Centro 14 
Fecha: del 2 al 17 de febrero 
Horario: de lunes a viernes de 10 de la mañana a 2 de la tarde 
martes y jueves de 3 de la tarde a 8 y media de la tarde
Precio: gratis
Más información en:
...
Exposición de turismo: Historia del Turismo en Alicante, Ven Cuando Quieras Lugar: Espacio Séneca
Fecha: del 23 de diciembre hasta el 25 de febrero 
Horario: de martes a sábado de 10 y media de la mañana 
a 1 y media de la tarde 
y de 4 y media de la tarde a 7 y media de la tarde. 
Domingos de 10 y media de la mañana a 1 y media de la mañana.
Lunes: cerrado 
Precio: gratis
Más información en:
...
Exposición de esculturas: Memoria del Mar Nuestro: pasado y futuro
de Juan Garaizabal Garaizabal
Lugar: Sala de exposiciones Lonja del Pescado
Fechas: del 17 de diciembre de 2021 hasta el 27 de febrero de 2022 
Horario: de martes a viernes 9 de la mañana a 2 de la tarde 
y de 4 de la tarde a 9 y 45 de la noche. 
Sábados de 10 de la mañana a 2 de la tarde 
y de 5 de la tarde a 9 y 45 de la noche. 
Domingos de 10 de la mañana a 2 de la tarde. 
Lunes: cerrado 
Precio: Gratis
Más información en:
...
Exposición: 175 aniversario del Teatro Principal 
Lugar: Sala de exposiciones Lonja del Pescado Salas Luceros y Tabarca Fecha: del 28 de enero hasta el 18 de abril 
Horario: de martes a viernes de 9 de la mañana a 2 de la tarde 
y de 4 de la tarde a 9 y 45 de la noche. 
Sábados: 10 de la mañana a 2 de la tarde 
y de 5 de la tarde a 9 y 45 de la noche. 
Domingos: de 10 de la mañana a 2 de la tarde. 
Lunes: cerrado 
Precio: gratis
Exposición de arte contemporáneo 
Lugar: Centro Cultural Las Cigarreras 
Fecha: del 11 de noviembre hasta 19 de febrero 
Horario: de martes a sábado de 10 de la mañana a 9 y media de la noche.
Cerrado: domingo y lunes
Precio: gratis
Más información en:
...
Exposición: Azul Subsuelo
Lugar: Centro Cultural Las Cigarreras 
Fecha: del 18 de diciembre hasta 12 de febrero 
Horario: de martes a sábado de 10 de la mañana a 9 y media de la noche.
Cerrado: domingo y lunes 
Precio: gratis
Más información en:
...
Exposición: No es propio de esta época
Lugar: Centro Cultural Las Cigarreras 
Fecha: de 28 de enero hasta 16 de abril 
Horario: de martes a sábado de 10 de la mañana a 9 y media de la noche. Cerrado: domingo y lunes 
Precio: gratis
Más información en:
...
Exposición de Semana Santa: Ecce Homo y Amargura: 
75 años de la Cofradía de los Franciscanos de Alicante
Lugar: Centro Municipal de las Artes 
Fecha: del 2 de febrero hasta 24 de febrero 
Horarios: de lunes a viernes de 9 de la mañana a 2 de la tarde 
y de 4 y media de la tarde a 9 y media de la noche 
Precio: gratis
Más información en:
...
Cuentacuentos en inglés para niños: The Bremen Town Musicians
Lugar: Teatro Principal de Alicante 
Fecha: sábado 12 de febrero 
Horario: a las 12 de la mañana
Precio: 5 euros
Más información en:

Cuentacuentos para niños: Un mar de historias 
Lugar: Castillo de Santa Bárbara 
Fecha: sábado 12 de febrero 
Horario: 11 y media de la mañana y 12 y media de la mañana
Precio: gratis
Más información en:
...
Cuentacuentos para niños: Quijotadas 
Lugar: Castillo de Santa Bárbara
Fecha: domingo 13 de febrero 
Horario: 11 y media de la mañana y 12 y media de la mañana
Precio: gratis
Más información en:
...
"
2488,FAC,"Agenda Cultural de Alicante del 3 de junio al 9 de junio

Hogueras

Evento: Pregón de Hogueras del artista de hogueras Pedro Espadero, la barraquera María José Sicuter y la foguera Chiqui Sánchez
Lugar: Balcón principal del Ayuntamiento de Alicante
Fecha: viernes 3 de junio
Hora: 9 de la noche

Evento: Mascletà de los Hermanos Sirvent
Lugar: Glorieta Alcalde Agatángelo Soler frente al centro comercial Gran Vía
Fecha: sábado 4 de junio
Hora: 2 de la tarde

Plaza Séneca

Evento: La Original Street Food Market, que es un mercado de comida en la calle
Lugar: Plaza Séneca
Fecha: del viernes 3 de junio al domingo 5 de junio
Horario: todo el día
Precio: gratis

Las cigarreras

Evento: Mercat Obert d’Alacant o MOA. Jornada cultural con arte, música, gastronomía y diseño
Lugar: Las Cigarreras
Fecha: viernes 3 de junio y sábado 4 de junio
Horario: todo el día
Precio: gratis

Evento: Libro y documental Las Cigarreras de Alicante. Presentación de proyectos de investigación sobre la Fábrica de Tabacos de Alicante
Lugar: Las Cigarreras
Fecha: sábado 4 de junio
Hora: 12 de la mañana
Precio: gratis

Castillo de Santa Bárbara

Evento: Concierto de Inma Serrano
Fecha: viernes 3 de junio
Hora: 9 y media de la noche
Precio: desde 14 euros y 50 céntimos

Evento: Concierto del grupo pop-rock Mailers
Fecha: sábado 4 de junio
Hora: 9 y media de la noche
Precio: desde 24 euros y 50 céntimos

Teatro Principal

Evento: Divina Cleopatra de Marc Rosich
Fecha: viernes 3 de junio
Hora: 8 y media de la tarde
Precio: Entre 12 y 25 euros

Evento: Concierto de Ismael Serrano
Fecha: miércoles 8 de junio
Hora: 8 y media de la tarde
Precio: entre 22 y 32 euros

Museo de Arte Contemporáneo de Alicante 

Evento: Actuación musical del Luzentum ensemble contemporáneo
Fecha: viernes 3 de junio
Hora: 6 y media de la tarde
Precio: gratis
"
2820,FAC,"Carrera contra el cáncer de páncreas en Alicante 
En enero de 2015 fue la primera carrera benéfica para la investigación del cáncer de páncreas que organizó el doctor de Alicante Enrique de Madaria. 
4 años después, la carrera contra el cáncer de páncreas, llamada la Carrera de las Ciudades, ha estado por 8 ciudades y poblaciones entre España e Italia.
La carrera volverá a pasar por Alicante el domino 8 de diciembre en la zona del Portal de Elche.
En la concejalía de Deportes han hecho las primeras reuniones de coordinación de la prueba, con previsiones de participación de unas 3 mil personas. 
Con la carrera han conseguido 355 mil euros para financiar 6 becas de investigación con el objetivo de mejorar el diagnóstico y los tratamientos del cáncer de páncreas. 
Para conseguir más información entra en la web de la Carrera de las Ciudades: 
Para apuntarte entra en la web del Grupo Brotons:
... 

"
4647,FAC,"Presentan la edición 2 del Festival Tercera Setmana

El concejal de Cultura Daniel Simón presenta la edición 2 del Festival Tercera Setmana acompañado por: 
el director del Festival Salva Bolta
la delegada territorial del Instituto Valenciano de Cultura en Alicante Alicia Garijo
la presidenta de AVETID que es la Associació D'Empreses D'Arts Escèniques del País Valencià Mª Ángeles Fayos
el director del Teatro Paco Sanguino
El Festival Tercera Setmana será del 8 al 18 de junio y este año tendrá:
44 compañías
12 espacios abiertos
60 representaciones
11 salas 
4 actuaciones en Alicante 
y otras actuaciones en Castellón
La programación del festival tendrá:
Teatro
Danza
Circo
Música
Talleres
Encuentros profesionales 
Programación del festival en Alicante: 
Fecha: jueves 8 de junio 
Hora: 7 y media de la tarde
Lugar: Plaza del Ayuntamiento
Organiza: la compañía Maduixa
Precio: gratis 
Fecha: viernes 9 de junio
Hora: 6 y media de la tarde
Lugar: Plaza del Ayuntamiento
Organiza: la compañía A Tempo Dansa
Precio: gratis 
Fecha: sábado 10 de junio
Hora: a las 12 de la mañana 
Lugar: Ágora del Principal en la Plaza Ruperto Chapí
Organiza: la compañía Produccions Scura 
Precio: gratis 

Fecha: domingo 11 de junio 
Hora: a las 8 de la tarde 
Lugar: Teatro Arniches
Organiza: Zircó Producciones con la obra Trío
Precio: 10 euros 
Puedes comprar tu entrada en: http://tickets.tercerasetmana.com/index.html 
"
2834,FAC,"El fin de semana plantan las Hogueras y barracas con normalidad

La Policía quitó más de mil petardos de la clase 1 y 2 que vendían en la calle el domingo por la tarde.
El concejal de Seguridad José Ramón González informa que el 18 y 19 de junio plantaron las Hogueras del 2022 con normalidad.
El SPEIS que es el Servicio de Prevención de Incendios y Salvamento revisa las Hogueras y todas están en buenas condiciones. 
La Hoguera de Carolina Bajas plantea cambiar el sitio.
Los bomberos comprobaron que todas las Hogueras cumplían con las normas 
de seguridad.  

La Policía Local despeja el tráfico para poder plantar las hogueras y barracas. El domingo a las 10 de la mañana la policía tuvo que intervenir porque unas personas rompieron los ninots de la Hoguera Oficial y fueron pilladas.

La Policía Local denunció la venta de petardos de clase 1 y 2 a menores sin estar permitido en Bola de Oro y Padre Esplá.
La Policía vigila estas ventas de petardos, juguetes, bisutería que no están permitidas por las calles.
También controla la bebida de alcohol por las calles porque no está permitido.

La Policía Local intervino en las siguientes Hogueras porque tenían la música muy alta:
En el Racó de la Hoguera Plá Hospital de la calle General Elizaicin.
En la Barraca Pica y Vola de la calle Segura.
En la Hoguera La Cerámica de la calle Martín Luther King.
El concejal de Seguridad recordó el dispositivo 0 coma 0 policial para evitar que las personas menores de 18 años beban alcohol durante las fiestas. 
El primer fin de semana fue sin multas por beber en las calles y muy tranquilo. Este dispositivo 0 coma 0 policial estará durante todas las fiestas."
1172,FAC,"En el centro de congresos de Elche se han entregado de premios del concurso de artesanía de la Palma Blanca número 62. Este concurso pretende conservar la tradición y el oficio del trenzado de Palma Blanca para el Domingo de Ramos. La celebración del Domingo de Ramos se ha declarado fiesta de interés turístico internacional. El alcalde de Elche, Carlos González y otros representantes municipales, han participado en el acto de entrega de premios.

Durante el evento, el alcalde ha destacado la importancia conservar la tradición y el oficio del trenzado de Palma Blanca. Además, ha felicitado a todos los participantes. También ha agradecido a Conchi Rodrigo, profesora del taller municipal de palma blanca, por mantener esta artesanía.

El presidente de la junta mayor de cofradías y hermandades de semana santa ha agradecido el apoyo del ayuntamiento para celebrar este taller municipal de artesanía de palma blanca y el concurso.

Por decisión del jurado se han repartido 24 premios y 28 premios especiales por valor de 7 mil 950 euros. 70 trabajos han participado en el concurso. Los premios se han dado en diferentes categorías, como: libre, formato intermedio, formato en miniatura, escuela taller intermedio y miniatura. Se han entregado también diplomas a todos los participantes.

El jurado del concurso estuvo compuesto por profesionales de varias profesiones, como periodismo, música y representantes encargados de la semana santa de Elche."
2572,FAC,"Concierto para convivir en Paz en la Explanada de Alicante

Stanislav Tkac violinista de Rusia y Petro Vassilevsky violinista de Ucrania harán un concierto llamado Concerto Grosso de Antonio Vivaldi.
El concierto ofrecido por la orquesta llamada Cámara Virtuós Mediterrani será en la Concha de la Explanada a las 12 de la mañana.
Con este concierto la concejalía de Cultura quiere dar un mensaje de esperanza y paz entre Rusia y Ucrania.
En el concierto podrán escuchar música de Handel, Vivaldi, Rameau y Brahms. 
La entrada será gratis hasta llenar el lugar.
Los 2 violinistas tocarán juntos para mostrar a todas las personas que no están a favor de la violencia y agresión. 
Ellos quieren enviar un mensaje de paz y hermandad con la música.
El músico número 3 del Concerto de Vivaldi será Romani Luis Cana que es un violoncelista cubano.
Gerardo Estrada Martínez que es director dice que escucharemos canciones que nos transmitirán paz y generarán belleza. Es música para cerrar los ojos y pensar en la paz en el mundo.
Virtuós Mediterrani
Es una orquesta creada en Alicante en 2020 en tiempos muy difíciles por la pandemia.
Esta orquesta ofrece muchos conciertos preciosos como el de la Concatedral de San Nicolás con Stabat Mater de Pergolesi en la Semana Santa del 2021.
El Maestro Gerardo Estrada Martínez es conocido en todo el mundo por dirigir grandes orquestas en más de 30 países del mundo.
La orquesta Virtuós Mediterrani tiene grandes músicos que tocan con valentía y pasión para obtener resultados muy positivos.
En sus conciertos tocan música clásica como la ópera de cámara, la música sacra y otros temas. Esta orquesta quiere crecer con nuevos músicos y así ofrecerles una oportunidad en el mundo de la música. 
"
1055,FAC,"El Patronato de Turismo, la Asociación de Campos de Golf de la Costa Blanca y la Comunitat Valenciana realizan una campaña de publicidad de Alicante como un destino turístico para las personas a las que les gusta el golf. La Cámara de Comercio de Alicante estudió en el año 2019 el dinero que generaba el golf en toda la provincia. Alicante tiene 5 campos de golf, Alicante Golf, Bonalba, Plantío, Alenda y Font del Llop. Casi todas las personas que visitan estos campos son extranjeros que no viven en Alicante y gastan el dinero en alojamiento, tiendas, restaurantes, alquiler de vehículos y ocio. El Ayuntamiento de Alicante considera los campos de golf un gran producto turístico. 
"
4130,FAC,"Visita al Archivo Municipal por alumnos de Publicidad
 El 19 de noviembre de 2018 los estudiantes de cuarto curso del Grado de Publicidad de la Universidad de Alicante visitaron el Archivo Municipal. La profesora María Dolores Fernández Poyatos acompañaba a los alumnos y realizaron una clase práctica, trabajando con documentos importantes para su asignatura de Historia de la Publicidad."
1104,FAC,"La junta de gobierno del Ayuntamiento de Alicante aprobó el proyecto para ampliar el centro deportivo municipal Arena en Playa de San Juan. La ampliación incluirá un campo de fútbol de césped artificial con vestuarios e iluminación. La empresa Alicante Arena S.A. se encargará de hacer la obra, con un presupuesto de 822 mil180 euros.

La empresa Arena Alicante S.A. recibió informes favorables de los departamentos municipales de economía, hacienda y urbanismo, y será esta empresa la que se ocupe de esa obra.

El campo de fútbol se construirá en una parcela municipal al lado del centro deportivo. Tendrá un terreno de juego de 90 por 48 metros y se pondrá césped artificial. Tendrá sistemas de evacuación de aguas, riego, iluminación, vestuarios, grada lateral de 2 alturas, valla y accesos. El presupuesto de la obra es de 822 mil 180 euros y hará en 3 meses.

Se instalarán porterías de aluminio para fútbol 11 y porterías para fútbol 7. También se colocarán redes y banderines en los corners. Las luces serán de bajo consumo y estarán en torres metálicas de 18 metros de altura. Se construirán 4 módulos de vestuarios."
3680,FAC,"Información Cultural de Alicante por WhatsApp
 El concejal de Cultura de Alicante Antonio Manresa anunció un nuevo servicio de información cultural por WhatsApp. Este servicio ayuda a los ciudadanos a conocer los eventos de ocio y cultura en Alicante.
 ¿Qué Ofrece?
 Enviarán noticias y datos sobre eventos organizados por la concejalía de Cultura. Enviarán un máximo de 5 mensajes por semana para evitar saturación.
 ¿Cómo puedes apuntarte?
 Guarda el número 638 354 724 en tu teléfono móvil
 Envía un mensaje de WhatsApp con la palabra ALTA al número 638 354 724
 Recibirás un mensaje de bienvenida
 ¿Cómo puedes darte de baja?
 Si deseas dejar de recibir mensajes, envía BAJA al número 638 354 724 y recibirás una confirmación.
 Más información
 Este servicio es solo para recibir información sobre eventos de ocio y cultura en Alicante. Para consultas generales del Ayuntamiento debes utilizar los canales oficiales en www.alicante.es."
828,FAC,"El concejal de Cultura de Elda Amado Navalón presentó el programa de actividades para celebrar el Día del Libro. Harán actividades con el lema Más libros, Más libres para fomentar la lectura en los niños y los adultos. Habrá cuentacuentos en la Biblioteca Municipal con lecturas para diferentes edades. También harán lecturas en grupo en la Sala Hemeroteca. El sábado 23 de abril será la Feria del Libro en la Plaza Castelar donde los autores de la ciudad venderán y firmarán libros. Ese día también habrá juegos para los niños.
"
3762,FAC,"Todos los partidos políticos del Ayuntamiento de Alicante aprueban dar la Medalla de la Ciudad al Instituto Jorge Juan
 El Pleno Municipal aprueba la propuesta del alcalde de Alicante de conceder la Medalla de la Ciudad al Instituto de Enseñanza Media Jorge Juan que cumple 175 años. Esta medalla es la máxima distinción que da el ayuntamiento. El instituto comenzó en el caserón La Asegurada en el año 1845 con 90 alumnos. Años más tarde cambiaron de edificio por que el caserón estaba en ruinas y los profesores en reunión aprobaron llamarlo Jorge Juan."
2615,FAC,"Edición 7 de la Carrera Popular de las Ciudades contra el Cáncer de Páncreas de Alicante
El domingo 21 de noviembre será la edición 7 de la Carrera Popular de las Ciudades contra el Cáncer de Páncreas de Alicante, organizan la carrera para dar dinero a la investigación del cáncer de páncreas. La salida será desde la Rambla de Méndez Núñez y tiene un recorrido de 5 kilómetros por el centro de la ciudad con diferentes categorías: General, Andarines e Infantiles. 
Puedes apuntarte en el siguiente enlace en: ...  También puedes apuntarte en Quiron Salud Alicante el sábado 20 de noviembre de 9 de la mañana a 1 y media de la tarde y el domingo 21 de 8 y media de la mañana a 9 y media de la mañana en La Explanada, cada participante recibirá un regalo en la meta.
"
1820,FAC,"Nuevo local para la Asociación de Amigos de Dominó de Elche
El alcalde de Elche, el concejal de Deportes, el concejal de Derechos Sociales, el concejal de Mayores y el alcalde de Arenales del Sol, inauguraron el nuevo local para la Asociación de Amigos de Dominó de Elche en el barrio del Raval. La Asociación de Amigos de dominó de Elche tiene 100 socios. El local lo dio la familia Oliver. En la inauguración estaban el presidente de la Asociación de Amigos de Dominó de Elche, la vicepresidenta de la Federación Valenciana de Dominó y más de 50 personas.
El edificio es cómodo y grande. Habrá una escuela de dominó y colaboraciones con la Asociación de Familiares de Personas con Alzheimer y asociaciones de mujeres.
El dominó es un juego interesante y muy bueno para el tiempo libre porque nos ayuda a pensar.
"
1212,FAC,"Carlos González alcalde de Elche y Marga Antón concejala de Cultura han recibido en la Alcaldía al senador francés Yan Chantrel, que visitó Elche acompañado por Renaud Leberre, consejero consular de Barcelona. Ese día hablaron sobre los lazos entre ambos países, la situación geopolítica internacional y los acontecimientos en Francia y España, unos días antes a las elecciones locales y autonómicas."
1322,FAC,"Manuel Catalán Chana y Manuel Palazón hicieron un concierto de música y lectura relacionado con la música de Joan Manuel Serrat y la canción francesa en el salón de actos del Ayuntamiento de Benidorm. Al concierto fueron el alcalde Toni Pérez y el concejal de Cultura Jaime Jesús Pérez. La primera parte del concierto estuvo dedicada a Joan Manuel Serrat con sus canciones más conocidas como Penélope, Lucía, Cantares o Paraules d’amor cantadas por Manuel Catalán Chana. Manuel Palazón comentaba durante el concierto y también cantó la canción Le llamaban Manuel de Joan Manuel Serrat. La otra parte del concierto fue sobre la canción francesa con canciones que son un recuerdo de hace muchos años de los cantantes: Charles Aznavour, Jacques Brel, Edith Piaf o George Moustaki. Estas canciones las cantó Manuel Catalán Chana. Manuel Palazón también cantó la canción de Brassen. Arsenio Perona tocó el piano y la profesora Rose Marie Speckens comentó las canciones de la parte número 2 del concierto."
1114,FAC,"Todo está listo para la 27 edición de la Media Maratón y 10K ""Aguas de Alicante"", que se llevará a cabo el domingo 19 de febrero. Participarán atletas de hasta 37 países diferentes. El plazo de inscripción para ambas carreras, organizadas por la Concejalía de Deportes del Ayuntamiento de Alicante, dirigida por José Luis Berenguer, en colaboración con el Club Atlético Montemar, finaliza el próximo domingo 12. Se espera alcanzar el límite de 2500 corredores. Hasta el momento, los atletas del Reino Unido encabezan la participación internacional, seguidos de Francia, Polonia y Estados Unidos.

Los recorridos de ambas distancias están homologados y serán supervisados por los jueces de la Real Federación Española de Atletismo, por lo que todas las marcas registradas en esta 27 edición serán oficiales.

La feria del corredor estará ubicada en el muelle 12, en la zona de la Ocean Race del Puerto, en ""El desembarco del Corredor"". Estará abierta el viernes 17 de febrero de 5 de la tarde a 8 de la tarde, y el sábado 18 de febrero de 10 de la mañana a 2 de la tarde y de 5 de la tarde a 8 de la tarde. Se podrán recoger los dorsales hasta media hora antes de la salida el domingo 19 de febrero.

Durante el recorrido, habrá animación gracias al concurso de animación entre todas las comisiones de hogueras y barracas. Este año se han aumentado el número de premios, con un total de 1500 euros.

Todos los participantes recibirán una camiseta reciclada con el diseño de la Explanada. Además, todos los que crucen la meta recibirán una medalla con la imagen de la Plaza de Toros.

La salida está programada para las 9 y media de la mañana con el himno de Alicante como señal de inicio."
3698,FAC,"El Castillo de Santa Bárbara vuelve a abrir
 El Castillo de Santa Bárbara vuelve a abrir después de estar cerrado por la pandemia. Aquí tienes la información necesaria:
 Aforo y Turnos
 300 personas por turno
 4 turnos por día
 Si todo va bien el aforo puede aumentar a 450 personas por turno
 Zonas Visitables
 Zona libre: Revellín del Bon Repós y Baluarte de Santa Ana
 Conjunto Monumental: Necesitas reservar por internet. La reserva es gratis.
 Horarios y Acceso
 Duración de cada turno: 1 hora y 50 minutos.
 Reservas:
 Castillo de Santa Bárbara: https://www.alicante.es/es/equipamientos/castillo-santa-barbara
 Reserva: https://citaprevia.alicante.es/CitaPrevia/#/pedirCita
 Acceso y Restricciones
 Entrada: Solo por la Calle Vázquez de Mella
 Ascensores y aparcamiento: Cerrados
 Recomendaciones de acceso peatonal:
 Por el Parque La Ereta: Muy bonitas vistas
 Por el Monte Benacantil: Vistas de la Playa del Postiguet y la montaña
 Vehículos Permitidos
 Carga y descarga: Taxis, VTC, personas con movilidad reducida, minibuses.
 Medidas de Seguridad
 La concejalía de Cultura puede tomar medidas adicionales para garantizar la seguridad. Sigue las indicaciones del personal del castillo."
